caller	callee	line	kind
apps/api/backtest_views.py	apps/api/contracts.py	21	static-import
apps/api/backtest_views.py	packages/persistence/backtest_workflow.py	33	static-import
apps/api/config.py	packages/adapters/broker/alpaca_paper_account_runtime.py	14	static-import
apps/api/config.py	packages/adapters/broker/alpaca_paper_account_runtime.py	57	static-import
apps/api/contracts.py	packages/domain/experiment_governance.py	23	static-import
apps/api/contracts.py	packages/domain/fixture_segment_worker.py	25	static-import
apps/api/contracts.py	packages/domain/models.py	29	static-import
apps/api/contracts.py	packages/domain/operational_control.py	36	static-import
apps/api/contracts.py	packages/domain/walking_thread.py	41	static-import
apps/api/data_views.py	apps/api/contracts.py	9	static-import
apps/api/data_views.py	packages/persistence/market_data.py	25	static-import
apps/api/experiment_views.py	apps/api/contracts.py	13	static-import
apps/api/experiment_views.py	packages/domain/experiment_governance.py	28	static-import
apps/api/experiment_views.py	packages/persistence/experiment_governance.py	33	static-import
apps/api/fixture_segment_views.py	apps/api/contracts.py	15	static-import
apps/api/fixture_segment_views.py	packages/domain/fixture_segment_worker.py	25	static-import
apps/api/fixture_segment_views.py	packages/persistence/experiment_governance.py	29	static-import
apps/api/fixture_segment_views.py	packages/persistence/fixture_segment_worker.py	30	static-import
apps/api/main.py	apps/api/backtest_views.py	15	static-import
apps/api/main.py	apps/api/config.py	22	static-import
apps/api/main.py	apps/api/contracts.py	23	static-import
apps/api/main.py	apps/api/data_views.py	49	static-import
apps/api/main.py	apps/api/experiment_views.py	54	static-import
apps/api/main.py	apps/api/fixture_segment_views.py	58	static-import
apps/api/main.py	apps/api/operations_dashboard_views.py	62	static-import
apps/api/main.py	apps/api/operations_views.py	66	static-import
apps/api/main.py	packages/application/backtest_worker.py	73	static-import
apps/api/main.py	packages/application/local_operations.py	74	static-import
apps/api/main.py	packages/domain/clock.py	78	static-import
apps/api/main.py	packages/domain/operational_control.py	79	static-import
apps/api/main.py	packages/domain/risk.py	80	static-import
apps/api/main.py	packages/domain/walking_thread.py	81	static-import
apps/api/main.py	packages/persistence/backtest_workflow.py	83	static-import
apps/api/main.py	packages/persistence/database.py	84	static-import
apps/api/main.py	packages/persistence/experiment_governance.py	90	static-import
apps/api/main.py	packages/persistence/fixture_segment_worker.py	94	static-import
apps/api/main.py	packages/persistence/local_operations.py	99	static-import
apps/api/main.py	packages/persistence/market_data.py	100	static-import
apps/api/main.py	packages/persistence/operational_control.py	101	static-import
apps/api/main.py	packages/persistence/risk.py	102	static-import
apps/api/main.py	packages/persistence/walking_thread.py	103	static-import
apps/api/operations_dashboard_views.py	apps/api/backtest_views.py	14	static-import
apps/api/operations_dashboard_views.py	apps/api/contracts.py	15	static-import
apps/api/operations_dashboard_views.py	packages/domain/clock.py	16	static-import
apps/api/operations_dashboard_views.py	packages/domain/models.py	17	static-import
apps/api/operations_dashboard_views.py	packages/domain/walking_thread.py	18	static-import
apps/api/operations_views.py	apps/api/backtest_views.py	14	static-import
apps/api/operations_views.py	apps/api/contracts.py	20	static-import
apps/api/operations_views.py	packages/application/local_operations.py	39	static-import
apps/api/operations_views.py	packages/domain/account_coordinator.py	44	static-import
apps/api/operations_views.py	packages/domain/operational_control.py	51	static-import
apps/api/operations_views.py	packages/persistence/advanced_risk.py	60	static-import
apps/runtime_stub.py	apps/api/config.py	11	static-import
apps/trader/main.py	packages/application/no_exposure_smoke_strategy.py	10	static-import
apps/trader/main.py	packages/application/paper_deployment.py	15	static-import
apps/trusted_time_supervisor/first_enrollment.py	apps/trusted_time_supervisor/config.py	16	static-import
apps/trusted_time_supervisor/first_enrollment.py	apps/trusted_time_supervisor/head_anchor_attempt.py	22	static-import
apps/trusted_time_supervisor/first_enrollment.py	apps/trusted_time_supervisor/head_anchor_config.py	30	static-import
apps/trusted_time_supervisor/first_enrollment.py	apps/trusted_time_supervisor/main.py	34	static-import
apps/trusted_time_supervisor/first_enrollment.py	packages/adapters/trusted_time/__init__.py	40	static-import
apps/trusted_time_supervisor/first_enrollment.py	packages/application/trusted_time_head_anchor_worker.py	41	static-import
apps/trusted_time_supervisor/first_enrollment.py	packages/domain/trusted_time_enrollment_evidence.py	45	static-import
apps/trusted_time_supervisor/first_enrollment.py	packages/persistence/database.py	51	static-import
apps/trusted_time_supervisor/first_enrollment.py	packages/persistence/trusted_time_head_anchor.py	52	static-import
apps/trusted_time_supervisor/head_anchor_attempt.py	apps/trusted_time_supervisor/head_anchor_config.py	20	static-import
apps/trusted_time_supervisor/head_anchor_attempt.py	packages/application/trusted_time_head_anchor.py	23	static-import
apps/trusted_time_supervisor/head_anchor_attempt.py	packages/application/trusted_time_head_anchor_clean_stop.py	44	static-import
apps/trusted_time_supervisor/head_anchor_attempt.py	packages/application/trusted_time_head_anchor_worker.py	48	static-import
apps/trusted_time_supervisor/head_anchor_attempt.py	packages/domain/trusted_time_enrollment_evidence.py	55	static-import
apps/trusted_time_supervisor/head_anchor_attempt.py	packages/persistence/trusted_time_head_anchor.py	58	static-import
apps/trusted_time_supervisor/head_anchor_config.py	apps/trusted_time_supervisor/config.py	17	static-import
apps/trusted_time_supervisor/head_anchor_config.py	packages/adapters/trusted_time/ed25519_anchor.py	21	static-import
apps/trusted_time_supervisor/head_anchor_config.py	packages/adapters/trusted_time/supabase_storage_anchor.py	26	static-import
apps/trusted_time_supervisor/head_anchor_config.py	packages/application/trusted_time_head_anchor.py	29	static-import
apps/trusted_time_supervisor/head_anchor_worker.py	packages/application/durable_trusted_time_monitor.py	11	static-import
apps/trusted_time_supervisor/head_anchor_worker.py	packages/application/trusted_time_head_anchor.py	12	static-import
apps/trusted_time_supervisor/head_anchor_worker.py	packages/application/trusted_time_head_anchor_clean_stop.py	15	static-import
apps/trusted_time_supervisor/head_anchor_worker.py	packages/application/trusted_time_head_anchor_worker.py	18	static-import
apps/trusted_time_supervisor/image_schema_contract.py	packages/persistence/schema.py	7	static-import
apps/trusted_time_supervisor/main.py	apps/trusted_time_supervisor/config.py	17	static-import
apps/trusted_time_supervisor/main.py	apps/trusted_time_supervisor/head_anchor_attempt.py	28	static-import
apps/trusted_time_supervisor/main.py	apps/trusted_time_supervisor/head_anchor_config.py	33	static-import
apps/trusted_time_supervisor/main.py	apps/trusted_time_supervisor/head_anchor_worker.py	43	static-import
apps/trusted_time_supervisor/main.py	apps/trusted_time_supervisor/post_enrollment_release.py	48	static-import
apps/trusted_time_supervisor/main.py	apps/trusted_time_supervisor/post_enrollment_sequence_two_ready.py	53	static-import
apps/trusted_time_supervisor/main.py	packages/adapters/trusted_time/__init__.py	57	static-import
apps/trusted_time_supervisor/main.py	packages/application/durable_trusted_time_monitor.py	62	static-import
apps/trusted_time_supervisor/main.py	packages/application/trusted_time_head_anchor_worker.py	66	static-import
apps/trusted_time_supervisor/main.py	packages/application/trusted_time_supervisor.py	70	static-import
apps/trusted_time_supervisor/main.py	packages/persistence/database.py	76	static-import
apps/trusted_time_supervisor/main.py	packages/persistence/trusted_time.py	77	static-import
apps/trusted_time_supervisor/main.py	packages/persistence/trusted_time_head_anchor.py	78	static-import
apps/trusted_time_supervisor/post_enrollment_read_probes.py	packages/adapters/trusted_time/_owned_file_descriptor.py	11	static-import
apps/trusted_time_supervisor/post_enrollment_release.py	apps/trusted_time_supervisor/config.py	17	static-import
apps/trusted_time_supervisor/post_enrollment_release.py	apps/trusted_time_supervisor/post_enrollment_sequence_two_ready.py	20	static-import
apps/trusted_time_supervisor/post_enrollment_runtime_state.py	apps/trusted_time_supervisor/config.py	12	static-import
apps/trusted_time_supervisor/post_enrollment_runtime_state.py	packages/adapters/trusted_time/_owned_file_descriptor.py	15	static-import
apps/trusted_time_supervisor/post_enrollment_sequence_two_ready.py	apps/trusted_time_supervisor/config.py	12	static-import
apps/trusted_time_supervisor/post_enrollment_start.py	apps/trusted_time_supervisor/head_anchor_attempt.py	5	static-import
apps/trusted_time_supervisor/post_enrollment_start.py	packages/domain/trusted_time_enrollment_evidence.py	9	static-import
apps/trusted_time_supervisor/post_enrollment_start.py	packages/domain/trusted_time_post_enrollment_start.py	12	static-import
apps/worker/main.py	apps/api/config.py	10	static-import
apps/worker/main.py	packages/application/backtest_worker.py	11	static-import
apps/worker/main.py	packages/application/market_data_ingestion.py	15	static-import
apps/worker/main.py	packages/persistence/backtest_workflow.py	17	static-import
apps/worker/main.py	packages/persistence/database.py	18	static-import
migrations/env.py	packages/persistence/schema.py	12	static-import
packages/adapters/broker/__init__.py	packages/adapters/broker/alpaca_paper.py	3	static-import
packages/adapters/broker/__init__.py	packages/adapters/broker/alpaca_paper_account_activities.py	18	static-import
packages/adapters/broker/__init__.py	packages/adapters/broker/alpaca_paper_account_activity_comparison.py	43	static-import
packages/adapters/broker/__init__.py	packages/adapters/broker/alpaca_paper_account_assets.py	54	static-import
packages/adapters/broker/__init__.py	packages/adapters/broker/alpaca_paper_budget.py	79	static-import
packages/adapters/broker/__init__.py	packages/adapters/broker/alpaca_paper_inbox.py	85	static-import
packages/adapters/broker/__init__.py	packages/adapters/broker/alpaca_paper_ingress.py	91	static-import
packages/adapters/broker/__init__.py	packages/adapters/broker/alpaca_paper_observations.py	105	static-import
packages/adapters/broker/__init__.py	packages/adapters/broker/alpaca_paper_order_snapshot_comparison.py	118	static-import
packages/adapters/broker/__init__.py	packages/adapters/broker/alpaca_paper_order_snapshots.py	129	static-import
packages/adapters/broker/__init__.py	packages/adapters/broker/alpaca_paper_position_snapshot_comparison.py	148	static-import
packages/adapters/broker/__init__.py	packages/adapters/broker/alpaca_paper_positions.py	159	static-import
packages/adapters/broker/__init__.py	packages/adapters/broker/alpaca_paper_preflight.py	177	static-import
packages/adapters/broker/__init__.py	packages/adapters/broker/alpaca_paper_reconciliation.py	188	static-import
packages/adapters/broker/__init__.py	packages/adapters/broker/etrade_oauth.py	268	static-import
packages/adapters/broker/alpaca_paper.py	packages/domain/models.py	20	static-import
packages/adapters/broker/alpaca_paper.py	packages/domain/submission_attempt.py	21	static-import
packages/adapters/broker/alpaca_paper_account_activities.py	packages/adapters/broker/alpaca_paper.py	26	static-import
packages/adapters/broker/alpaca_paper_account_activities.py	packages/adapters/broker/alpaca_paper_budget.py	37	static-import
packages/adapters/broker/alpaca_paper_account_activities.py	packages/domain/broker_ingress.py	41	static-import
packages/adapters/broker/alpaca_paper_account_activities.py	packages/domain/models.py	54	static-import
packages/adapters/broker/alpaca_paper_account_activity_comparison.py	packages/adapters/broker/alpaca_paper.py	18	static-import
packages/adapters/broker/alpaca_paper_account_activity_comparison.py	packages/adapters/broker/alpaca_paper_account_activities.py	23	static-import
packages/adapters/broker/alpaca_paper_account_activity_runtime.py	packages/adapters/broker/alpaca_paper.py	25	static-import
packages/adapters/broker/alpaca_paper_account_activity_runtime.py	packages/adapters/broker/alpaca_paper_account_activities.py	32	static-import
packages/adapters/broker/alpaca_paper_account_activity_runtime.py	packages/adapters/broker/alpaca_paper_account_runtime.py	43	static-import
packages/adapters/broker/alpaca_paper_account_activity_runtime.py	packages/adapters/broker/alpaca_paper_budget.py	55	static-import
packages/adapters/broker/alpaca_paper_account_activity_runtime.py	packages/domain/account_coordinator.py	58	static-import
packages/adapters/broker/alpaca_paper_account_activity_runtime.py	packages/domain/broker_ingress.py	63	static-import
packages/adapters/broker/alpaca_paper_account_activity_runtime.py	packages/domain/clock.py	73	static-import
packages/adapters/broker/alpaca_paper_account_activity_runtime.py	packages/domain/models.py	75	static-import
packages/adapters/broker/alpaca_paper_account_assets.py	packages/adapters/broker/alpaca_paper.py	23	static-import
packages/adapters/broker/alpaca_paper_account_assets.py	packages/domain/models.py	34	static-import
packages/adapters/broker/alpaca_paper_account_runtime.py	packages/adapters/broker/alpaca_paper.py	27	static-import
packages/adapters/broker/alpaca_paper_account_runtime.py	packages/adapters/broker/alpaca_paper_account_assets.py	35	static-import
packages/adapters/broker/alpaca_paper_account_runtime.py	packages/adapters/broker/alpaca_paper_budget.py	39	static-import
packages/adapters/broker/alpaca_paper_account_runtime.py	packages/adapters/broker/alpaca_paper_ingress.py	44	static-import
packages/adapters/broker/alpaca_paper_account_runtime.py	packages/domain/account_coordinator.py	48	static-import
packages/adapters/broker/alpaca_paper_account_runtime.py	packages/domain/broker_ingress.py	53	static-import
packages/adapters/broker/alpaca_paper_account_runtime.py	packages/domain/clock.py	66	static-import
packages/adapters/broker/alpaca_paper_account_runtime.py	packages/domain/models.py	68	static-import
packages/adapters/broker/alpaca_paper_asset_runtime.py	packages/adapters/broker/alpaca_paper.py	21	static-import
packages/adapters/broker/alpaca_paper_asset_runtime.py	packages/adapters/broker/alpaca_paper_account_assets.py	30	static-import
packages/adapters/broker/alpaca_paper_asset_runtime.py	packages/adapters/broker/alpaca_paper_account_runtime.py	38	static-import
packages/adapters/broker/alpaca_paper_asset_runtime.py	packages/adapters/broker/alpaca_paper_budget.py	50	static-import
packages/adapters/broker/alpaca_paper_asset_runtime.py	packages/adapters/broker/alpaca_paper_ingress.py	55	static-import
packages/adapters/broker/alpaca_paper_asset_runtime.py	packages/domain/account_coordinator.py	59	static-import
packages/adapters/broker/alpaca_paper_asset_runtime.py	packages/domain/broker_ingress.py	64	static-import
packages/adapters/broker/alpaca_paper_asset_runtime.py	packages/domain/clock.py	77	static-import
packages/adapters/broker/alpaca_paper_asset_runtime.py	packages/domain/models.py	79	static-import
packages/adapters/broker/alpaca_paper_budget.py	packages/adapters/broker/alpaca_paper.py	15	static-import
packages/adapters/broker/alpaca_paper_inbox.py	packages/adapters/broker/alpaca_paper.py	11	static-import
packages/adapters/broker/alpaca_paper_inbox.py	packages/domain/broker_inbox.py	15	static-import
packages/adapters/broker/alpaca_paper_inbox.py	packages/domain/broker_reconciliation.py	23	static-import
packages/adapters/broker/alpaca_paper_ingress.py	packages/adapters/broker/alpaca_paper.py	8	static-import
packages/adapters/broker/alpaca_paper_ingress.py	packages/adapters/broker/alpaca_paper_account_assets.py	12	static-import
packages/adapters/broker/alpaca_paper_ingress.py	packages/adapters/broker/alpaca_paper_observations.py	21	static-import
packages/adapters/broker/alpaca_paper_ingress.py	packages/domain/broker_ingress.py	27	static-import
packages/adapters/broker/alpaca_paper_lookup_runtime.py	packages/adapters/broker/alpaca_paper.py	25	static-import
packages/adapters/broker/alpaca_paper_lookup_runtime.py	packages/adapters/broker/alpaca_paper_account_runtime.py	33	static-import
packages/adapters/broker/alpaca_paper_lookup_runtime.py	packages/adapters/broker/alpaca_paper_asset_runtime.py	45	static-import
packages/adapters/broker/alpaca_paper_lookup_runtime.py	packages/adapters/broker/alpaca_paper_budget.py	48	static-import
packages/adapters/broker/alpaca_paper_lookup_runtime.py	packages/adapters/broker/alpaca_paper_ingress.py	53	static-import
packages/adapters/broker/alpaca_paper_lookup_runtime.py	packages/adapters/broker/alpaca_paper_observations.py	58	static-import
packages/adapters/broker/alpaca_paper_lookup_runtime.py	packages/domain/account_coordinator.py	64	static-import
packages/adapters/broker/alpaca_paper_lookup_runtime.py	packages/domain/broker_ingress.py	69	static-import
packages/adapters/broker/alpaca_paper_lookup_runtime.py	packages/domain/clock.py	85	static-import
packages/adapters/broker/alpaca_paper_lookup_runtime.py	packages/domain/models.py	87	static-import
packages/adapters/broker/alpaca_paper_lookup_runtime.py	packages/domain/submission_attempt.py	88	static-import
packages/adapters/broker/alpaca_paper_observations.py	packages/adapters/broker/alpaca_paper.py	23	static-import
packages/adapters/broker/alpaca_paper_observations.py	packages/domain/models.py	38	static-import
packages/adapters/broker/alpaca_paper_order_snapshot_comparison.py	packages/adapters/broker/alpaca_paper.py	18	static-import
packages/adapters/broker/alpaca_paper_order_snapshot_comparison.py	packages/adapters/broker/alpaca_paper_order_snapshots.py	19	static-import
packages/adapters/broker/alpaca_paper_order_snapshot_runtime.py	packages/adapters/broker/alpaca_paper.py	23	static-import
packages/adapters/broker/alpaca_paper_order_snapshot_runtime.py	packages/adapters/broker/alpaca_paper_account_runtime.py	30	static-import
packages/adapters/broker/alpaca_paper_order_snapshot_runtime.py	packages/adapters/broker/alpaca_paper_budget.py	42	static-import
packages/adapters/broker/alpaca_paper_order_snapshot_runtime.py	packages/adapters/broker/alpaca_paper_order_snapshots.py	45	static-import
packages/adapters/broker/alpaca_paper_order_snapshot_runtime.py	packages/domain/account_coordinator.py	56	static-import
packages/adapters/broker/alpaca_paper_order_snapshot_runtime.py	packages/domain/broker_ingress.py	61	static-import
packages/adapters/broker/alpaca_paper_order_snapshot_runtime.py	packages/domain/clock.py	71	static-import
packages/adapters/broker/alpaca_paper_order_snapshot_runtime.py	packages/domain/models.py	73	static-import
packages/adapters/broker/alpaca_paper_order_snapshots.py	packages/adapters/broker/alpaca_paper.py	22	static-import
packages/adapters/broker/alpaca_paper_order_snapshots.py	packages/adapters/broker/alpaca_paper_budget.py	31	static-import
packages/adapters/broker/alpaca_paper_order_snapshots.py	packages/adapters/broker/alpaca_paper_observations.py	35	static-import
packages/adapters/broker/alpaca_paper_order_snapshots.py	packages/domain/broker_ingress.py	40	static-import
packages/adapters/broker/alpaca_paper_order_snapshots.py	packages/domain/models.py	53	static-import
packages/adapters/broker/alpaca_paper_position_snapshot_comparison.py	packages/adapters/broker/alpaca_paper.py	17	static-import
packages/adapters/broker/alpaca_paper_position_snapshot_comparison.py	packages/adapters/broker/alpaca_paper_positions.py	21	static-import
packages/adapters/broker/alpaca_paper_position_snapshot_runtime.py	packages/adapters/broker/alpaca_paper.py	25	static-import
packages/adapters/broker/alpaca_paper_position_snapshot_runtime.py	packages/adapters/broker/alpaca_paper_account_runtime.py	32	static-import
packages/adapters/broker/alpaca_paper_position_snapshot_runtime.py	packages/adapters/broker/alpaca_paper_budget.py	44	static-import
packages/adapters/broker/alpaca_paper_position_snapshot_runtime.py	packages/adapters/broker/alpaca_paper_positions.py	49	static-import
packages/adapters/broker/alpaca_paper_position_snapshot_runtime.py	packages/domain/account_coordinator.py	56	static-import
packages/adapters/broker/alpaca_paper_position_snapshot_runtime.py	packages/domain/broker_ingress.py	61	static-import
packages/adapters/broker/alpaca_paper_position_snapshot_runtime.py	packages/domain/clock.py	71	static-import
packages/adapters/broker/alpaca_paper_position_snapshot_runtime.py	packages/domain/models.py	73	static-import
packages/adapters/broker/alpaca_paper_positions.py	packages/adapters/broker/alpaca_paper.py	25	static-import
packages/adapters/broker/alpaca_paper_positions.py	packages/adapters/broker/alpaca_paper_account_assets.py	33	static-import
packages/adapters/broker/alpaca_paper_positions.py	packages/domain/broker_ingress.py	37	static-import
packages/adapters/broker/alpaca_paper_positions.py	packages/domain/models.py	46	static-import
packages/adapters/broker/alpaca_paper_preflight.py	packages/adapters/broker/alpaca_paper.py	16	static-import
packages/adapters/broker/alpaca_paper_preflight.py	packages/adapters/broker/alpaca_paper_account_assets.py	22	static-import
packages/adapters/broker/alpaca_paper_preflight.py	packages/adapters/broker/alpaca_paper_budget.py	26	static-import
packages/adapters/broker/alpaca_paper_preflight.py	packages/adapters/broker/alpaca_paper_ingress.py	31	static-import
packages/adapters/broker/alpaca_paper_preflight.py	packages/domain/account_coordinator.py	35	static-import
packages/adapters/broker/alpaca_paper_preflight.py	packages/domain/batch_risk.py	36	static-import
packages/adapters/broker/alpaca_paper_preflight.py	packages/domain/models.py	54	static-import
packages/adapters/broker/alpaca_paper_preflight.py	packages/domain/submission_attempt.py	55	static-import
packages/adapters/broker/alpaca_paper_reconciliation.py	packages/adapters/broker/alpaca_paper.py	11	static-import
packages/adapters/broker/alpaca_paper_reconciliation.py	packages/adapters/broker/alpaca_paper_ingress.py	16	static-import
packages/adapters/broker/alpaca_paper_reconciliation.py	packages/adapters/broker/alpaca_paper_lookup_runtime.py	21	static-import
packages/adapters/broker/alpaca_paper_reconciliation.py	packages/adapters/broker/alpaca_paper_observations.py	25	static-import
packages/adapters/broker/alpaca_paper_reconciliation.py	packages/domain/broker_reconciliation.py	30	static-import
packages/adapters/trusted_time/__init__.py	packages/adapters/trusted_time/chrony_nts.py	3	static-import
packages/adapters/trusted_time/__init__.py	packages/adapters/trusted_time/ed25519_anchor.py	13	static-import
packages/adapters/trusted_time/__init__.py	packages/adapters/trusted_time/supabase_storage_anchor.py	20	static-import
packages/adapters/trusted_time/_lifecycle_v2_artifact_store.py	packages/adapters/trusted_time/_owned_file_descriptor.py	18	static-import
packages/adapters/trusted_time/_lifecycle_v2_artifact_store.py	packages/domain/trusted_time_graceful_stop_v2.py	34	static-import
packages/adapters/trusted_time/_lifecycle_v2_artifact_store.py	packages/persistence/trusted_time_graceful_stop_v2.py	38	static-import
packages/adapters/trusted_time/chrony_nts.py	packages/application/trusted_time_monitor.py	29	static-import
packages/adapters/trusted_time/ed25519_graceful_stop_operator_attestation.py	packages/domain/trusted_time_post_enrollment_graceful_stop_operator_attestation.py	19	static-import
packages/adapters/trusted_time/ed25519_graceful_stop_operator_attestation.py	packages/domain/trusted_time_post_enrollment_graceful_stop_operator_authority.py	28	static-import
packages/adapters/trusted_time/ed25519_operator_attestation.py	packages/domain/trusted_time_post_enrollment_operator_attestation.py	17	static-import
packages/adapters/trusted_time/ed25519_operator_attestation.py	packages/domain/trusted_time_post_enrollment_operator_authority.py	26	static-import
packages/adapters/trusted_time/graceful_stop_v2_ed25519.py	packages/domain/trusted_time_graceful_stop_v2.py	20	static-import
packages/adapters/trusted_time/graceful_stop_v2_ed25519.py	packages/domain/trusted_time_graceful_stop_v2_recovery.py	39	static-import
packages/adapters/trusted_time/graceful_stop_v2_ed25519.py	packages/domain/trusted_time_graceful_stop_v2_terminal.py	46	static-import
packages/adapters/trusted_time/graceful_stop_v2_ed25519.py	packages/domain/trusted_time_graceful_stop_v2_transport.py	52	static-import
packages/adapters/trusted_time/graceful_stop_v2_reauthentication.py	packages/domain/trusted_time_graceful_stop_v2.py	17	static-import
packages/adapters/trusted_time/graceful_stop_v2_reauthentication.py	packages/domain/trusted_time_graceful_stop_v2_lifecycle_semantics.py	18	static-import
packages/adapters/trusted_time/graceful_stop_v2_reauthentication.py	packages/domain/trusted_time_graceful_stop_v2_reauthentication.py	21	static-import
packages/adapters/trusted_time/graceful_stop_v2_reauthentication.py	scripts/trusted_time_post_enrollment_clean_stop_terminal_reauthentication.py	31	static-import
packages/adapters/trusted_time/supabase_storage_anchor.py	packages/application/trusted_time_head_anchor.py	18	static-import
packages/application/alpaca_paper_account_activity_comparison.py	packages/adapters/broker/alpaca_paper_account_activities.py	21	static-import
packages/application/alpaca_paper_account_activity_comparison.py	packages/adapters/broker/alpaca_paper_account_activity_comparison.py	25	static-import
packages/application/alpaca_paper_account_activity_comparison.py	packages/adapters/broker/alpaca_paper_account_activity_runtime.py	37	static-import
packages/application/alpaca_paper_account_activity_comparison.py	packages/domain/account_coordinator.py	44	static-import
packages/application/alpaca_paper_account_activity_supervisor.py	packages/adapters/broker/alpaca_paper_account_activities.py	19	static-import
packages/application/alpaca_paper_account_activity_supervisor.py	packages/adapters/broker/alpaca_paper_account_activity_comparison.py	24	static-import
packages/application/alpaca_paper_account_activity_supervisor.py	packages/adapters/broker/alpaca_paper_account_activity_runtime.py	28	static-import
packages/application/alpaca_paper_account_activity_supervisor.py	packages/application/alpaca_paper_account_activity_comparison.py	34	static-import
packages/application/alpaca_paper_account_activity_supervisor.py	packages/domain/account_coordinator.py	42	static-import
packages/application/alpaca_paper_account_activity_supervisor.py	packages/domain/clock.py	44	static-import
packages/application/alpaca_paper_account_activity_supervisor.py	packages/domain/models.py	46	static-import
packages/application/alpaca_paper_order_snapshot_comparison.py	packages/adapters/broker/alpaca_paper_order_snapshot_comparison.py	19	static-import
packages/application/alpaca_paper_order_snapshot_comparison.py	packages/adapters/broker/alpaca_paper_order_snapshot_runtime.py	31	static-import
packages/application/alpaca_paper_order_snapshot_comparison.py	packages/adapters/broker/alpaca_paper_order_snapshots.py	37	static-import
packages/application/alpaca_paper_order_snapshot_comparison.py	packages/domain/account_coordinator.py	41	static-import
packages/application/alpaca_paper_order_view_runtime.py	packages/adapters/broker/alpaca_paper_order_snapshot_runtime.py	23	static-import
packages/application/alpaca_paper_order_view_runtime.py	packages/adapters/broker/alpaca_paper_order_snapshots.py	33	static-import
packages/application/alpaca_paper_order_view_runtime.py	packages/application/alpaca_paper_order_view_supervisor.py	37	static-import
packages/application/alpaca_paper_order_view_runtime.py	packages/application/alpaca_paper_order_view_transition.py	48	static-import
packages/application/alpaca_paper_order_view_runtime.py	packages/domain/account_coordinator.py	58	static-import
packages/application/alpaca_paper_order_view_runtime.py	packages/domain/clock.py	65	static-import
packages/application/alpaca_paper_order_view_runtime.py	packages/domain/models.py	67	static-import
packages/application/alpaca_paper_order_view_supervisor.py	packages/adapters/broker/alpaca_paper_order_snapshot_comparison.py	22	static-import
packages/application/alpaca_paper_order_view_supervisor.py	packages/adapters/broker/alpaca_paper_order_snapshot_runtime.py	25	static-import
packages/application/alpaca_paper_order_view_supervisor.py	packages/adapters/broker/alpaca_paper_order_snapshots.py	32	static-import
packages/application/alpaca_paper_order_view_supervisor.py	packages/application/alpaca_paper_order_snapshot_comparison.py	38	static-import
packages/application/alpaca_paper_order_view_supervisor.py	packages/domain/account_coordinator.py	46	static-import
packages/application/alpaca_paper_order_view_supervisor.py	packages/domain/clock.py	48	static-import
packages/application/alpaca_paper_order_view_supervisor.py	packages/domain/models.py	50	static-import
packages/application/alpaca_paper_order_view_transition.py	packages/adapters/broker/alpaca_paper_order_snapshot_comparison.py	17	static-import
packages/application/alpaca_paper_order_view_transition.py	packages/adapters/broker/alpaca_paper_order_snapshot_runtime.py	20	static-import
packages/application/alpaca_paper_order_view_transition.py	packages/adapters/broker/alpaca_paper_order_snapshots.py	26	static-import
packages/application/alpaca_paper_order_view_transition.py	packages/domain/account_coordinator.py	32	static-import
packages/application/alpaca_paper_position_snapshot_comparison.py	packages/adapters/broker/alpaca_paper_position_snapshot_comparison.py	19	static-import
packages/application/alpaca_paper_position_snapshot_comparison.py	packages/adapters/broker/alpaca_paper_position_snapshot_runtime.py	28	static-import
packages/application/alpaca_paper_position_snapshot_comparison.py	packages/domain/account_coordinator.py	34	static-import
packages/application/alpaca_paper_position_view_runtime.py	packages/adapters/broker/alpaca_paper_position_snapshot_runtime.py	23	static-import
packages/application/alpaca_paper_position_view_runtime.py	packages/application/alpaca_paper_position_view_supervisor.py	32	static-import
packages/application/alpaca_paper_position_view_runtime.py	packages/application/alpaca_paper_position_view_transition.py	43	static-import
packages/application/alpaca_paper_position_view_runtime.py	packages/domain/account_coordinator.py	53	static-import
packages/application/alpaca_paper_position_view_runtime.py	packages/domain/clock.py	60	static-import
packages/application/alpaca_paper_position_view_runtime.py	packages/domain/models.py	62	static-import
packages/application/alpaca_paper_position_view_supervisor.py	packages/adapters/broker/alpaca_paper_position_snapshot_comparison.py	22	static-import
packages/application/alpaca_paper_position_view_supervisor.py	packages/adapters/broker/alpaca_paper_position_snapshot_runtime.py	26	static-import
packages/application/alpaca_paper_position_view_supervisor.py	packages/application/alpaca_paper_position_snapshot_comparison.py	33	static-import
packages/application/alpaca_paper_position_view_supervisor.py	packages/domain/account_coordinator.py	44	static-import
packages/application/alpaca_paper_position_view_supervisor.py	packages/domain/clock.py	46	static-import
packages/application/alpaca_paper_position_view_supervisor.py	packages/domain/models.py	48	static-import
packages/application/alpaca_paper_position_view_transition.py	packages/adapters/broker/alpaca_paper_position_snapshot_comparison.py	19	static-import
packages/application/alpaca_paper_position_view_transition.py	packages/adapters/broker/alpaca_paper_position_snapshot_runtime.py	22	static-import
packages/application/alpaca_paper_position_view_transition.py	packages/domain/account_coordinator.py	29	static-import
packages/application/alpaca_paper_reconciliation_normalization.py	packages/adapters/broker/alpaca_paper.py	13	static-import
packages/application/alpaca_paper_reconciliation_normalization.py	packages/adapters/broker/alpaca_paper_ingress.py	17	static-import
packages/application/alpaca_paper_reconciliation_normalization.py	packages/adapters/broker/alpaca_paper_lookup_runtime.py	20	static-import
packages/application/alpaca_paper_reconciliation_normalization.py	packages/adapters/broker/alpaca_paper_observations.py	23	static-import
packages/application/alpaca_paper_reconciliation_normalization.py	packages/adapters/broker/alpaca_paper_reconciliation.py	27	static-import
packages/application/alpaca_paper_reconciliation_normalization.py	packages/domain/broker_ingress.py	30	static-import
packages/application/alpaca_paper_reconciliation_normalization.py	packages/domain/broker_reconciliation.py	31	static-import
packages/application/alpaca_paper_reconciliation_normalization.py	packages/domain/submission_attempt.py	35	static-import
packages/application/alpaca_paper_unknown_recovery.py	packages/adapters/broker/alpaca_paper_lookup_runtime.py	17	static-import
packages/application/alpaca_paper_unknown_recovery.py	packages/domain/account_coordinator.py	20	static-import
packages/application/alpaca_paper_unknown_recovery.py	packages/domain/unknown_submission_recovery.py	21	static-import
packages/application/alpaca_paper_unknown_recovery_pipeline.py	packages/adapters/broker/alpaca_paper_lookup_runtime.py	22	static-import
packages/application/alpaca_paper_unknown_recovery_pipeline.py	packages/application/alpaca_paper_reconciliation_normalization.py	25	static-import
packages/application/alpaca_paper_unknown_recovery_pipeline.py	packages/application/alpaca_paper_unknown_recovery.py	31	static-import
packages/application/alpaca_paper_unknown_recovery_pipeline.py	packages/application/broker_inbox_admission.py	38	static-import
packages/application/alpaca_paper_unknown_recovery_pipeline.py	packages/domain/account_coordinator.py	41	static-import
packages/application/alpaca_paper_unknown_recovery_pipeline.py	packages/domain/broker_inbox.py	42	static-import
packages/application/alpaca_paper_unknown_recovery_pipeline.py	packages/domain/broker_reconciliation.py	46	static-import
packages/application/alpaca_paper_unknown_recovery_pipeline.py	packages/domain/unknown_submission_recovery.py	50	static-import
packages/application/backtest_worker.py	packages/backtest/golden_runner.py	9	static-import
packages/application/backtest_worker.py	packages/persistence/backtest_workflow.py	19	static-import
packages/application/broker_inbox_admission.py	packages/adapters/broker/alpaca_paper_inbox.py	8	static-import
packages/application/broker_inbox_admission.py	packages/domain/broker_inbox.py	12	static-import
packages/application/broker_inbox_admission.py	packages/domain/broker_reconciliation.py	17	static-import
packages/application/critical_alert_atomic_worker.py	packages/application/critical_alert_supervisor_failure_control.py	35	static-import
packages/application/critical_alert_atomic_worker.py	packages/domain/operational_control.py	51	static-import
packages/application/critical_alert_scheduler.py	packages/domain/operational_control.py	46	static-import
packages/application/critical_alert_supervisor_failure_control.py	packages/domain/operational_control.py	33	static-import
packages/application/durable_supervised_strategy.py	packages/domain/account_coordinator.py	7	static-import
packages/application/durable_supervised_strategy.py	packages/domain/market_batch.py	8	static-import
packages/application/durable_supervised_strategy.py	packages/domain/strategy_invocation_lifecycle.py	9	static-import
packages/application/durable_supervised_strategy.py	packages/domain/strategy_supervision.py	17	static-import
packages/application/durable_trusted_time_monitor.py	packages/application/trusted_time_monitor.py	15	static-import
packages/application/durable_trusted_time_monitor.py	packages/domain/trusted_time.py	23	static-import
packages/application/etrade_oauth_token_runtime.py	packages/adapters/broker/etrade_oauth.py	33	static-import
packages/application/etrade_oauth_token_runtime.py	packages/persistence/etrade_oauth_coordinator.py	59	static-import
packages/application/fixture_segment_economics.py	packages/domain/feature_target.py	24	static-import
packages/application/fixture_segment_economics.py	packages/domain/fixture_segment_economics.py	25	static-import
packages/application/fixture_segment_economics.py	packages/domain/fixture_segment_worker.py	46	static-import
packages/application/fixture_segment_worker.py	packages/domain/experiment_governance.py	8	static-import
packages/application/fixture_segment_worker.py	packages/domain/feature.py	9	static-import
packages/application/fixture_segment_worker.py	packages/domain/feature_target_replay.py	10	static-import
packages/application/fixture_segment_worker.py	packages/domain/fixture_segment_worker.py	11	static-import
packages/application/fixture_segment_worker.py	packages/persistence/fixture_segment_worker.py	17	static-import
packages/application/local_operations.py	packages/application/operational_rearm.py	10	static-import
packages/application/local_operations.py	packages/domain/account_coordinator.py	15	static-import
packages/application/local_operations.py	packages/domain/advanced_risk_admission.py	16	static-import
packages/application/local_operations.py	packages/domain/operational_control.py	22	static-import
packages/application/manifest_replay.py	packages/datasets/replay_tape.py	8	static-import
packages/application/manifest_replay.py	packages/domain/replay.py	14	static-import
packages/application/manifest_replay.py	packages/domain/replay_manifest.py	15	static-import
packages/application/market_data_ingestion.py	packages/datasets/__init__.py	26	static-import
packages/application/market_data_ingestion.py	packages/persistence/market_data.py	54	static-import
packages/application/no_exposure_smoke_strategy.py	packages/application/supervised_strategy.py	14	static-import
packages/application/no_exposure_smoke_strategy.py	packages/domain/strategy_supervision.py	16	static-import
packages/application/operational_rearm.py	packages/domain/account_coordinator.py	11	static-import
packages/application/operational_rearm.py	packages/domain/operational_control.py	19	static-import
packages/application/paper_account_enrollment.py	packages/adapters/broker/alpaca_paper_account_runtime.py	18	static-import
packages/application/paper_account_enrollment.py	packages/domain/models.py	23	static-import
packages/application/paper_deployment.py	packages/application/no_exposure_smoke_strategy.py	17	static-import
packages/application/supervised_strategy.py	packages/domain/market_batch.py	19	static-import
packages/application/supervised_strategy.py	packages/domain/strategy_invocation_lifecycle.py	20	static-import
packages/application/supervised_strategy.py	packages/domain/strategy_supervision.py	23	static-import
packages/application/trading_trace.py	packages/domain/batch_risk.py	17	static-import
packages/application/trading_trace.py	packages/domain/ledger_reducer.py	18	static-import
packages/application/trading_trace.py	packages/domain/market_batch.py	23	static-import
packages/application/trading_trace.py	packages/domain/models.py	24	static-import
packages/application/trading_trace.py	packages/domain/order_reducer.py	25	static-import
packages/application/trading_trace.py	packages/domain/submission_attempt.py	31	static-import
packages/application/trusted_time_graceful_stop_v2_admission.py	scripts/trusted_time_post_enrollment_graceful_stop_decision_artifacts.py	14	static-import
packages/application/trusted_time_head_anchor.py	packages/application/trusted_time_monitor.py	28	static-import
packages/application/trusted_time_head_anchor.py	packages/domain/trusted_time.py	30	static-import
packages/application/trusted_time_head_anchor_clean_stop.py	packages/application/trusted_time_head_anchor.py	19	static-import
packages/application/trusted_time_head_anchor_clean_stop.py	packages/domain/trusted_time_enrollment_evidence.py	22	static-import
packages/application/trusted_time_head_anchor_clean_stop_supervisor_bridge.py	packages/application/trusted_time_head_anchor.py	843	static-import
packages/application/trusted_time_head_anchor_clean_stop_supervisor_bridge.py	packages/application/trusted_time_head_anchor_clean_stop.py	846	static-import
packages/application/trusted_time_head_anchor_clean_stop_supervisor_bridge.py	packages/domain/trusted_time_enrollment_evidence.py	851	static-import
packages/application/trusted_time_head_anchor_clean_stop_supervisor_bridge.py	packages/application/trusted_time_head_anchor_worker.py	1030	static-import
packages/application/trusted_time_head_anchor_clean_stop_supervisor_bridge.py	packages/application/trusted_time_head_anchor_worker.py	1097	static-import
packages/application/trusted_time_head_anchor_clean_stop_supervisor_bridge.py	packages/application/trusted_time_head_anchor_worker.py	1189	static-import
packages/application/trusted_time_head_anchor_clean_stop_supervisor_bridge.py	packages/application/trusted_time_head_anchor_worker.py	1332	static-import
packages/application/trusted_time_head_anchor_worker.py	packages/application/durable_trusted_time_monitor.py	22	static-import
packages/application/trusted_time_head_anchor_worker.py	packages/application/trusted_time_head_anchor.py	23	static-import
packages/application/trusted_time_head_anchor_worker.py	packages/application/trusted_time_head_anchor_clean_stop.py	26	static-import
packages/application/trusted_time_head_anchor_worker.py	packages/application/trusted_time_head_anchor_clean_stop_supervisor_bridge.py	31	static-import
packages/application/trusted_time_head_anchor_worker.py	packages/domain/trusted_time.py	40	static-import
packages/application/trusted_time_monitor.py	packages/domain/trusted_time.py	21	static-import
packages/application/trusted_time_supervisor.py	packages/application/durable_trusted_time_monitor.py	14	static-import
packages/application/trusted_time_watchdog.py	packages/application/trusted_time_head_anchor.py	19	static-import
packages/application/trusted_time_watchdog.py	packages/domain/trusted_time.py	28	static-import
packages/backtest/__init__.py	packages/backtest/simulated_broker.py	3	static-import
packages/backtest/__init__.py	packages/backtest/simulation_horizon.py	14	static-import
packages/backtest/golden_runner.py	packages/backtest/simulated_broker.py	23	static-import
packages/backtest/golden_runner.py	packages/domain/account_projection.py	31	static-import
packages/backtest/golden_runner.py	packages/domain/batch_risk.py	61	static-import
packages/backtest/golden_runner.py	packages/domain/clock.py	76	static-import
packages/backtest/golden_runner.py	packages/domain/corporate_action_ledger.py	77	static-import
packages/backtest/golden_runner.py	packages/domain/decision.py	88	static-import
packages/backtest/golden_runner.py	packages/domain/ledger_reducer.py	94	static-import
packages/backtest/golden_runner.py	packages/domain/market_batch.py	102	static-import
packages/backtest/golden_runner.py	packages/domain/models.py	103	static-import
packages/backtest/golden_runner.py	packages/domain/order_reducer.py	111	static-import
packages/backtest/golden_runner.py	packages/domain/portfolio.py	117	static-import
packages/backtest/golden_runner.py	packages/domain/replay.py	118	static-import
packages/backtest/golden_runner.py	packages/domain/risk.py	119	static-import
packages/backtest/golden_runner.py	packages/domain/settlement_ledger.py	123	static-import
packages/backtest/golden_runner.py	packages/domain/strategy.py	132	static-import
packages/backtest/golden_runner.py	packages/domain/strategy_state.py	137	static-import
packages/backtest/simulated_broker.py	packages/domain/batch_risk.py	12	static-import
packages/backtest/simulated_broker.py	packages/domain/market_batch.py	20	static-import
packages/backtest/simulated_broker.py	packages/domain/models.py	21	static-import
packages/backtest/simulated_broker.py	packages/domain/order_reducer.py	22	static-import
packages/backtest/simulated_broker.py	packages/domain/risk.py	31	static-import
packages/backtest/simulation_horizon.py	packages/backtest/simulated_broker.py	9	static-import
packages/backtest/simulation_horizon.py	packages/domain/batch_risk.py	17	static-import
packages/backtest/simulation_horizon.py	packages/domain/models.py	20	static-import
packages/backtest/simulation_horizon.py	packages/domain/order_reducer.py	21	static-import
packages/backtest/simulation_horizon.py	packages/domain/replay.py	25	static-import
packages/backtest/simulation_horizon.py	packages/domain/replay_manifest.py	26	static-import
packages/backtest/simulation_horizon.py	packages/domain/submission_attempt.py	27	static-import
packages/datasets/__init__.py	packages/datasets/feature_artifact.py	3	static-import
packages/datasets/__init__.py	packages/datasets/reader.py	19	static-import
packages/datasets/__init__.py	packages/datasets/replay_tape.py	20	static-import
packages/datasets/feature_artifact.py	packages/datasets/replay_tape.py	7	static-import
packages/datasets/feature_artifact.py	packages/domain/feature.py	13	static-import
packages/datasets/feature_artifact.py	packages/domain/feature_replay.py	14	static-import
packages/datasets/feature_artifact.py	packages/domain/feature_target.py	18	static-import
packages/datasets/feature_artifact.py	packages/domain/feature_target_replay.py	22	static-import
packages/datasets/feature_artifact.py	packages/domain/replay_manifest.py	23	static-import
packages/datasets/reader.py	packages/persistence/market_data.py	18	static-import
packages/datasets/replay_tape.py	packages/datasets/reader.py	18	static-import
packages/datasets/replay_tape.py	packages/domain/market_batch.py	21	static-import
packages/datasets/replay_tape.py	packages/domain/models.py	22	static-import
packages/datasets/replay_tape.py	packages/domain/replay.py	23	static-import
packages/datasets/replay_tape.py	packages/persistence/market_data.py	25	static-import
packages/domain/__init__.py	packages/domain/clock.py	3	static-import
packages/domain/__init__.py	packages/domain/decision.py	4	static-import
packages/domain/__init__.py	packages/domain/market_batch.py	5	static-import
packages/domain/__init__.py	packages/domain/replay.py	10	static-import
packages/domain/__init__.py	packages/domain/strategy_replay.py	14	static-import
packages/domain/__init__.py	packages/domain/strategy_state.py	18	static-import
packages/domain/__init__.py	packages/domain/walking_thread.py	19	static-import
packages/domain/account_coordinator.py	packages/domain/models.py	13	static-import
packages/domain/account_projection.py	packages/domain/corporate_action_ledger.py	13	static-import
packages/domain/account_projection.py	packages/domain/ledger_reducer.py	30	static-import
packages/domain/account_projection.py	packages/domain/models.py	36	static-import
packages/domain/account_projection.py	packages/domain/order_reducer.py	37	static-import
packages/domain/accounting.py	packages/domain/models.py	17	static-import
packages/domain/advanced_risk_admission.py	packages/domain/batch_risk.py	20	static-import
packages/domain/advanced_risk_admission.py	packages/domain/operational_control.py	23	static-import
packages/domain/advanced_risk_enforcement.py	packages/domain/operational_control.py	22	static-import
packages/domain/advanced_risk_metrics.py	packages/domain/models.py	39	static-import
packages/domain/advanced_risk_sources.py	packages/domain/batch_risk.py	33	static-import
packages/domain/advanced_risk_sources.py	packages/domain/models.py	52	static-import
packages/domain/advanced_risk_sources.py	packages/domain/risk.py	53	static-import
packages/domain/batch_risk.py	packages/domain/account_projection.py	13	static-import
packages/domain/batch_risk.py	packages/domain/clock.py	19	static-import
packages/domain/batch_risk.py	packages/domain/models.py	27	static-import
packages/domain/batch_risk.py	packages/domain/portfolio.py	38	static-import
packages/domain/batch_risk.py	packages/domain/risk.py	39	static-import
packages/domain/batch_risk.py	packages/domain/settlement_ledger.py	40	static-import
packages/domain/broker_inbox.py	packages/domain/broker_reconciliation.py	18	static-import
packages/domain/broker_inbox.py	packages/domain/models.py	25	static-import
packages/domain/broker_ingress.py	packages/domain/models.py	16	static-import
packages/domain/broker_reconciliation.py	packages/domain/models.py	22	static-import
packages/domain/corporate_action_ledger.py	packages/domain/ledger_reducer.py	19	static-import
packages/domain/corporate_action_ledger.py	packages/domain/models.py	26	static-import
packages/domain/decision.py	packages/domain/clock.py	14	static-import
packages/domain/decision.py	packages/domain/market_batch.py	15	static-import
packages/domain/execution.py	packages/domain/models.py	9	static-import
packages/domain/execution.py	packages/domain/risk.py	10	static-import
packages/domain/experiment_governance.py	packages/domain/feature.py	28	static-import
packages/domain/experiment_governance.py	packages/domain/feature_target.py	29	static-import
packages/domain/feature.py	packages/domain/market_batch.py	13	static-import
packages/domain/feature.py	packages/domain/models.py	14	static-import
packages/domain/feature.py	packages/domain/replay.py	15	static-import
packages/domain/feature.py	packages/domain/replay_manifest.py	16	static-import
packages/domain/feature_replay.py	packages/domain/feature.py	8	static-import
packages/domain/feature_replay.py	packages/domain/market_batch.py	24	static-import
packages/domain/feature_replay.py	packages/domain/replay.py	25	static-import
packages/domain/feature_target.py	packages/domain/decision.py	12	static-import
packages/domain/feature_target.py	packages/domain/feature.py	13	static-import
packages/domain/feature_target.py	packages/domain/market_batch.py	24	static-import
packages/domain/feature_target.py	packages/domain/models.py	25	static-import
packages/domain/feature_target_replay.py	packages/domain/feature.py	8	static-import
packages/domain/feature_target_replay.py	packages/domain/feature_target.py	14	static-import
packages/domain/fixture_segment_economics.py	packages/domain/feature_target.py	32	static-import
packages/domain/fixture_segment_economics.py	packages/domain/fixture_segment_worker.py	36	static-import
packages/domain/fixture_segment_worker.py	packages/domain/experiment_governance.py	18	static-import
packages/domain/fixture_segment_worker.py	packages/domain/feature.py	30	static-import
packages/domain/fixture_segment_worker.py	packages/domain/feature_target.py	31	static-import
packages/domain/ledger_reducer.py	packages/domain/models.py	20	static-import
packages/domain/ledger_reducer.py	packages/domain/order_reducer.py	21	static-import
packages/domain/market_batch.py	packages/domain/models.py	12	static-import
packages/domain/models.py	packages/domain/decision.py	17	static-import
packages/domain/operational_control.py	packages/domain/batch_risk.py	18	static-import
packages/domain/operational_drill.py	packages/domain/operational_control.py	20	static-import
packages/domain/order_reducer.py	packages/domain/models.py	16	static-import
packages/domain/order_reducer.py	packages/domain/risk.py	17	static-import
packages/domain/portfolio.py	packages/domain/market_batch.py	11	static-import
packages/domain/portfolio.py	packages/domain/models.py	12	static-import
packages/domain/replay.py	packages/domain/clock.py	10	static-import
packages/domain/replay.py	packages/domain/market_batch.py	11	static-import
packages/domain/replay.py	packages/domain/models.py	22	static-import
packages/domain/replay_manifest.py	packages/domain/market_batch.py	19	static-import
packages/domain/replay_manifest.py	packages/domain/replay.py	25	static-import
packages/domain/reservation_lifecycle.py	packages/domain/batch_risk.py	16	static-import
packages/domain/reservation_lifecycle.py	packages/domain/models.py	25	static-import
packages/domain/reservation_lifecycle.py	packages/domain/order_reducer.py	26	static-import
packages/domain/reservation_lifecycle.py	packages/domain/risk.py	33	static-import
packages/domain/reservation_lifecycle.py	packages/domain/submission_attempt.py	34	static-import
packages/domain/risk.py	packages/domain/clock.py	14	static-import
packages/domain/risk.py	packages/domain/models.py	21	static-import
packages/domain/settlement_ledger.py	packages/domain/ledger_reducer.py	19	static-import
packages/domain/settlement_ledger.py	packages/domain/models.py	29	static-import
packages/domain/settlement_ledger.py	packages/domain/order_reducer.py	30	static-import
packages/domain/strategy.py	packages/domain/clock.py	14	static-import
packages/domain/strategy.py	packages/domain/decision.py	15	static-import
packages/domain/strategy.py	packages/domain/market_batch.py	17	static-import
packages/domain/strategy.py	packages/domain/models.py	18	static-import
packages/domain/strategy.py	packages/domain/strategy_state.py	19	static-import
packages/domain/strategy_invocation_lifecycle.py	packages/domain/account_coordinator.py	17	static-import
packages/domain/strategy_invocation_lifecycle.py	packages/domain/strategy_supervision.py	24	static-import
packages/domain/strategy_replay.py	packages/domain/clock.py	13	static-import
packages/domain/strategy_replay.py	packages/domain/decision.py	14	static-import
packages/domain/strategy_replay.py	packages/domain/market_batch.py	15	static-import
packages/domain/strategy_replay.py	packages/domain/models.py	16	static-import
packages/domain/strategy_replay.py	packages/domain/replay.py	17	static-import
packages/domain/strategy_replay.py	packages/domain/strategy.py	18	static-import
packages/domain/strategy_replay.py	packages/domain/strategy_state.py	24	static-import
packages/domain/strategy_state.py	packages/domain/decision.py	13	static-import
packages/domain/strategy_supervision.py	packages/domain/market_batch.py	22	static-import
packages/domain/strategy_supervision.py	packages/domain/operational_control.py	23	static-import
packages/domain/strategy_supervision.py	packages/domain/models.py	351	static-import
packages/domain/strategy_supervision_alert.py	packages/domain/operational_control.py	10	static-import
packages/domain/strategy_supervision_alert.py	packages/domain/strategy_supervision.py	11	static-import
packages/domain/strategy_supervision_control.py	packages/domain/operational_control.py	8	static-import
packages/domain/strategy_supervision_control.py	packages/domain/strategy_supervision.py	15	static-import
packages/domain/submission_attempt.py	packages/domain/account_coordinator.py	18	static-import
packages/domain/submission_attempt.py	packages/domain/batch_risk.py	19	static-import
packages/domain/submission_attempt.py	packages/domain/models.py	26	static-import
packages/domain/submission_attempt.py	packages/domain/risk.py	27	static-import
packages/domain/trusted_time_enrollment_evidence.py	packages/domain/_trusted_time_post_enrollment_projection_bootstrap.py	20	static-import
packages/domain/trusted_time_graceful_stop_v2.py	packages/domain/trusted_time_graceful_stop_v2_runtime_seal.py	21	static-import
packages/domain/trusted_time_graceful_stop_v2_docker.py	packages/domain/trusted_time_graceful_stop_v2.py	18	static-import
packages/domain/trusted_time_graceful_stop_v2_docker.py	packages/domain/trusted_time_graceful_stop_v2_runtime_seal.py	24	static-import
packages/domain/trusted_time_graceful_stop_v2_lifecycle_semantics.py	packages/domain/trusted_time_graceful_stop_v2.py	255	static-import
packages/domain/trusted_time_graceful_stop_v2_lifecycle_semantics.py	packages/domain/trusted_time_graceful_stop_v2_docker.py	274	static-import
packages/domain/trusted_time_graceful_stop_v2_lifecycle_semantics.py	packages/domain/trusted_time_graceful_stop_v2_terminal.py	286	static-import
packages/domain/trusted_time_graceful_stop_v2_lifecycle_semantics.py	packages/domain/trusted_time_graceful_stop_v2_runtime_seal.py	24	static-import
packages/domain/trusted_time_graceful_stop_v2_reauthentication.py	packages/domain/trusted_time_graceful_stop_v2.py	26	static-import
packages/domain/trusted_time_graceful_stop_v2_reauthentication.py	packages/domain/trusted_time_graceful_stop_v2_lifecycle_semantics.py	43	static-import
packages/domain/trusted_time_graceful_stop_v2_reauthentication.py	packages/domain/trusted_time_graceful_stop_v2_terminal.py	53	static-import
packages/domain/trusted_time_graceful_stop_v2_reauthentication.py	packages/domain/trusted_time_graceful_stop_v2.py	1144	static-import
packages/domain/trusted_time_graceful_stop_v2_recovery.py	packages/domain/trusted_time_graceful_stop_v2.py	23	static-import
packages/domain/trusted_time_graceful_stop_v2_terminal.py	packages/domain/trusted_time_graceful_stop_v2.py	20	static-import
packages/domain/trusted_time_graceful_stop_v2_terminal.py	packages/domain/trusted_time_graceful_stop_v2_runtime_seal.py	38	static-import
packages/domain/trusted_time_graceful_stop_v2_transport.py	packages/domain/trusted_time_graceful_stop_v2.py	18	static-import
packages/domain/trusted_time_post_enrollment_graceful_stop_operator_attestation.py	packages/domain/trusted_time_enrollment_evidence.py	19	static-import
packages/domain/trusted_time_post_enrollment_graceful_stop_operator_attestation.py	packages/domain/trusted_time_post_enrollment_graceful_stop_operator_authority.py	23	static-import
packages/domain/trusted_time_post_enrollment_graceful_stop_operator_authority.py	packages/domain/trusted_time_enrollment_evidence.py	17	static-import
packages/domain/trusted_time_post_enrollment_graceful_stop_operator_authority.py	packages/domain/trusted_time_post_enrollment_operator_authority.py	21	static-import
packages/domain/trusted_time_post_enrollment_operator_attestation.py	packages/domain/trusted_time_enrollment_evidence.py	17	static-import
packages/domain/trusted_time_post_enrollment_operator_attestation.py	packages/domain/trusted_time_post_enrollment_operator_authority.py	21	static-import
packages/domain/trusted_time_post_enrollment_operator_authority.py	packages/domain/trusted_time_enrollment_evidence.py	18	static-import
packages/domain/trusted_time_post_enrollment_start.py	packages/domain/_trusted_time_post_enrollment_projection_bootstrap.py	15	static-import
packages/domain/trusted_time_post_enrollment_start.py	packages/domain/trusted_time_enrollment_evidence.py	21	static-import
packages/domain/unknown_submission_recovery.py	packages/domain/broker_ingress.py	17	static-import
packages/domain/unknown_submission_recovery.py	packages/domain/submission_attempt.py	23	static-import
packages/domain/walking_thread.py	packages/domain/accounting.py	9	static-import
packages/domain/walking_thread.py	packages/domain/clock.py	10	static-import
packages/domain/walking_thread.py	packages/domain/execution.py	11	static-import
packages/domain/walking_thread.py	packages/domain/market_batch.py	13	static-import
packages/domain/walking_thread.py	packages/domain/models.py	14	static-import
packages/domain/walking_thread.py	packages/domain/portfolio.py	26	static-import
packages/domain/walking_thread.py	packages/domain/replay.py	27	static-import
packages/domain/walking_thread.py	packages/domain/risk.py	28	static-import
packages/domain/walking_thread.py	packages/domain/strategy.py	36	static-import
packages/domain/walking_thread.py	packages/domain/strategy_replay.py	37	static-import
packages/execution/__init__.py	packages/execution/account_coordinator.py	3	static-import
packages/execution/__init__.py	packages/execution/ports.py	9	static-import
packages/execution/account_coordinator.py	packages/domain/account_coordinator.py	11	static-import
packages/execution/account_coordinator.py	packages/domain/clock.py	24	static-import
packages/execution/account_coordinator.py	packages/domain/models.py	26	static-import
packages/execution/account_coordinator.py	packages/domain/risk.py	27	static-import
packages/execution/account_coordinator.py	packages/execution/ports.py	28	static-import
packages/execution/ports.py	packages/domain/models.py	7	static-import
packages/persistence/__init__.py	packages/persistence/schema.py	3	static-import
packages/persistence/account_coordinator.py	packages/domain/account_coordinator.py	20	static-import
packages/persistence/account_coordinator.py	packages/domain/clock.py	36	static-import
packages/persistence/account_coordinator.py	packages/domain/models.py	38	static-import
packages/persistence/account_coordinator.py	packages/persistence/schema.py	40	static-import
packages/persistence/advanced_batch_risk.py	packages/domain/account_coordinator.py	17	static-import
packages/persistence/advanced_batch_risk.py	packages/domain/advanced_risk_admission.py	22	static-import
packages/persistence/advanced_batch_risk.py	packages/domain/advanced_risk_enforcement.py	31	static-import
packages/persistence/advanced_batch_risk.py	packages/domain/advanced_risk_sources.py	45	static-import
packages/persistence/advanced_batch_risk.py	packages/domain/batch_risk.py	52	static-import
packages/persistence/advanced_batch_risk.py	packages/domain/clock.py	61	static-import
packages/persistence/advanced_batch_risk.py	packages/domain/models.py	62	static-import
packages/persistence/advanced_batch_risk.py	packages/domain/operational_control.py	63	static-import
packages/persistence/advanced_batch_risk.py	packages/persistence/account_coordinator.py	68	static-import
packages/persistence/advanced_batch_risk.py	packages/persistence/advanced_risk.py	69	static-import
packages/persistence/advanced_batch_risk.py	packages/persistence/batch_risk.py	80	static-import
packages/persistence/advanced_batch_risk.py	packages/persistence/operational_control.py	93	static-import
packages/persistence/advanced_batch_risk.py	packages/persistence/schema.py	97	static-import
packages/persistence/advanced_risk.py	packages/domain/account_coordinator.py	26	static-import
packages/persistence/advanced_risk.py	packages/domain/advanced_risk_admission.py	35	static-import
packages/persistence/advanced_risk.py	packages/domain/clock.py	58	static-import
packages/persistence/advanced_risk.py	packages/domain/operational_control.py	59	static-import
packages/persistence/advanced_risk.py	packages/persistence/account_coordinator.py	64	static-import
packages/persistence/advanced_risk.py	packages/persistence/database.py	65	static-import
packages/persistence/advanced_risk.py	packages/persistence/operational_control.py	71	static-import
packages/persistence/advanced_risk.py	packages/persistence/schema.py	74	static-import
packages/persistence/alpaca_paper_account_activity.py	packages/adapters/broker/alpaca_paper.py	18	static-import
packages/persistence/alpaca_paper_account_activity.py	packages/adapters/broker/alpaca_paper_account_activities.py	21	static-import
packages/persistence/alpaca_paper_account_activity.py	packages/adapters/broker/alpaca_paper_account_activity_runtime.py	28	static-import
packages/persistence/alpaca_paper_account_activity.py	packages/adapters/broker/alpaca_paper_account_runtime.py	47	static-import
packages/persistence/alpaca_paper_account_activity.py	packages/domain/account_coordinator.py	53	static-import
packages/persistence/alpaca_paper_account_activity.py	packages/domain/broker_ingress.py	59	static-import
packages/persistence/alpaca_paper_account_activity.py	packages/domain/models.py	65	static-import
packages/persistence/alpaca_paper_account_activity.py	packages/persistence/account_coordinator.py	66	static-import
packages/persistence/alpaca_paper_account_activity.py	packages/persistence/alpaca_paper_account_binding.py	71	static-import
packages/persistence/alpaca_paper_account_activity.py	packages/persistence/alpaca_paper_account_binding.py	76	static-import
packages/persistence/alpaca_paper_account_activity.py	packages/persistence/alpaca_paper_lookup_observation.py	79	static-import
packages/persistence/alpaca_paper_account_activity.py	packages/persistence/broker_ingress.py	82	static-import
packages/persistence/alpaca_paper_account_activity.py	packages/persistence/broker_ingress.py	85	static-import
packages/persistence/alpaca_paper_account_activity.py	packages/persistence/broker_request_budget.py	88	static-import
packages/persistence/alpaca_paper_account_activity.py	packages/persistence/broker_request_budget.py	91	static-import
packages/persistence/alpaca_paper_account_activity.py	packages/persistence/broker_request_budget.py	94	static-import
packages/persistence/alpaca_paper_account_activity.py	packages/persistence/database.py	97	static-import
packages/persistence/alpaca_paper_account_activity.py	packages/persistence/schema.py	104	static-import
packages/persistence/alpaca_paper_account_activity_comparison.py	packages/adapters/broker/alpaca_paper_account_activity_comparison.py	16	static-import
packages/persistence/alpaca_paper_account_activity_comparison.py	packages/adapters/broker/alpaca_paper_account_activity_runtime.py	22	static-import
packages/persistence/alpaca_paper_account_activity_comparison.py	packages/application/alpaca_paper_account_activity_comparison.py	30	static-import
packages/persistence/alpaca_paper_account_activity_comparison.py	packages/domain/account_coordinator.py	44	static-import
packages/persistence/alpaca_paper_account_activity_comparison.py	packages/persistence/account_coordinator.py	51	static-import
packages/persistence/alpaca_paper_account_activity_comparison.py	packages/persistence/alpaca_paper_account_activity.py	56	static-import
packages/persistence/alpaca_paper_account_activity_comparison.py	packages/persistence/alpaca_paper_account_activity.py	60	static-import
packages/persistence/alpaca_paper_account_activity_comparison.py	packages/persistence/alpaca_paper_account_activity.py	63	static-import
packages/persistence/alpaca_paper_account_activity_comparison.py	packages/persistence/alpaca_paper_account_activity.py	66	static-import
packages/persistence/alpaca_paper_account_activity_comparison.py	packages/persistence/alpaca_paper_lookup_observation.py	69	static-import
packages/persistence/alpaca_paper_account_activity_comparison.py	packages/persistence/database.py	72	static-import
packages/persistence/alpaca_paper_account_activity_comparison.py	packages/persistence/schema.py	78	static-import
packages/persistence/alpaca_paper_account_binding.py	packages/adapters/broker/alpaca_paper.py	17	static-import
packages/persistence/alpaca_paper_account_binding.py	packages/adapters/broker/alpaca_paper_account_assets.py	18	static-import
packages/persistence/alpaca_paper_account_binding.py	packages/adapters/broker/alpaca_paper_account_runtime.py	24	static-import
packages/persistence/alpaca_paper_account_binding.py	packages/adapters/broker/alpaca_paper_budget.py	43	static-import
packages/persistence/alpaca_paper_account_binding.py	packages/adapters/broker/alpaca_paper_ingress.py	46	static-import
packages/persistence/alpaca_paper_account_binding.py	packages/domain/account_coordinator.py	49	static-import
packages/persistence/alpaca_paper_account_binding.py	packages/domain/broker_ingress.py	50	static-import
packages/persistence/alpaca_paper_account_binding.py	packages/persistence/account_coordinator.py	57	static-import
packages/persistence/alpaca_paper_account_binding.py	packages/persistence/broker_ingress.py	61	static-import
packages/persistence/alpaca_paper_account_binding.py	packages/persistence/broker_ingress.py	64	static-import
packages/persistence/alpaca_paper_account_binding.py	packages/persistence/broker_request_budget.py	67	static-import
packages/persistence/alpaca_paper_account_binding.py	packages/persistence/broker_request_budget.py	70	static-import
packages/persistence/alpaca_paper_account_binding.py	packages/persistence/database.py	73	static-import
packages/persistence/alpaca_paper_account_binding.py	packages/persistence/schema.py	75	static-import
packages/persistence/alpaca_paper_asset_binding.py	packages/adapters/broker/alpaca_paper.py	17	static-import
packages/persistence/alpaca_paper_asset_binding.py	packages/adapters/broker/alpaca_paper_account_assets.py	18	static-import
packages/persistence/alpaca_paper_asset_binding.py	packages/adapters/broker/alpaca_paper_account_runtime.py	27	static-import
packages/persistence/alpaca_paper_asset_binding.py	packages/adapters/broker/alpaca_paper_asset_runtime.py	32	static-import
packages/persistence/alpaca_paper_asset_binding.py	packages/adapters/broker/alpaca_paper_budget.py	48	static-import
packages/persistence/alpaca_paper_asset_binding.py	packages/adapters/broker/alpaca_paper_ingress.py	51	static-import
packages/persistence/alpaca_paper_asset_binding.py	packages/domain/account_coordinator.py	54	static-import
packages/persistence/alpaca_paper_asset_binding.py	packages/domain/broker_ingress.py	55	static-import
packages/persistence/alpaca_paper_asset_binding.py	packages/persistence/account_coordinator.py	62	static-import
packages/persistence/alpaca_paper_asset_binding.py	packages/persistence/alpaca_paper_account_binding.py	66	static-import
packages/persistence/alpaca_paper_asset_binding.py	packages/persistence/alpaca_paper_account_binding.py	69	static-import
packages/persistence/alpaca_paper_asset_binding.py	packages/persistence/alpaca_paper_account_binding.py	72	static-import
packages/persistence/alpaca_paper_asset_binding.py	packages/persistence/alpaca_paper_account_binding.py	75	static-import
packages/persistence/alpaca_paper_asset_binding.py	packages/persistence/alpaca_paper_account_binding.py	78	static-import
packages/persistence/alpaca_paper_asset_binding.py	packages/persistence/broker_ingress.py	81	static-import
packages/persistence/alpaca_paper_asset_binding.py	packages/persistence/broker_ingress.py	84	static-import
packages/persistence/alpaca_paper_asset_binding.py	packages/persistence/broker_request_budget.py	87	static-import
packages/persistence/alpaca_paper_asset_binding.py	packages/persistence/broker_request_budget.py	90	static-import
packages/persistence/alpaca_paper_asset_binding.py	packages/persistence/database.py	93	static-import
packages/persistence/alpaca_paper_asset_binding.py	packages/persistence/schema.py	95	static-import
packages/persistence/alpaca_paper_lookup_observation.py	packages/adapters/broker/alpaca_paper.py	18	static-import
packages/persistence/alpaca_paper_lookup_observation.py	packages/adapters/broker/alpaca_paper_account_runtime.py	24	static-import
packages/persistence/alpaca_paper_lookup_observation.py	packages/adapters/broker/alpaca_paper_asset_runtime.py	29	static-import
packages/persistence/alpaca_paper_lookup_observation.py	packages/adapters/broker/alpaca_paper_budget.py	32	static-import
packages/persistence/alpaca_paper_lookup_observation.py	packages/adapters/broker/alpaca_paper_ingress.py	35	static-import
packages/persistence/alpaca_paper_lookup_observation.py	packages/adapters/broker/alpaca_paper_lookup_runtime.py	40	static-import
packages/persistence/alpaca_paper_lookup_observation.py	packages/adapters/broker/alpaca_paper_observations.py	57	static-import
packages/persistence/alpaca_paper_lookup_observation.py	packages/domain/account_coordinator.py	61	static-import
packages/persistence/alpaca_paper_lookup_observation.py	packages/domain/broker_ingress.py	69	static-import
packages/persistence/alpaca_paper_lookup_observation.py	packages/domain/submission_attempt.py	79	static-import
packages/persistence/alpaca_paper_lookup_observation.py	packages/persistence/account_coordinator.py	85	static-import
packages/persistence/alpaca_paper_lookup_observation.py	packages/persistence/alpaca_paper_account_binding.py	93	static-import
packages/persistence/alpaca_paper_lookup_observation.py	packages/persistence/alpaca_paper_account_binding.py	96	static-import
packages/persistence/alpaca_paper_lookup_observation.py	packages/persistence/alpaca_paper_account_binding.py	99	static-import
packages/persistence/alpaca_paper_lookup_observation.py	packages/persistence/alpaca_paper_account_binding.py	102	static-import
packages/persistence/alpaca_paper_lookup_observation.py	packages/persistence/broker_ingress.py	105	static-import
packages/persistence/alpaca_paper_lookup_observation.py	packages/persistence/broker_ingress.py	108	static-import
packages/persistence/alpaca_paper_lookup_observation.py	packages/persistence/broker_request_budget.py	111	static-import
packages/persistence/alpaca_paper_lookup_observation.py	packages/persistence/broker_request_budget.py	114	static-import
packages/persistence/alpaca_paper_lookup_observation.py	packages/persistence/database.py	117	static-import
packages/persistence/alpaca_paper_lookup_observation.py	packages/persistence/schema.py	123	static-import
packages/persistence/alpaca_paper_lookup_observation.py	packages/persistence/submission_attempt.py	131	static-import
packages/persistence/alpaca_paper_order_snapshot.py	packages/adapters/broker/alpaca_paper.py	18	static-import
packages/persistence/alpaca_paper_order_snapshot.py	packages/adapters/broker/alpaca_paper_account_runtime.py	21	static-import
packages/persistence/alpaca_paper_order_snapshot.py	packages/adapters/broker/alpaca_paper_order_snapshot_runtime.py	27	static-import
packages/persistence/alpaca_paper_order_snapshot.py	packages/adapters/broker/alpaca_paper_order_snapshots.py	43	static-import
packages/persistence/alpaca_paper_order_snapshot.py	packages/application/alpaca_paper_order_view_supervisor.py	50	static-import
packages/persistence/alpaca_paper_order_snapshot.py	packages/application/alpaca_paper_order_view_transition.py	55	static-import
packages/persistence/alpaca_paper_order_snapshot.py	packages/domain/account_coordinator.py	58	static-import
packages/persistence/alpaca_paper_order_snapshot.py	packages/domain/broker_ingress.py	64	static-import
packages/persistence/alpaca_paper_order_snapshot.py	packages/domain/models.py	70	static-import
packages/persistence/alpaca_paper_order_snapshot.py	packages/persistence/account_coordinator.py	71	static-import
packages/persistence/alpaca_paper_order_snapshot.py	packages/persistence/alpaca_paper_account_binding.py	76	static-import
packages/persistence/alpaca_paper_order_snapshot.py	packages/persistence/alpaca_paper_account_binding.py	81	static-import
packages/persistence/alpaca_paper_order_snapshot.py	packages/persistence/alpaca_paper_lookup_observation.py	84	static-import
packages/persistence/alpaca_paper_order_snapshot.py	packages/persistence/broker_ingress.py	87	static-import
packages/persistence/alpaca_paper_order_snapshot.py	packages/persistence/broker_ingress.py	90	static-import
packages/persistence/alpaca_paper_order_snapshot.py	packages/persistence/broker_request_budget.py	93	static-import
packages/persistence/alpaca_paper_order_snapshot.py	packages/persistence/broker_request_budget.py	96	static-import
packages/persistence/alpaca_paper_order_snapshot.py	packages/persistence/broker_request_budget.py	99	static-import
packages/persistence/alpaca_paper_order_snapshot.py	packages/persistence/database.py	102	static-import
packages/persistence/alpaca_paper_order_snapshot.py	packages/persistence/schema.py	109	static-import
packages/persistence/alpaca_paper_order_snapshot.py	packages/persistence/alpaca_paper_order_view_transition.py	789	static-import
packages/persistence/alpaca_paper_order_view_comparison.py	packages/adapters/broker/alpaca_paper_order_snapshot_comparison.py	16	static-import
packages/persistence/alpaca_paper_order_view_comparison.py	packages/adapters/broker/alpaca_paper_order_snapshot_runtime.py	19	static-import
packages/persistence/alpaca_paper_order_view_comparison.py	packages/application/alpaca_paper_order_snapshot_comparison.py	24	static-import
packages/persistence/alpaca_paper_order_view_comparison.py	packages/domain/account_coordinator.py	33	static-import
packages/persistence/alpaca_paper_order_view_comparison.py	packages/persistence/account_coordinator.py	40	static-import
packages/persistence/alpaca_paper_order_view_comparison.py	packages/persistence/alpaca_paper_lookup_observation.py	45	static-import
packages/persistence/alpaca_paper_order_view_comparison.py	packages/persistence/alpaca_paper_order_snapshot.py	48	static-import
packages/persistence/alpaca_paper_order_view_comparison.py	packages/persistence/alpaca_paper_order_snapshot.py	51	static-import
packages/persistence/alpaca_paper_order_view_comparison.py	packages/persistence/alpaca_paper_order_snapshot.py	54	static-import
packages/persistence/alpaca_paper_order_view_comparison.py	packages/persistence/alpaca_paper_order_snapshot.py	57	static-import
packages/persistence/alpaca_paper_order_view_comparison.py	packages/persistence/database.py	60	static-import
packages/persistence/alpaca_paper_order_view_comparison.py	packages/persistence/schema.py	66	static-import
packages/persistence/alpaca_paper_order_view_transition.py	packages/adapters/broker/alpaca_paper_order_snapshot_runtime.py	15	static-import
packages/persistence/alpaca_paper_order_view_transition.py	packages/adapters/broker/alpaca_paper_order_snapshots.py	20	static-import
packages/persistence/alpaca_paper_order_view_transition.py	packages/application/alpaca_paper_order_view_transition.py	23	static-import
packages/persistence/alpaca_paper_order_view_transition.py	packages/domain/account_coordinator.py	36	static-import
packages/persistence/alpaca_paper_order_view_transition.py	packages/domain/models.py	44	static-import
packages/persistence/alpaca_paper_order_view_transition.py	packages/persistence/account_coordinator.py	45	static-import
packages/persistence/alpaca_paper_order_view_transition.py	packages/persistence/alpaca_paper_lookup_observation.py	50	static-import
packages/persistence/alpaca_paper_order_view_transition.py	packages/persistence/alpaca_paper_order_snapshot.py	53	static-import
packages/persistence/alpaca_paper_order_view_transition.py	packages/persistence/database.py	64	static-import
packages/persistence/alpaca_paper_order_view_transition.py	packages/persistence/schema.py	71	static-import
packages/persistence/alpaca_paper_position_snapshot.py	packages/adapters/broker/alpaca_paper_account_runtime.py	14	static-import
packages/persistence/alpaca_paper_position_snapshot.py	packages/adapters/broker/alpaca_paper_position_snapshot_runtime.py	20	static-import
packages/persistence/alpaca_paper_position_snapshot.py	packages/adapters/broker/alpaca_paper_positions.py	35	static-import
packages/persistence/alpaca_paper_position_snapshot.py	packages/application/alpaca_paper_position_view_supervisor.py	40	static-import
packages/persistence/alpaca_paper_position_snapshot.py	packages/domain/account_coordinator.py	45	static-import
packages/persistence/alpaca_paper_position_snapshot.py	packages/domain/broker_ingress.py	51	static-import
packages/persistence/alpaca_paper_position_snapshot.py	packages/domain/models.py	56	static-import
packages/persistence/alpaca_paper_position_snapshot.py	packages/persistence/account_coordinator.py	57	static-import
packages/persistence/alpaca_paper_position_snapshot.py	packages/persistence/alpaca_paper_account_binding.py	62	static-import
packages/persistence/alpaca_paper_position_snapshot.py	packages/persistence/alpaca_paper_account_binding.py	67	static-import
packages/persistence/alpaca_paper_position_snapshot.py	packages/persistence/alpaca_paper_lookup_observation.py	70	static-import
packages/persistence/alpaca_paper_position_snapshot.py	packages/persistence/broker_ingress.py	73	static-import
packages/persistence/alpaca_paper_position_snapshot.py	packages/persistence/broker_ingress.py	76	static-import
packages/persistence/alpaca_paper_position_snapshot.py	packages/persistence/broker_request_budget.py	79	static-import
packages/persistence/alpaca_paper_position_snapshot.py	packages/persistence/broker_request_budget.py	82	static-import
packages/persistence/alpaca_paper_position_snapshot.py	packages/persistence/broker_request_budget.py	85	static-import
packages/persistence/alpaca_paper_position_snapshot.py	packages/persistence/database.py	88	static-import
packages/persistence/alpaca_paper_position_snapshot.py	packages/persistence/schema.py	95	static-import
packages/persistence/alpaca_paper_position_view_comparison.py	packages/adapters/broker/alpaca_paper_position_snapshot_comparison.py	16	static-import
packages/persistence/alpaca_paper_position_view_comparison.py	packages/adapters/broker/alpaca_paper_position_snapshot_runtime.py	19	static-import
packages/persistence/alpaca_paper_position_view_comparison.py	packages/application/alpaca_paper_position_snapshot_comparison.py	23	static-import
packages/persistence/alpaca_paper_position_view_comparison.py	packages/domain/account_coordinator.py	33	static-import
packages/persistence/alpaca_paper_position_view_comparison.py	packages/persistence/account_coordinator.py	40	static-import
packages/persistence/alpaca_paper_position_view_comparison.py	packages/persistence/alpaca_paper_lookup_observation.py	45	static-import
packages/persistence/alpaca_paper_position_view_comparison.py	packages/persistence/alpaca_paper_position_snapshot.py	48	static-import
packages/persistence/alpaca_paper_position_view_comparison.py	packages/persistence/alpaca_paper_position_snapshot.py	51	static-import
packages/persistence/alpaca_paper_position_view_comparison.py	packages/persistence/alpaca_paper_position_snapshot.py	54	static-import
packages/persistence/alpaca_paper_position_view_comparison.py	packages/persistence/alpaca_paper_position_snapshot.py	57	static-import
packages/persistence/alpaca_paper_position_view_comparison.py	packages/persistence/alpaca_paper_position_snapshot.py	60	static-import
packages/persistence/alpaca_paper_position_view_comparison.py	packages/persistence/database.py	63	static-import
packages/persistence/alpaca_paper_position_view_comparison.py	packages/persistence/schema.py	69	static-import
packages/persistence/alpaca_paper_position_view_transition.py	packages/adapters/broker/alpaca_paper_account_runtime.py	15	static-import
packages/persistence/alpaca_paper_position_view_transition.py	packages/adapters/broker/alpaca_paper_position_snapshot_runtime.py	18	static-import
packages/persistence/alpaca_paper_position_view_transition.py	packages/adapters/broker/alpaca_paper_positions.py	23	static-import
packages/persistence/alpaca_paper_position_view_transition.py	packages/application/alpaca_paper_position_view_transition.py	26	static-import
packages/persistence/alpaca_paper_position_view_transition.py	packages/domain/account_coordinator.py	39	static-import
packages/persistence/alpaca_paper_position_view_transition.py	packages/domain/models.py	47	static-import
packages/persistence/alpaca_paper_position_view_transition.py	packages/persistence/account_coordinator.py	48	static-import
packages/persistence/alpaca_paper_position_view_transition.py	packages/persistence/alpaca_paper_account_binding.py	53	static-import
packages/persistence/alpaca_paper_position_view_transition.py	packages/persistence/alpaca_paper_lookup_observation.py	54	static-import
packages/persistence/alpaca_paper_position_view_transition.py	packages/persistence/alpaca_paper_position_snapshot.py	57	static-import
packages/persistence/alpaca_paper_position_view_transition.py	packages/persistence/database.py	66	static-import
packages/persistence/alpaca_paper_position_view_transition.py	packages/persistence/schema.py	73	static-import
packages/persistence/backtest_workflow.py	packages/persistence/schema.py	76	static-import
packages/persistence/batch_risk.py	packages/domain/account_coordinator.py	18	static-import
packages/persistence/batch_risk.py	packages/domain/batch_risk.py	19	static-import
packages/persistence/batch_risk.py	packages/domain/models.py	44	static-import
packages/persistence/batch_risk.py	packages/domain/order_reducer.py	52	static-import
packages/persistence/batch_risk.py	packages/domain/reservation_lifecycle.py	58	static-import
packages/persistence/batch_risk.py	packages/domain/risk.py	66	static-import
packages/persistence/batch_risk.py	packages/domain/submission_attempt.py	67	static-import
packages/persistence/batch_risk.py	packages/persistence/account_coordinator.py	73	static-import
packages/persistence/batch_risk.py	packages/persistence/schema.py	82	static-import
packages/persistence/batch_risk.py	packages/persistence/reservation_lifecycle.py	1147	static-import
packages/persistence/batch_risk.py	packages/persistence/submission_attempt.py	1335	static-import
packages/persistence/batch_risk.py	packages/persistence/reservation_lifecycle.py	1440	static-import
packages/persistence/batch_risk.py	packages/persistence/reservation_lifecycle.py	1641	static-import
packages/persistence/broker_inbox.py	packages/adapters/broker/alpaca_paper_inbox.py	17	static-import
packages/persistence/broker_inbox.py	packages/domain/account_coordinator.py	21	static-import
packages/persistence/broker_inbox.py	packages/domain/broker_inbox.py	22	static-import
packages/persistence/broker_inbox.py	packages/domain/broker_ingress.py	32	static-import
packages/persistence/broker_inbox.py	packages/domain/broker_reconciliation.py	33	static-import
packages/persistence/broker_inbox.py	packages/domain/clock.py	35	static-import
packages/persistence/broker_inbox.py	packages/persistence/account_coordinator.py	37	static-import
packages/persistence/broker_inbox.py	packages/persistence/broker_ingress.py	41	static-import
packages/persistence/broker_inbox.py	packages/persistence/broker_ingress.py	44	static-import
packages/persistence/broker_inbox.py	packages/persistence/broker_reconciliation.py	47	static-import
packages/persistence/broker_inbox.py	packages/persistence/broker_reconciliation.py	50	static-import
packages/persistence/broker_inbox.py	packages/persistence/database.py	53	static-import
packages/persistence/broker_inbox.py	packages/persistence/schema.py	59	static-import
packages/persistence/broker_ingress.py	packages/domain/account_coordinator.py	15	static-import
packages/persistence/broker_ingress.py	packages/domain/broker_ingress.py	16	static-import
packages/persistence/broker_ingress.py	packages/persistence/account_coordinator.py	24	static-import
packages/persistence/broker_ingress.py	packages/persistence/database.py	28	static-import
packages/persistence/broker_ingress.py	packages/persistence/schema.py	30	static-import
packages/persistence/broker_reconciliation.py	packages/adapters/broker/alpaca_paper.py	18	static-import
packages/persistence/broker_reconciliation.py	packages/adapters/broker/alpaca_paper_ingress.py	22	static-import
packages/persistence/broker_reconciliation.py	packages/adapters/broker/alpaca_paper_observations.py	25	static-import
packages/persistence/broker_reconciliation.py	packages/adapters/broker/alpaca_paper_reconciliation.py	29	static-import
packages/persistence/broker_reconciliation.py	packages/domain/account_coordinator.py	32	static-import
packages/persistence/broker_reconciliation.py	packages/domain/broker_ingress.py	33	static-import
packages/persistence/broker_reconciliation.py	packages/domain/broker_reconciliation.py	34	static-import
packages/persistence/broker_reconciliation.py	packages/domain/clock.py	48	static-import
packages/persistence/broker_reconciliation.py	packages/persistence/account_coordinator.py	49	static-import
packages/persistence/broker_reconciliation.py	packages/persistence/alpaca_paper_lookup_observation.py	53	static-import
packages/persistence/broker_reconciliation.py	packages/persistence/alpaca_paper_lookup_observation.py	56	static-import
packages/persistence/broker_reconciliation.py	packages/persistence/alpaca_paper_lookup_observation.py	59	static-import
packages/persistence/broker_reconciliation.py	packages/persistence/broker_ingress.py	62	static-import
packages/persistence/broker_reconciliation.py	packages/persistence/broker_ingress.py	65	static-import
packages/persistence/broker_reconciliation.py	packages/persistence/database.py	68	static-import
packages/persistence/broker_reconciliation.py	packages/persistence/schema.py	70	static-import
packages/persistence/broker_request_budget.py	packages/domain/account_coordinator.py	16	static-import
packages/persistence/broker_request_budget.py	packages/domain/clock.py	29	static-import
packages/persistence/broker_request_budget.py	packages/persistence/account_coordinator.py	30	static-import
packages/persistence/broker_request_budget.py	packages/persistence/database.py	34	static-import
packages/persistence/broker_request_budget.py	packages/persistence/schema.py	36	static-import
packages/persistence/critical_alert.py	packages/domain/clock.py	14	static-import
packages/persistence/critical_alert.py	packages/persistence/account_coordinator.py	31	static-import
packages/persistence/critical_alert.py	packages/persistence/database.py	32	static-import
packages/persistence/critical_alert.py	packages/persistence/schema.py	34	static-import
packages/persistence/critical_alert_failure_control.py	packages/application/critical_alert_supervisor_failure_control.py	20	static-import
packages/persistence/critical_alert_failure_control.py	packages/domain/account_coordinator.py	27	static-import
packages/persistence/critical_alert_failure_control.py	packages/domain/clock.py	28	static-import
packages/persistence/critical_alert_failure_control.py	packages/domain/operational_control.py	30	static-import
packages/persistence/critical_alert_failure_control.py	packages/persistence/account_coordinator.py	34	static-import
packages/persistence/critical_alert_failure_control.py	packages/persistence/critical_alert.py	38	static-import
packages/persistence/critical_alert_failure_control.py	packages/persistence/database.py	42	static-import
packages/persistence/critical_alert_failure_control.py	packages/persistence/operational_control.py	48	static-import
packages/persistence/critical_alert_failure_control.py	packages/persistence/schema.py	54	static-import
packages/persistence/database.py	packages/domain/replay_manifest.py	16	static-import
packages/persistence/database.py	packages/domain/risk.py	20	static-import
packages/persistence/database.py	packages/persistence/schema.py	23	static-import
packages/persistence/database.py	packages/persistence/replay.py	171	static-import
packages/persistence/database.py	packages/domain/account_coordinator.py	381	static-import
packages/persistence/database.py	packages/domain/batch_risk.py	386	static-import
packages/persistence/database.py	packages/domain/ledger_reducer.py	387	static-import
packages/persistence/database.py	packages/domain/order_reducer.py	393	static-import
packages/persistence/database.py	packages/domain/reservation_lifecycle.py	394	static-import
packages/persistence/database.py	packages/domain/submission_attempt.py	399	static-import
packages/persistence/database.py	packages/persistence/account_coordinator.py	400	static-import
packages/persistence/database.py	packages/persistence/batch_risk.py	406	static-import
packages/persistence/database.py	packages/persistence/phase2_ledger.py	407	static-import
packages/persistence/database.py	packages/persistence/reservation_lifecycle.py	411	static-import
packages/persistence/database.py	packages/persistence/simulation_horizon.py	417	static-import
packages/persistence/database.py	packages/persistence/submission_attempt.py	422	static-import
packages/persistence/database.py	packages/domain/batch_risk.py	1000	static-import
packages/persistence/database.py	packages/persistence/batch_risk.py	1001	static-import
packages/persistence/database.py	packages/persistence/backtest_workflow.py	1044	static-import
packages/persistence/database.py	packages/persistence/advanced_batch_risk.py	1457	static-import
packages/persistence/database.py	packages/domain/operational_control.py	1468	static-import
packages/persistence/database.py	packages/persistence/operational_control.py	1469	static-import
packages/persistence/database.py	packages/persistence/critical_alert.py	1480	static-import
packages/persistence/database.py	packages/persistence/critical_alert_failure_control.py	1490	static-import
packages/persistence/database.py	packages/persistence/strategy_supervision.py	1501	static-import
packages/persistence/database.py	packages/persistence/strategy_invocation_lifecycle.py	1512	static-import
packages/persistence/database.py	packages/domain/broker_ingress.py	1523	static-import
packages/persistence/database.py	packages/persistence/broker_ingress.py	1524	static-import
packages/persistence/database.py	packages/persistence/broker_request_budget.py	1535	static-import
packages/persistence/database.py	packages/adapters/broker/alpaca_paper_account_runtime.py	1545	static-import
packages/persistence/database.py	packages/persistence/alpaca_paper_account_binding.py	1548	static-import
packages/persistence/database.py	packages/adapters/broker/alpaca_paper_asset_runtime.py	1558	static-import
packages/persistence/database.py	packages/persistence/alpaca_paper_asset_binding.py	1561	static-import
packages/persistence/database.py	packages/adapters/broker/alpaca_paper_lookup_runtime.py	1571	static-import
packages/persistence/database.py	packages/persistence/alpaca_paper_lookup_observation.py	1574	static-import
packages/persistence/database.py	packages/adapters/broker/alpaca_paper_order_snapshot_runtime.py	1584	static-import
packages/persistence/database.py	packages/persistence/alpaca_paper_order_snapshot.py	1587	static-import
packages/persistence/database.py	packages/adapters/broker/alpaca_paper_account_activity_runtime.py	1597	static-import
packages/persistence/database.py	packages/persistence/alpaca_paper_account_activity.py	1600	static-import
packages/persistence/database.py	packages/persistence/alpaca_paper_account_activity_comparison.py	1610	static-import
packages/persistence/database.py	packages/persistence/alpaca_paper_order_view_transition.py	1621	static-import
packages/persistence/database.py	packages/persistence/alpaca_paper_order_view_comparison.py	1632	static-import
packages/persistence/database.py	packages/persistence/alpaca_paper_position_snapshot.py	1643	static-import
packages/persistence/database.py	packages/persistence/alpaca_paper_position_view_transition.py	1654	static-import
packages/persistence/database.py	packages/persistence/alpaca_paper_position_view_comparison.py	1665	static-import
packages/persistence/database.py	packages/persistence/unknown_submission_recovery.py	1676	static-import
packages/persistence/database.py	packages/persistence/broker_reconciliation.py	1687	static-import
packages/persistence/database.py	packages/persistence/broker_inbox.py	1698	static-import
packages/persistence/database.py	packages/persistence/trusted_time.py	1709	static-import
packages/persistence/database.py	packages/persistence/experiment_governance.py	1722	static-import
packages/persistence/database.py	packages/persistence/risk.py	1760	static-import
packages/persistence/database.py	packages/persistence/fixture_segment_worker.py	1734	static-import
packages/persistence/database.py	packages/persistence/etrade_oauth_coordinator.py	1746	static-import
packages/persistence/etrade_oauth_coordinator.py	packages/adapters/broker/etrade_oauth.py	34	static-import
packages/persistence/etrade_oauth_coordinator.py	packages/persistence/account_coordinator.py	54	static-import
packages/persistence/etrade_oauth_coordinator.py	packages/persistence/database.py	55	static-import
packages/persistence/etrade_oauth_coordinator.py	packages/persistence/schema.py	61	static-import
packages/persistence/experiment_governance.py	packages/domain/experiment_governance.py	24	static-import
packages/persistence/experiment_governance.py	packages/domain/feature_target.py	50	static-import
packages/persistence/experiment_governance.py	packages/persistence/database.py	51	static-import
packages/persistence/experiment_governance.py	packages/persistence/schema.py	57	static-import
packages/persistence/fixture_segment_worker.py	packages/domain/experiment_governance.py	17	static-import
packages/persistence/fixture_segment_worker.py	packages/domain/experiment_governance.py	25	static-import
packages/persistence/fixture_segment_worker.py	packages/domain/feature.py	29	static-import
packages/persistence/fixture_segment_worker.py	packages/domain/feature_target.py	34	static-import
packages/persistence/fixture_segment_worker.py	packages/domain/fixture_segment_worker.py	38	static-import
packages/persistence/fixture_segment_worker.py	packages/persistence/database.py	59	static-import
packages/persistence/fixture_segment_worker.py	packages/persistence/experiment_governance.py	60	static-import
packages/persistence/fixture_segment_worker.py	packages/persistence/experiment_governance.py	67	static-import
packages/persistence/fixture_segment_worker.py	packages/persistence/schema.py	76	static-import
packages/persistence/local_operations.py	packages/application/local_operations.py	13	static-import
packages/persistence/local_operations.py	packages/domain/account_coordinator.py	19	static-import
packages/persistence/local_operations.py	packages/domain/advanced_risk_admission.py	23	static-import
packages/persistence/local_operations.py	packages/domain/operational_control.py	32	static-import
packages/persistence/local_operations.py	packages/persistence/account_coordinator.py	33	static-import
packages/persistence/local_operations.py	packages/persistence/advanced_risk.py	38	static-import
packages/persistence/local_operations.py	packages/persistence/critical_alert.py	42	static-import
packages/persistence/local_operations.py	packages/persistence/database.py	46	static-import
packages/persistence/local_operations.py	packages/persistence/operational_control.py	48	static-import
packages/persistence/local_operations.py	packages/persistence/schema.py	52	static-import
packages/persistence/market_data.py	packages/persistence/schema.py	24	static-import
packages/persistence/operational_control.py	packages/application/critical_alert_supervisor_failure_control.py	17	static-import
packages/persistence/operational_control.py	packages/domain/account_coordinator.py	25	static-import
packages/persistence/operational_control.py	packages/domain/clock.py	31	static-import
packages/persistence/operational_control.py	packages/domain/operational_control.py	32	static-import
packages/persistence/operational_control.py	packages/persistence/account_coordinator.py	54	static-import
packages/persistence/operational_control.py	packages/persistence/database.py	58	static-import
packages/persistence/operational_control.py	packages/persistence/schema.py	60	static-import
packages/persistence/phase2_ledger.py	packages/domain/ledger_reducer.py	16	static-import
packages/persistence/phase2_ledger.py	packages/persistence/schema.py	30	static-import
packages/persistence/replay.py	packages/datasets/replay_tape.py	15	static-import
packages/persistence/replay.py	packages/domain/replay_manifest.py	25	static-import
packages/persistence/replay.py	packages/persistence/market_data.py	39	static-import
packages/persistence/replay.py	packages/persistence/schema.py	44	static-import
packages/persistence/reservation_lifecycle.py	packages/backtest/simulated_broker.py	18	static-import
packages/persistence/reservation_lifecycle.py	packages/backtest/simulation_horizon.py	19	static-import
packages/persistence/reservation_lifecycle.py	packages/domain/account_coordinator.py	20	static-import
packages/persistence/reservation_lifecycle.py	packages/domain/batch_risk.py	21	static-import
packages/persistence/reservation_lifecycle.py	packages/domain/ledger_reducer.py	28	static-import
packages/persistence/reservation_lifecycle.py	packages/domain/market_batch.py	29	static-import
packages/persistence/reservation_lifecycle.py	packages/domain/models.py	30	static-import
packages/persistence/reservation_lifecycle.py	packages/domain/order_reducer.py	31	static-import
packages/persistence/reservation_lifecycle.py	packages/domain/replay.py	42	static-import
packages/persistence/reservation_lifecycle.py	packages/domain/replay_manifest.py	43	static-import
packages/persistence/reservation_lifecycle.py	packages/domain/reservation_lifecycle.py	44	static-import
packages/persistence/reservation_lifecycle.py	packages/domain/submission_attempt.py	61	static-import
packages/persistence/reservation_lifecycle.py	packages/persistence/account_coordinator.py	68	static-import
packages/persistence/reservation_lifecycle.py	packages/persistence/batch_risk.py	69	static-import
packages/persistence/reservation_lifecycle.py	packages/persistence/phase2_ledger.py	86	static-import
packages/persistence/reservation_lifecycle.py	packages/persistence/schema.py	91	static-import
packages/persistence/reservation_lifecycle.py	packages/persistence/simulation_horizon.py	101	static-import
packages/persistence/reservation_lifecycle.py	packages/persistence/submission_attempt.py	102	static-import
packages/persistence/risk.py	packages/domain/models.py	18	static-import
packages/persistence/risk.py	packages/domain/risk.py	25	static-import
packages/persistence/risk.py	packages/persistence/schema.py	38	static-import
packages/persistence/simulation_horizon.py	packages/backtest/simulated_broker.py	15	static-import
packages/persistence/simulation_horizon.py	packages/backtest/simulation_horizon.py	23	static-import
packages/persistence/simulation_horizon.py	packages/domain/batch_risk.py	30	static-import
packages/persistence/simulation_horizon.py	packages/domain/market_batch.py	36	static-import
packages/persistence/simulation_horizon.py	packages/domain/models.py	42	static-import
packages/persistence/simulation_horizon.py	packages/domain/replay.py	43	static-import
packages/persistence/simulation_horizon.py	packages/domain/replay_manifest.py	44	static-import
packages/persistence/simulation_horizon.py	packages/domain/risk.py	45	static-import
packages/persistence/simulation_horizon.py	packages/domain/submission_attempt.py	46	static-import
packages/persistence/simulation_horizon.py	packages/persistence/__init__.py	51	static-import
packages/persistence/simulation_horizon.py	packages/persistence/replay.py	51	static-import
packages/persistence/simulation_horizon.py	packages/persistence/batch_risk.py	52	static-import
packages/persistence/simulation_horizon.py	packages/persistence/market_data.py	58	static-import
packages/persistence/simulation_horizon.py	packages/persistence/replay.py	59	static-import
packages/persistence/simulation_horizon.py	packages/persistence/schema.py	60	static-import
packages/persistence/simulation_horizon.py	packages/persistence/submission_attempt.py	67	static-import
packages/persistence/simulation_horizon.py	packages/persistence/reservation_lifecycle.py	1081	static-import
packages/persistence/strategy_invocation_lifecycle.py	packages/persistence/schema.py	18	static-import
packages/persistence/strategy_invocation_lifecycle.py	packages/domain/account_coordinator.py	19	static-import
packages/persistence/strategy_invocation_lifecycle.py	packages/domain/clock.py	26	static-import
packages/persistence/strategy_invocation_lifecycle.py	packages/domain/operational_control.py	27	static-import
packages/persistence/strategy_invocation_lifecycle.py	packages/domain/strategy_invocation_lifecycle.py	32	static-import
packages/persistence/strategy_invocation_lifecycle.py	packages/domain/strategy_supervision.py	45	static-import
packages/persistence/strategy_invocation_lifecycle.py	packages/persistence/account_coordinator.py	50	static-import
packages/persistence/strategy_invocation_lifecycle.py	packages/persistence/database.py	55	static-import
packages/persistence/strategy_invocation_lifecycle.py	packages/persistence/operational_control.py	57	static-import
packages/persistence/strategy_invocation_lifecycle.py	packages/persistence/strategy_supervision.py	60	static-import
packages/persistence/strategy_supervision.py	packages/domain/account_coordinator.py	17	static-import
packages/persistence/strategy_supervision.py	packages/domain/clock.py	23	static-import
packages/persistence/strategy_supervision.py	packages/domain/operational_control.py	25	static-import
packages/persistence/strategy_supervision.py	packages/domain/strategy_supervision.py	29	static-import
packages/persistence/strategy_supervision.py	packages/domain/strategy_supervision_alert.py	37	static-import
packages/persistence/strategy_supervision.py	packages/domain/strategy_supervision_control.py	40	static-import
packages/persistence/strategy_supervision.py	packages/persistence/account_coordinator.py	43	static-import
packages/persistence/strategy_supervision.py	packages/persistence/critical_alert.py	47	static-import
packages/persistence/strategy_supervision.py	packages/persistence/database.py	51	static-import
packages/persistence/strategy_supervision.py	packages/persistence/operational_control.py	53	static-import
packages/persistence/strategy_supervision.py	packages/persistence/schema.py	58	static-import
packages/persistence/submission_attempt.py	packages/domain/account_coordinator.py	18	static-import
packages/persistence/submission_attempt.py	packages/domain/batch_risk.py	23	static-import
packages/persistence/submission_attempt.py	packages/domain/decision.py	31	static-import
packages/persistence/submission_attempt.py	packages/domain/models.py	33	static-import
packages/persistence/submission_attempt.py	packages/domain/reservation_lifecycle.py	34	static-import
packages/persistence/submission_attempt.py	packages/domain/risk.py	39	static-import
packages/persistence/submission_attempt.py	packages/domain/submission_attempt.py	40	static-import
packages/persistence/submission_attempt.py	packages/domain/submission_attempt.py	59	static-import
packages/persistence/submission_attempt.py	packages/persistence/account_coordinator.py	62	static-import
packages/persistence/submission_attempt.py	packages/persistence/advanced_batch_risk.py	67	static-import
packages/persistence/submission_attempt.py	packages/persistence/batch_risk.py	70	static-import
packages/persistence/submission_attempt.py	packages/persistence/schema.py	81	static-import
packages/persistence/submission_attempt.py	packages/adapters/broker/alpaca_paper_lookup_runtime.py	92	static-import
packages/persistence/submission_attempt.py	packages/persistence/reservation_lifecycle.py	1356	static-import
packages/persistence/submission_attempt.py	packages/persistence/reservation_lifecycle.py	1406	static-import
packages/persistence/submission_attempt.py	packages/adapters/broker/alpaca_paper_lookup_runtime.py	1527	static-import
packages/persistence/trusted_time.py	packages/application/durable_trusted_time_monitor.py	27	static-import
packages/persistence/trusted_time.py	packages/application/trusted_time_head_anchor.py	34	static-import
packages/persistence/trusted_time.py	packages/application/trusted_time_monitor.py	39	static-import
packages/persistence/trusted_time.py	packages/domain/trusted_time.py	50	static-import
packages/persistence/trusted_time.py	packages/persistence/account_coordinator.py	57	static-import
packages/persistence/trusted_time.py	packages/persistence/database.py	58	static-import
packages/persistence/trusted_time.py	packages/persistence/schema.py	60	static-import
packages/persistence/trusted_time_graceful_stop_v2.py	packages/domain/trusted_time_graceful_stop_v2.py	21	static-import
packages/persistence/trusted_time_graceful_stop_v2.py	packages/domain/trusted_time_graceful_stop_v2_lifecycle_semantics.py	55	static-import
packages/persistence/trusted_time_graceful_stop_v2.py	packages/domain/trusted_time_graceful_stop_v2_recovery.py	62	static-import
packages/persistence/trusted_time_head_anchor.py	packages/application/trusted_time_head_anchor.py	28	static-import
packages/persistence/trusted_time_head_anchor.py	packages/application/trusted_time_head_anchor.py	31	static-import
packages/persistence/trusted_time_head_anchor.py	packages/persistence/account_coordinator.py	52	static-import
packages/persistence/trusted_time_head_anchor.py	packages/persistence/database.py	53	static-import
packages/persistence/trusted_time_head_anchor.py	packages/persistence/schema.py	55	static-import
packages/persistence/trusted_time_head_anchor.py	packages/persistence/trusted_time.py	62	static-import
packages/persistence/unknown_submission_recovery.py	packages/adapters/broker/alpaca_paper_lookup_runtime.py	17	static-import
packages/persistence/unknown_submission_recovery.py	packages/domain/account_coordinator.py	22	static-import
packages/persistence/unknown_submission_recovery.py	packages/domain/submission_attempt.py	29	static-import
packages/persistence/unknown_submission_recovery.py	packages/domain/unknown_submission_recovery.py	35	static-import
packages/persistence/unknown_submission_recovery.py	packages/persistence/account_coordinator.py	46	static-import
packages/persistence/unknown_submission_recovery.py	packages/persistence/alpaca_paper_lookup_observation.py	51	static-import
packages/persistence/unknown_submission_recovery.py	packages/persistence/alpaca_paper_lookup_observation.py	54	static-import
packages/persistence/unknown_submission_recovery.py	packages/persistence/alpaca_paper_lookup_observation.py	58	static-import
packages/persistence/unknown_submission_recovery.py	packages/persistence/alpaca_paper_lookup_observation.py	61	static-import
packages/persistence/unknown_submission_recovery.py	packages/persistence/database.py	64	static-import
packages/persistence/unknown_submission_recovery.py	packages/persistence/schema.py	66	static-import
packages/persistence/unknown_submission_recovery.py	packages/persistence/submission_attempt.py	72	static-import
packages/persistence/walking_thread.py	packages/domain/models.py	13	static-import
packages/persistence/walking_thread.py	packages/domain/risk.py	14	static-import
packages/persistence/walking_thread.py	packages/domain/walking_thread.py	15	static-import
packages/persistence/walking_thread.py	packages/persistence/risk.py	21	static-import
packages/persistence/walking_thread.py	packages/persistence/schema.py	26	static-import
packages/risk/__init__.py	packages/risk/batch_repository.py	3	static-import
packages/risk/batch_repository.py	packages/domain/batch_risk.py	12	static-import
packages/risk/batch_repository.py	packages/domain/models.py	25	static-import
packages/risk/batch_repository.py	packages/domain/risk.py	26	static-import
scripts/bind_alpaca_paper_account.py	packages/adapters/broker/alpaca_paper.py	31	static-import
scripts/bind_alpaca_paper_account.py	packages/adapters/broker/alpaca_paper_account_assets.py	36	static-import
scripts/bind_alpaca_paper_account.py	packages/adapters/broker/alpaca_paper_account_runtime.py	41	static-import
scripts/bind_alpaca_paper_account.py	packages/adapters/broker/alpaca_paper_budget.py	49	static-import
scripts/bind_alpaca_paper_account.py	packages/adapters/broker/alpaca_paper_ingress.py	53	static-import
scripts/bind_alpaca_paper_account.py	packages/domain/account_coordinator.py	57	static-import
scripts/bind_alpaca_paper_account.py	packages/domain/clock.py	60	static-import
scripts/bind_alpaca_paper_account.py	packages/persistence/account_coordinator.py	61	static-import
scripts/bind_alpaca_paper_account.py	packages/persistence/alpaca_paper_account_binding.py	67	static-import
scripts/bind_alpaca_paper_account.py	packages/persistence/broker_ingress.py	71	static-import
scripts/bind_alpaca_paper_account.py	packages/persistence/broker_request_budget.py	76	static-import
scripts/bind_alpaca_paper_account.py	packages/persistence/database.py	81	static-import
scripts/bind_alpaca_paper_account.py	packages/persistence/operational_control.py	82	static-import
scripts/bind_alpaca_paper_account.py	packages/persistence/schema.py	85	static-import
scripts/bind_alpaca_paper_account.py	scripts/verify_local_paper_smoke_preflight.py	100	static-import
scripts/diagnose_trusted_time_runtime.py	apps/trusted_time_supervisor/head_anchor_config.py	157	static-import
scripts/diagnose_trusted_time_runtime.py	packages/adapters/trusted_time/ed25519_anchor.py	162	static-import
scripts/diagnose_trusted_time_runtime.py	packages/adapters/trusted_time/supabase_storage_anchor.py	166	static-import
scripts/diagnose_trusted_time_runtime.py	packages/application/trusted_time_head_anchor.py	184	static-import
scripts/diagnose_trusted_time_runtime.py	packages/persistence/database.py	188	static-import
scripts/diagnose_trusted_time_runtime.py	packages/persistence/schema.py	189	static-import
scripts/diagnose_trusted_time_runtime.py	packages/persistence/trusted_time.py	195	static-import
scripts/diagnose_trusted_time_runtime.py	packages/persistence/trusted_time_head_anchor.py	196	static-import
scripts/diagnose_trusted_time_runtime.py	scripts/inspect_trusted_time_qualification.py	199	static-import
scripts/diagnose_trusted_time_runtime.py	scripts/start_trusted_time_supervisor.py	203	static-import
scripts/enroll_trusted_time_head_anchor.py	apps/trusted_time_supervisor/config.py	109	static-import
scripts/enroll_trusted_time_head_anchor.py	apps/trusted_time_supervisor/first_enrollment.py	113	static-import
scripts/enroll_trusted_time_head_anchor.py	apps/trusted_time_supervisor/head_anchor_config.py	116	static-import
scripts/enroll_trusted_time_head_anchor.py	packages/domain/trusted_time_enrollment_evidence.py	120	static-import
scripts/enroll_trusted_time_head_anchor.py	scripts/start_trusted_time_supervisor.py	133	static-import
scripts/enroll_trusted_time_head_anchor.py	scripts/verify_trusted_time_compose.py	188	static-import
scripts/enroll_trusted_time_head_anchor.py	scripts/verify_trusted_time_images.py	197	static-import
scripts/enroll_trusted_time_head_anchor.py	scripts/verify_trusted_time_images.py	215	static-import
scripts/generate_api_contracts.py	apps/api/config.py	33	static-import
scripts/generate_api_contracts.py	apps/api/main.py	34	static-import
scripts/generate_trusted_time_anchor_artifacts.py	apps/trusted_time_supervisor/config.py	35	static-import
scripts/generate_trusted_time_anchor_artifacts.py	apps/trusted_time_supervisor/head_anchor_config.py	36	static-import
scripts/generate_trusted_time_anchor_artifacts.py	packages/adapters/trusted_time/ed25519_anchor.py	47	static-import
scripts/generate_trusted_time_anchor_artifacts.py	packages/adapters/trusted_time/supabase_storage_anchor.py	48	static-import
scripts/generate_trusted_time_anchor_artifacts.py	packages/application/trusted_time_head_anchor.py	52	static-import
scripts/generate_trusted_time_anchor_artifacts.py	scripts/provision_trusted_time_anchor_project.py	56	static-import
scripts/inspect_trusted_time_qualification.py	apps/trusted_time_supervisor/config.py	122	static-import
scripts/inspect_trusted_time_qualification.py	packages/application/trusted_time_monitor.py	130	static-import
scripts/inspect_trusted_time_qualification.py	packages/domain/trusted_time.py	131	static-import
scripts/inspect_trusted_time_qualification.py	packages/persistence/database.py	132	static-import
scripts/inspect_trusted_time_qualification.py	packages/persistence/schema.py	137	static-import
scripts/inspect_trusted_time_qualification.py	packages/persistence/trusted_time.py	142	static-import
scripts/inspect_trusted_time_qualification.py	scripts/start_trusted_time_supervisor.py	145	static-import
scripts/inspect_trusted_time_qualification.py	scripts/verify_local_paper_smoke_preflight.py	150	static-import
scripts/inspect_trusted_time_qualification.py	scripts/verify_trusted_time_images.py	154	static-import
scripts/migrate_phase6_trusted_time_head_anchors.py	packages/persistence/database.py	40	static-import
scripts/migrate_phase6_trusted_time_head_anchors.py	packages/persistence/schema.py	47	static-import
scripts/migrate_phase6_trusted_time_head_anchors.py	scripts/migrate_phase6_trusted_time_uncertainty.py	52	static-import
scripts/migrate_phase6_trusted_time_head_anchors.py	scripts/verify_local_paper_smoke_preflight.py	54	static-import
scripts/migrate_phase6_trusted_time_uncertainty.py	packages/persistence/database.py	38	static-import
scripts/migrate_phase6_trusted_time_uncertainty.py	packages/persistence/schema.py	45	static-import
scripts/migrate_phase6_trusted_time_uncertainty.py	scripts/verify_local_paper_smoke_preflight.py	53	static-import
scripts/prove_trusted_time_anchor_storage.py	apps/trusted_time_supervisor/head_anchor_config.py	31	static-import
scripts/prove_trusted_time_anchor_storage.py	packages/adapters/trusted_time/supabase_storage_anchor.py	36	static-import
scripts/prove_trusted_time_anchor_storage.py	packages/application/trusted_time_head_anchor.py	39	static-import
scripts/prove_trusted_time_anchor_storage.py	scripts/provision_trusted_time_anchor_project.py	44	static-import
scripts/provision_trusted_time_post_enrollment_graceful_stop_operator_authority.py	packages/domain/trusted_time_post_enrollment_graceful_stop_operator_authority.py	87	static-import
scripts/provision_trusted_time_post_enrollment_graceful_stop_operator_authority.py	packages/domain/trusted_time_post_enrollment_operator_authority.py	98	static-import
scripts/provision_trusted_time_post_enrollment_graceful_stop_operator_authority.py	scripts/provision_trusted_time_post_enrollment_operator_authority.py	104	static-import
scripts/provision_trusted_time_post_enrollment_operator_authority.py	packages/domain/trusted_time_post_enrollment_operator_authority.py	88	static-import
scripts/start_trusted_time_supervisor.py	apps/trusted_time_supervisor/config.py	116	static-import
scripts/start_trusted_time_supervisor.py	apps/trusted_time_supervisor/head_anchor_config.py	121	static-import
scripts/start_trusted_time_supervisor.py	scripts/verify_trusted_time_compose.py	135	static-import
scripts/start_trusted_time_supervisor.py	scripts/verify_trusted_time_images.py	144	static-import
scripts/start_trusted_time_supervisor.py	scripts/verify_trusted_time_images.py	165	static-import
scripts/trusted_time_post_enrollment_action_topology_fence.py	packages/domain/trusted_time_enrollment_evidence.py	20	static-import
scripts/trusted_time_post_enrollment_action_topology_fence.py	packages/domain/trusted_time_post_enrollment_start.py	24	static-import
scripts/trusted_time_post_enrollment_action_topology_fence.py	scripts/start_trusted_time_supervisor.py	27	static-import
scripts/trusted_time_post_enrollment_action_topology_fence.py	scripts/trusted_time_post_enrollment_claimed_fence.py	28	static-import
scripts/trusted_time_post_enrollment_action_topology_fence.py	scripts/trusted_time_post_enrollment_staging.py	32	static-import
scripts/trusted_time_post_enrollment_action_topology_fence.py	scripts/trusted_time_post_enrollment_start.py	35	static-import
scripts/trusted_time_post_enrollment_action_topology_fence.py	scripts/trusted_time_post_enrollment_topology_reader.py	40	static-import
scripts/trusted_time_post_enrollment_active_controller.py	apps/trusted_time_supervisor/head_anchor_attempt.py	19	static-import
scripts/trusted_time_post_enrollment_active_controller.py	apps/trusted_time_supervisor/post_enrollment_release.py	22	static-import
scripts/trusted_time_post_enrollment_active_controller.py	apps/trusted_time_supervisor/post_enrollment_sequence_two_ready.py	28	static-import
scripts/trusted_time_post_enrollment_active_controller.py	apps/trusted_time_supervisor/post_enrollment_start.py	32	static-import
scripts/trusted_time_post_enrollment_active_controller.py	packages/domain/trusted_time_enrollment_evidence.py	35	static-import
scripts/trusted_time_post_enrollment_active_controller.py	packages/domain/trusted_time_post_enrollment_start.py	38	static-import
scripts/trusted_time_post_enrollment_active_controller.py	scripts/start_trusted_time_supervisor.py	42	static-import
scripts/trusted_time_post_enrollment_active_controller.py	scripts/trusted_time_post_enrollment_active_controller_admission.py	46	static-import
scripts/trusted_time_post_enrollment_active_controller.py	scripts/trusted_time_post_enrollment_claimed_fence.py	50	static-import
scripts/trusted_time_post_enrollment_active_controller.py	scripts/trusted_time_post_enrollment_controller_outcome.py	53	static-import
scripts/trusted_time_post_enrollment_active_controller.py	scripts/trusted_time_post_enrollment_outcome.py	62	static-import
scripts/trusted_time_post_enrollment_active_controller.py	scripts/trusted_time_post_enrollment_persistent_topology.py	67	static-import
scripts/trusted_time_post_enrollment_active_controller.py	scripts/trusted_time_post_enrollment_sequence_two_verifier.py	72	static-import
scripts/trusted_time_post_enrollment_active_controller.py	scripts/trusted_time_post_enrollment_staged_topology.py	75	static-import
scripts/trusted_time_post_enrollment_active_controller.py	scripts/trusted_time_post_enrollment_start.py	81	static-import
scripts/trusted_time_post_enrollment_active_controller.py	scripts/trusted_time_post_enrollment_topology.py	87	static-import
scripts/trusted_time_post_enrollment_active_controller.py	scripts/trusted_time_post_enrollment_topology_reader.py	90	static-import
scripts/trusted_time_post_enrollment_active_controller_admission.py	packages/domain/trusted_time_enrollment_evidence.py	20	static-import
scripts/trusted_time_post_enrollment_active_controller_admission.py	scripts/trusted_time_post_enrollment_action_topology_fence.py	24	static-import
scripts/trusted_time_post_enrollment_active_controller_admission.py	scripts/trusted_time_post_enrollment_claimed_fence.py	28	static-import
scripts/trusted_time_post_enrollment_active_controller_admission.py	scripts/trusted_time_post_enrollment_staging.py	31	static-import
scripts/trusted_time_post_enrollment_active_controller_admission.py	scripts/trusted_time_post_enrollment_start.py	34	static-import
scripts/trusted_time_post_enrollment_active_controller_admission.py	scripts/trusted_time_post_enrollment_topology_reader.py	40	static-import
scripts/trusted_time_post_enrollment_claimed_fence.py	packages/domain/trusted_time_enrollment_evidence.py	24	static-import
scripts/trusted_time_post_enrollment_claimed_fence.py	packages/domain/trusted_time_post_enrollment_start.py	28	static-import
scripts/trusted_time_post_enrollment_claimed_fence.py	scripts/start_trusted_time_supervisor.py	31	static-import
scripts/trusted_time_post_enrollment_claimed_fence.py	scripts/trusted_time_post_enrollment_staging.py	32	static-import
scripts/trusted_time_post_enrollment_claimed_fence.py	scripts/trusted_time_post_enrollment_start.py	38	static-import
scripts/trusted_time_post_enrollment_claimed_fence.py	scripts/trusted_time_post_enrollment_topology_fence.py	43	static-import
scripts/trusted_time_post_enrollment_claimed_fence.py	scripts/trusted_time_post_enrollment_topology_reader.py	48	static-import
scripts/trusted_time_post_enrollment_clean_stop_terminal_reauthentication.py	apps/trusted_time_supervisor/config.py	27	static-import
scripts/trusted_time_post_enrollment_clean_stop_terminal_reauthentication.py	apps/trusted_time_supervisor/head_anchor_config.py	28	static-import
scripts/trusted_time_post_enrollment_clean_stop_terminal_reauthentication.py	packages/adapters/trusted_time/ed25519_anchor.py	32	static-import
scripts/trusted_time_post_enrollment_clean_stop_terminal_reauthentication.py	packages/adapters/trusted_time/supabase_storage_anchor.py	35	static-import
scripts/trusted_time_post_enrollment_clean_stop_terminal_reauthentication.py	packages/application/trusted_time_head_anchor.py	40	static-import
scripts/trusted_time_post_enrollment_clean_stop_terminal_reauthentication.py	packages/domain/trusted_time_enrollment_evidence.py	48	static-import
scripts/trusted_time_post_enrollment_clean_stop_terminal_reauthentication.py	packages/persistence/trusted_time_head_anchor.py	53	static-import
scripts/trusted_time_post_enrollment_controller_outcome.py	packages/adapters/trusted_time/_owned_file_descriptor.py	24	static-import
scripts/trusted_time_post_enrollment_controller_outcome.py	packages/adapters/trusted_time/_owned_file_descriptor.py	27	static-import
scripts/trusted_time_post_enrollment_controller_outcome.py	packages/adapters/trusted_time/_owned_file_descriptor.py	30	static-import
scripts/trusted_time_post_enrollment_controller_outcome.py	packages/adapters/trusted_time/_owned_file_descriptor.py	33	static-import
scripts/trusted_time_post_enrollment_controller_outcome.py	packages/adapters/trusted_time/_owned_file_descriptor.py	36	static-import
scripts/trusted_time_post_enrollment_controller_outcome.py	packages/adapters/trusted_time/_owned_file_descriptor.py	39	static-import
scripts/trusted_time_post_enrollment_controller_outcome.py	packages/adapters/trusted_time/_owned_file_descriptor.py	42	static-import
scripts/trusted_time_post_enrollment_controller_outcome.py	packages/adapters/trusted_time/_owned_file_descriptor.py	45	static-import
scripts/trusted_time_post_enrollment_controller_outcome.py	packages/adapters/trusted_time/_owned_file_descriptor.py	48	static-import
scripts/trusted_time_post_enrollment_controller_outcome.py	packages/domain/trusted_time_enrollment_evidence.py	51	static-import
scripts/trusted_time_post_enrollment_controller_outcome.py	packages/domain/trusted_time_post_enrollment_start.py	55	static-import
scripts/trusted_time_post_enrollment_controller_outcome.py	scripts/trusted_time_post_enrollment_active_controller_admission.py	58	static-import
scripts/trusted_time_post_enrollment_controller_outcome.py	scripts/trusted_time_post_enrollment_outcome.py	61	static-import
scripts/trusted_time_post_enrollment_controller_outcome.py	scripts/trusted_time_post_enrollment_persistent_topology.py	79	static-import
scripts/trusted_time_post_enrollment_controller_outcome.py	scripts/trusted_time_post_enrollment_shutdown_locator.py	82	static-import
scripts/trusted_time_post_enrollment_controller_outcome.py	scripts/trusted_time_post_enrollment_start.py	94	static-import
scripts/trusted_time_post_enrollment_controller_outcome.py	scripts/trusted_time_post_enrollment_topology_reader.py	100	static-import
scripts/trusted_time_post_enrollment_evidence.py	packages/domain/trusted_time_enrollment_evidence.py	12	static-import
scripts/trusted_time_post_enrollment_execution_admission.py	packages/adapters/trusted_time/_owned_file_descriptor.py	32	static-import
scripts/trusted_time_post_enrollment_execution_admission.py	packages/adapters/trusted_time/_owned_file_descriptor.py	35	static-import
scripts/trusted_time_post_enrollment_execution_admission.py	packages/adapters/trusted_time/_owned_file_descriptor.py	38	static-import
scripts/trusted_time_post_enrollment_execution_admission.py	packages/adapters/trusted_time/_owned_file_descriptor.py	41	static-import
scripts/trusted_time_post_enrollment_execution_admission.py	packages/adapters/trusted_time/_owned_file_descriptor.py	44	static-import
scripts/trusted_time_post_enrollment_execution_admission.py	packages/adapters/trusted_time/_owned_file_descriptor.py	47	static-import
scripts/trusted_time_post_enrollment_execution_admission.py	packages/adapters/trusted_time/_owned_file_descriptor.py	50	static-import
scripts/trusted_time_post_enrollment_execution_admission.py	packages/adapters/trusted_time/_owned_file_descriptor.py	53	static-import
scripts/trusted_time_post_enrollment_execution_admission.py	packages/adapters/trusted_time/_owned_file_descriptor.py	56	static-import
scripts/trusted_time_post_enrollment_execution_admission.py	packages/adapters/trusted_time/ed25519_operator_attestation.py	59	static-import
scripts/trusted_time_post_enrollment_execution_admission.py	packages/domain/trusted_time_enrollment_evidence.py	68	static-import
scripts/trusted_time_post_enrollment_execution_admission.py	packages/domain/trusted_time_post_enrollment_operator_attestation.py	80	static-import
scripts/trusted_time_post_enrollment_execution_admission.py	packages/domain/trusted_time_post_enrollment_operator_authority.py	95	static-import
scripts/trusted_time_post_enrollment_execution_admission.py	packages/domain/trusted_time_post_enrollment_start.py	108	static-import
scripts/trusted_time_post_enrollment_execution_admission.py	scripts/trusted_time_post_enrollment_operator_attestation_artifacts.py	116	static-import
scripts/trusted_time_post_enrollment_execution_admission.py	scripts/verify_trusted_time_images.py	119	static-import
scripts/trusted_time_post_enrollment_execution_admission.py	scripts/verify_trusted_time_images.py	136	static-import
scripts/trusted_time_post_enrollment_execution_admission.py	scripts/verify_trusted_time_images.py	139	static-import
scripts/trusted_time_post_enrollment_graceful_stop.py	packages/domain/trusted_time_enrollment_evidence.py	17	static-import
scripts/trusted_time_post_enrollment_graceful_stop.py	scripts/trusted_time_post_enrollment_controller_outcome.py	22	static-import
scripts/trusted_time_post_enrollment_graceful_stop.py	scripts/trusted_time_post_enrollment_shutdown_locator.py	28	static-import
scripts/trusted_time_post_enrollment_graceful_stop.py	scripts/trusted_time_post_enrollment_shutdown_locator.py	31	static-import
scripts/trusted_time_post_enrollment_graceful_stop_decision_artifacts.py	packages/adapters/trusted_time/_owned_file_descriptor.py	91	static-import
scripts/trusted_time_post_enrollment_graceful_stop_decision_artifacts.py	scripts/trusted_time_post_enrollment_operator_attestation_artifacts.py	96	static-import
scripts/trusted_time_post_enrollment_graceful_stop_decision_artifacts.py	scripts/trusted_time_post_enrollment_controller_outcome.py	99	static-import
scripts/trusted_time_post_enrollment_graceful_stop_decision_artifacts.py	scripts/trusted_time_post_enrollment_execution_admission.py	104	static-import
scripts/trusted_time_post_enrollment_graceful_stop_decision_artifacts.py	scripts/trusted_time_post_enrollment_graceful_stop.py	111	static-import
scripts/trusted_time_post_enrollment_graceful_stop_decision_artifacts.py	scripts/verify_trusted_time_images.py	117	static-import
scripts/trusted_time_post_enrollment_graceful_stop_lifecycle.py	packages/adapters/trusted_time/ed25519_graceful_stop_operator_attestation.py	30	static-import
scripts/trusted_time_post_enrollment_graceful_stop_lifecycle.py	packages/domain/trusted_time_enrollment_evidence.py	33	static-import
scripts/trusted_time_post_enrollment_graceful_stop_lifecycle.py	packages/domain/trusted_time_post_enrollment_graceful_stop_operator_attestation.py	36	static-import
scripts/trusted_time_post_enrollment_graceful_stop_lifecycle.py	scripts/trusted_time_post_enrollment_graceful_stop.py	42	static-import
scripts/trusted_time_post_enrollment_graceful_stop_lifecycle.py	scripts/trusted_time_post_enrollment_shutdown_locator.py	49	static-import
scripts/trusted_time_post_enrollment_graceful_stop_operator_attestation_artifacts.py	packages/adapters/trusted_time/ed25519_graceful_stop_operator_attestation.py	87	static-import
scripts/trusted_time_post_enrollment_graceful_stop_operator_attestation_artifacts.py	packages/domain/trusted_time_enrollment_evidence.py	96	static-import
scripts/trusted_time_post_enrollment_graceful_stop_operator_attestation_artifacts.py	packages/domain/trusted_time_post_enrollment_graceful_stop_operator_attestation.py	99	static-import
scripts/trusted_time_post_enrollment_graceful_stop_operator_attestation_artifacts.py	packages/domain/trusted_time_post_enrollment_graceful_stop_operator_authority.py	111	static-import
scripts/trusted_time_post_enrollment_graceful_stop_operator_attestation_artifacts.py	scripts/trusted_time_post_enrollment_operator_attestation_artifacts.py	120	static-import
scripts/trusted_time_post_enrollment_graceful_stop_operator_attestation_artifacts.py	scripts/trusted_time_post_enrollment_graceful_stop.py	123	static-import
scripts/trusted_time_post_enrollment_graceful_stop_supervisor_bridge.py	packages/application/trusted_time_head_anchor.py	1807	static-import
scripts/trusted_time_post_enrollment_graceful_stop_supervisor_bridge.py	packages/application/trusted_time_head_anchor_clean_stop_supervisor_bridge.py	1810	static-import
scripts/trusted_time_post_enrollment_graceful_stop_supervisor_bridge.py	packages/domain/trusted_time_enrollment_evidence.py	1818	static-import
scripts/trusted_time_post_enrollment_graceful_stop_supervisor_bridge.py	scripts/trusted_time_post_enrollment_clean_stop_terminal_reauthentication.py	1822	static-import
scripts/trusted_time_post_enrollment_graceful_stop_supervisor_bridge.py	scripts/trusted_time_post_enrollment_graceful_stop.py	1829	static-import
scripts/trusted_time_post_enrollment_graceful_stop_supervisor_bridge.py	scripts/trusted_time_post_enrollment_graceful_stop_decision_artifacts.py	1832	static-import
scripts/trusted_time_post_enrollment_graceful_stop_supervisor_bridge.py	scripts/trusted_time_post_enrollment_graceful_stop_lifecycle.py	1842	static-import
scripts/trusted_time_post_enrollment_host_orchestrator.py	apps/trusted_time_supervisor/config.py	115	static-import
scripts/trusted_time_post_enrollment_host_orchestrator.py	apps/trusted_time_supervisor/head_anchor_config.py	120	static-import
scripts/trusted_time_post_enrollment_host_orchestrator.py	packages/adapters/trusted_time/ed25519_anchor.py	124	static-import
scripts/trusted_time_post_enrollment_host_orchestrator.py	packages/domain/trusted_time_enrollment_evidence.py	127	static-import
scripts/trusted_time_post_enrollment_host_orchestrator.py	packages/domain/trusted_time_post_enrollment_start.py	131	static-import
scripts/trusted_time_post_enrollment_host_orchestrator.py	scripts/start_trusted_time_supervisor.py	134	static-import
scripts/trusted_time_post_enrollment_host_orchestrator.py	scripts/start_trusted_time_supervisor.py	153	static-import
scripts/trusted_time_post_enrollment_host_orchestrator.py	scripts/trusted_time_post_enrollment_action_topology_fence.py	156	static-import
scripts/trusted_time_post_enrollment_host_orchestrator.py	scripts/trusted_time_post_enrollment_active_controller.py	159	static-import
scripts/trusted_time_post_enrollment_host_orchestrator.py	scripts/trusted_time_post_enrollment_active_controller_admission.py	163	static-import
scripts/trusted_time_post_enrollment_host_orchestrator.py	scripts/trusted_time_post_enrollment_claimed_fence.py	166	static-import
scripts/trusted_time_post_enrollment_host_orchestrator.py	scripts/trusted_time_post_enrollment_controller_outcome.py	170	static-import
scripts/trusted_time_post_enrollment_host_orchestrator.py	scripts/trusted_time_post_enrollment_execution_admission.py	175	static-import
scripts/trusted_time_post_enrollment_host_orchestrator.py	scripts/trusted_time_post_enrollment_outcome.py	182	static-import
scripts/trusted_time_post_enrollment_host_orchestrator.py	scripts/trusted_time_post_enrollment_sequence_one_reauthentication.py	188	static-import
scripts/trusted_time_post_enrollment_host_orchestrator.py	scripts/trusted_time_post_enrollment_sequence_two_verifier.py	192	static-import
scripts/trusted_time_post_enrollment_host_orchestrator.py	scripts/trusted_time_post_enrollment_topology_fence.py	197	static-import
scripts/trusted_time_post_enrollment_host_orchestrator.py	scripts/trusted_time_post_enrollment_topology_reader.py	200	static-import
scripts/trusted_time_post_enrollment_host_orchestrator.py	scripts/verify_trusted_time_compose.py	206	static-import
scripts/trusted_time_post_enrollment_host_orchestrator.py	scripts/verify_trusted_time_images.py	210	static-import
scripts/trusted_time_post_enrollment_operator_attestation_artifacts.py	packages/adapters/trusted_time/_owned_file_descriptor.py	90	static-import
scripts/trusted_time_post_enrollment_operator_attestation_artifacts.py	packages/adapters/trusted_time/ed25519_operator_attestation.py	105	static-import
scripts/trusted_time_post_enrollment_operator_attestation_artifacts.py	packages/domain/trusted_time_enrollment_evidence.py	114	static-import
scripts/trusted_time_post_enrollment_operator_attestation_artifacts.py	packages/domain/trusted_time_post_enrollment_operator_attestation.py	118	static-import
scripts/trusted_time_post_enrollment_operator_attestation_artifacts.py	packages/domain/trusted_time_post_enrollment_operator_authority.py	133	static-import
scripts/trusted_time_post_enrollment_outcome.py	packages/domain/trusted_time_enrollment_evidence.py	29	static-import
scripts/trusted_time_post_enrollment_outcome.py	scripts/trusted_time_post_enrollment_start.py	33	static-import
scripts/trusted_time_post_enrollment_outcome.py	scripts/trusted_time_post_enrollment_topology_reader.py	39	static-import
scripts/trusted_time_post_enrollment_persistent_topology.py	apps/trusted_time_supervisor/post_enrollment_release.py	21	static-import
scripts/trusted_time_post_enrollment_persistent_topology.py	packages/domain/trusted_time_enrollment_evidence.py	26	static-import
scripts/trusted_time_post_enrollment_persistent_topology.py	packages/domain/trusted_time_post_enrollment_start.py	31	static-import
scripts/trusted_time_post_enrollment_persistent_topology.py	scripts/start_trusted_time_supervisor.py	35	static-import
scripts/trusted_time_post_enrollment_persistent_topology.py	scripts/trusted_time_post_enrollment_action_topology_fence.py	41	static-import
scripts/trusted_time_post_enrollment_persistent_topology.py	scripts/trusted_time_post_enrollment_active_controller_admission.py	46	static-import
scripts/trusted_time_post_enrollment_persistent_topology.py	scripts/trusted_time_post_enrollment_staged_topology.py	51	static-import
scripts/trusted_time_post_enrollment_persistent_topology.py	scripts/trusted_time_post_enrollment_topology.py	64	static-import
scripts/trusted_time_post_enrollment_sequence_one_reauthentication.py	apps/trusted_time_supervisor/config.py	25	static-import
scripts/trusted_time_post_enrollment_sequence_one_reauthentication.py	apps/trusted_time_supervisor/head_anchor_attempt.py	26	static-import
scripts/trusted_time_post_enrollment_sequence_one_reauthentication.py	apps/trusted_time_supervisor/head_anchor_config.py	30	static-import
scripts/trusted_time_post_enrollment_sequence_one_reauthentication.py	packages/adapters/trusted_time/ed25519_anchor.py	34	static-import
scripts/trusted_time_post_enrollment_sequence_one_reauthentication.py	packages/adapters/trusted_time/supabase_storage_anchor.py	37	static-import
scripts/trusted_time_post_enrollment_sequence_one_reauthentication.py	packages/application/trusted_time_head_anchor.py	42	static-import
scripts/trusted_time_post_enrollment_sequence_one_reauthentication.py	packages/domain/trusted_time_enrollment_evidence.py	49	static-import
scripts/trusted_time_post_enrollment_sequence_one_reauthentication.py	packages/persistence/trusted_time_head_anchor.py	54	static-import
scripts/trusted_time_post_enrollment_sequence_one_reauthentication.py	scripts/trusted_time_post_enrollment_start.py	59	static-import
scripts/trusted_time_post_enrollment_sequence_one_reauthentication.py	scripts/trusted_time_post_enrollment_topology_reader.py	63	static-import
scripts/trusted_time_post_enrollment_sequence_two_verifier.py	apps/trusted_time_supervisor/config.py	24	static-import
scripts/trusted_time_post_enrollment_sequence_two_verifier.py	apps/trusted_time_supervisor/head_anchor_attempt.py	25	static-import
scripts/trusted_time_post_enrollment_sequence_two_verifier.py	apps/trusted_time_supervisor/head_anchor_config.py	29	static-import
scripts/trusted_time_post_enrollment_sequence_two_verifier.py	packages/adapters/trusted_time/ed25519_anchor.py	33	static-import
scripts/trusted_time_post_enrollment_sequence_two_verifier.py	packages/adapters/trusted_time/supabase_storage_anchor.py	36	static-import
scripts/trusted_time_post_enrollment_sequence_two_verifier.py	packages/application/trusted_time_head_anchor.py	41	static-import
scripts/trusted_time_post_enrollment_sequence_two_verifier.py	packages/domain/trusted_time_enrollment_evidence.py	48	static-import
scripts/trusted_time_post_enrollment_sequence_two_verifier.py	packages/persistence/trusted_time_head_anchor.py	53	static-import
scripts/trusted_time_post_enrollment_sequence_two_verifier.py	scripts/trusted_time_post_enrollment_active_controller_admission.py	58	static-import
scripts/trusted_time_post_enrollment_sequence_two_verifier.py	scripts/trusted_time_post_enrollment_start.py	62	static-import
scripts/trusted_time_post_enrollment_sequence_two_verifier.py	scripts/trusted_time_post_enrollment_topology_reader.py	68	static-import
scripts/trusted_time_post_enrollment_shutdown_locator.py	packages/domain/trusted_time_enrollment_evidence.py	20	static-import
scripts/trusted_time_post_enrollment_shutdown_locator.py	packages/domain/trusted_time_post_enrollment_start.py	24	static-import
scripts/trusted_time_post_enrollment_shutdown_locator.py	scripts/start_trusted_time_supervisor.py	25	static-import
scripts/trusted_time_post_enrollment_shutdown_locator.py	scripts/trusted_time_post_enrollment_active_controller_admission.py	29	static-import
scripts/trusted_time_post_enrollment_shutdown_locator.py	scripts/trusted_time_post_enrollment_persistent_topology.py	32	static-import
scripts/trusted_time_post_enrollment_shutdown_locator.py	scripts/trusted_time_post_enrollment_persistent_topology.py	35	static-import
scripts/trusted_time_post_enrollment_shutdown_locator.py	scripts/trusted_time_post_enrollment_topology.py	40	static-import
scripts/trusted_time_post_enrollment_shutdown_locator.py	scripts/trusted_time_post_enrollment_topology_reader.py	44	static-import
scripts/trusted_time_post_enrollment_staged_topology.py	apps/trusted_time_supervisor/main.py	20	static-import
scripts/trusted_time_post_enrollment_staged_topology.py	packages/domain/trusted_time_enrollment_evidence.py	21	static-import
scripts/trusted_time_post_enrollment_staged_topology.py	packages/domain/trusted_time_post_enrollment_start.py	26	static-import
scripts/trusted_time_post_enrollment_staged_topology.py	scripts/start_trusted_time_supervisor.py	30	static-import
scripts/trusted_time_post_enrollment_staged_topology.py	scripts/trusted_time_post_enrollment_topology.py	38	static-import
scripts/trusted_time_post_enrollment_staging.py	apps/trusted_time_supervisor/head_anchor_attempt.py	19	static-import
scripts/trusted_time_post_enrollment_staging.py	apps/trusted_time_supervisor/post_enrollment_start.py	22	static-import
scripts/trusted_time_post_enrollment_staging.py	packages/domain/trusted_time_enrollment_evidence.py	25	static-import
scripts/trusted_time_post_enrollment_staging.py	packages/domain/trusted_time_post_enrollment_start.py	28	static-import
scripts/trusted_time_post_enrollment_staging.py	scripts/trusted_time_post_enrollment_evidence.py	33	static-import
scripts/trusted_time_post_enrollment_staging.py	scripts/trusted_time_post_enrollment_start.py	36	static-import
scripts/trusted_time_post_enrollment_staging.py	scripts/trusted_time_post_enrollment_topology_reader.py	47	static-import
scripts/trusted_time_post_enrollment_start.py	packages/domain/_trusted_time_post_enrollment_projection_bootstrap.py	15	static-import
scripts/trusted_time_post_enrollment_start.py	packages/domain/trusted_time_enrollment_evidence.py	19	static-import
scripts/trusted_time_post_enrollment_start.py	packages/domain/trusted_time_post_enrollment_start.py	23	static-import
scripts/trusted_time_post_enrollment_start.py	scripts/trusted_time_post_enrollment_topology_reader.py	625	static-import
scripts/trusted_time_post_enrollment_topology.py	packages/domain/trusted_time_enrollment_evidence.py	23	static-import
scripts/trusted_time_post_enrollment_topology.py	packages/domain/trusted_time_post_enrollment_start.py	28	static-import
scripts/trusted_time_post_enrollment_topology.py	scripts/start_trusted_time_supervisor.py	32	static-import
scripts/trusted_time_post_enrollment_topology_fence.py	packages/domain/trusted_time_enrollment_evidence.py	21	static-import
scripts/trusted_time_post_enrollment_topology_fence.py	scripts/trusted_time_post_enrollment_staged_topology.py	25	static-import
scripts/trusted_time_post_enrollment_topology_fence.py	scripts/trusted_time_post_enrollment_topology.py	28	static-import
scripts/trusted_time_post_enrollment_topology_fence.py	scripts/trusted_time_post_enrollment_topology_reader.py	31	static-import
scripts/trusted_time_post_enrollment_topology_reader.py	apps/trusted_time_supervisor/config.py	37	static-import
scripts/trusted_time_post_enrollment_topology_reader.py	packages/adapters/trusted_time/_owned_file_descriptor.py	38	static-import
scripts/trusted_time_post_enrollment_topology_reader.py	packages/adapters/trusted_time/_owned_file_descriptor.py	43	static-import
scripts/trusted_time_post_enrollment_topology_reader.py	packages/adapters/trusted_time/_owned_file_descriptor.py	46	static-import
scripts/trusted_time_post_enrollment_topology_reader.py	packages/adapters/trusted_time/_owned_file_descriptor.py	49	static-import
scripts/trusted_time_post_enrollment_topology_reader.py	packages/adapters/trusted_time/_owned_file_descriptor.py	52	static-import
scripts/trusted_time_post_enrollment_topology_reader.py	packages/adapters/trusted_time/_owned_file_descriptor.py	55	static-import
scripts/trusted_time_post_enrollment_topology_reader.py	packages/adapters/trusted_time/_owned_file_descriptor.py	58	static-import
scripts/trusted_time_post_enrollment_topology_reader.py	packages/adapters/trusted_time/_owned_file_descriptor.py	61	static-import
scripts/trusted_time_post_enrollment_topology_reader.py	packages/adapters/trusted_time/_owned_file_descriptor.py	64	static-import
scripts/trusted_time_post_enrollment_topology_reader.py	packages/adapters/trusted_time/_owned_file_descriptor.py	67	static-import
scripts/trusted_time_post_enrollment_topology_reader.py	packages/adapters/trusted_time/_owned_file_descriptor.py	70	static-import
scripts/trusted_time_post_enrollment_topology_reader.py	packages/domain/_trusted_time_post_enrollment_projection_bootstrap.py	73	static-import
scripts/trusted_time_post_enrollment_topology_reader.py	packages/domain/trusted_time_enrollment_evidence.py	77	static-import
scripts/trusted_time_post_enrollment_topology_reader.py	packages/domain/trusted_time_post_enrollment_start.py	81	static-import
scripts/trusted_time_post_enrollment_topology_reader.py	scripts/start_trusted_time_supervisor.py	87	static-import
scripts/trusted_time_post_enrollment_topology_reader.py	scripts/trusted_time_post_enrollment_staged_topology.py	115	static-import
scripts/trusted_time_post_enrollment_topology_reader.py	scripts/trusted_time_post_enrollment_start.py	123	static-import
scripts/trusted_time_post_enrollment_topology_reader.py	scripts/trusted_time_post_enrollment_topology.py	126	static-import
scripts/trusted_time_post_enrollment_topology_reader.py	scripts/verify_trusted_time_images.py	134	static-import
scripts/trusted_time_post_enrollment_topology_reader.py	scripts/trusted_time_post_enrollment_action_topology_fence.py	613	static-import
scripts/trusted_time_post_enrollment_topology_reader.py	scripts/trusted_time_post_enrollment_active_controller.py	21398	static-import
scripts/trusted_time_post_enrollment_topology_reader.py	scripts/trusted_time_post_enrollment_outcome.py	21401	static-import
scripts/trusted_time_post_enrollment_topology_reader.py	scripts/trusted_time_post_enrollment_claimed_fence.py	23780	static-import
scripts/verify_local_paper_smoke_preflight.py	apps/trader/main.py	29	static-import
scripts/verify_local_paper_smoke_preflight.py	packages/adapters/broker/alpaca_paper_account_runtime.py	30	static-import
scripts/verify_local_paper_smoke_preflight.py	packages/application/no_exposure_smoke_strategy.py	33	static-import
scripts/verify_local_paper_smoke_preflight.py	packages/application/paper_account_enrollment.py	36	static-import
scripts/verify_local_paper_smoke_preflight.py	packages/application/paper_deployment.py	42	static-import
scripts/verify_local_paper_smoke_preflight.py	packages/persistence/alpaca_paper_account_binding.py	57	static-import
scripts/verify_local_paper_smoke_preflight.py	packages/persistence/database.py	61	static-import
scripts/verify_local_paper_smoke_preflight.py	packages/persistence/schema.py	70	static-import
scripts/verify_no_exposure_smoke_strategy.py	packages/application/no_exposure_smoke_strategy.py	7	static-import
scripts/verify_no_exposure_smoke_strategy.py	packages/domain/strategy_supervision.py	10	static-import
scripts/verify_trusted_time_images.py	packages/adapters/trusted_time/_bounded_process.py	112	static-import
scripts/verify_trusted_time_images.py	packages/adapters/trusted_time/_owned_file_descriptor.py	115	static-import
scripts/verify_trusted_time_images.py	packages/adapters/trusted_time/_owned_file_descriptor.py	118	static-import
scripts/verify_trusted_time_images.py	packages/adapters/trusted_time/_owned_file_descriptor.py	121	static-import
scripts/verify_trusted_time_images.py	packages/adapters/trusted_time/_owned_file_descriptor.py	124	static-import
scripts/verify_trusted_time_images.py	packages/adapters/trusted_time/_owned_file_descriptor.py	127	static-import
scripts/verify_trusted_time_images.py	packages/adapters/trusted_time/_owned_file_descriptor.py	130	static-import
scripts/verify_trusted_time_images.py	packages/adapters/trusted_time/_owned_file_descriptor.py	133	static-import
scripts/verify_trusted_time_images.py	packages/adapters/trusted_time/_owned_file_descriptor.py	136	static-import
scripts/verify_trusted_time_images.py	scripts/verify_trusted_time_compose.py	5191	static-import
tests/integration/phase4_postgres_cleanup.py	packages/persistence/schema.py	8	static-import
tests/integration/test_api.py	apps/api/config.py	13	static-import
tests/integration/test_api.py	apps/api/contracts.py	19	static-import
tests/integration/test_api.py	apps/api/main.py	20	static-import
tests/integration/test_api.py	packages/persistence/database.py	21	static-import
tests/integration/test_api.py	packages/persistence/schema.py	22	static-import
tests/integration/test_captured_tape_research_validity_gate.py	tests/unit/test_replay_manifest.py	25	static-import
tests/integration/test_experiment_governance_persistence.py	packages/domain/experiment_governance.py	17	static-import
tests/integration/test_experiment_governance_persistence.py	packages/domain/experiment_governance.py	25	static-import
tests/integration/test_experiment_governance_persistence.py	packages/domain/feature_target.py	29	static-import
tests/integration/test_experiment_governance_persistence.py	packages/persistence/backtest_workflow.py	30	static-import
tests/integration/test_experiment_governance_persistence.py	packages/persistence/database.py	31	static-import
tests/integration/test_experiment_governance_persistence.py	packages/persistence/experiment_governance.py	37	static-import
tests/integration/test_experiment_governance_persistence.py	packages/persistence/schema.py	42	static-import
tests/integration/test_experiment_governance_persistence.py	tests/unit/test_experiment_governance.py	51	static-import
tests/integration/test_fixture_segment_worker_persistence.py	packages/application/fixture_segment_worker.py	16	static-import
tests/integration/test_fixture_segment_worker_persistence.py	packages/domain/experiment_governance.py	17	static-import
tests/integration/test_fixture_segment_worker_persistence.py	packages/domain/feature.py	22	static-import
tests/integration/test_fixture_segment_worker_persistence.py	packages/domain/fixture_segment_worker.py	23	static-import
tests/integration/test_fixture_segment_worker_persistence.py	packages/persistence/database.py	36	static-import
tests/integration/test_fixture_segment_worker_persistence.py	packages/persistence/experiment_governance.py	37	static-import
tests/integration/test_fixture_segment_worker_persistence.py	packages/persistence/fixture_segment_worker.py	38	static-import
tests/integration/test_fixture_segment_worker_persistence.py	packages/persistence/schema.py	51	static-import
tests/integration/test_fixture_segment_worker_persistence.py	tests/integration/test_experiment_governance_persistence.py	57	static-import
tests/integration/test_fixture_segment_worker_persistence.py	tests/unit/test_experiment_governance.py	62	static-import
tests/integration/test_manifest_replay_tape.py	packages/application/manifest_replay.py	16	static-import
tests/integration/test_manifest_replay_tape.py	packages/application/market_data_ingestion.py	17	static-import
tests/integration/test_manifest_replay_tape.py	packages/datasets/__init__.py	18	static-import
tests/integration/test_manifest_replay_tape.py	packages/domain/feature_target.py	31	static-import
tests/integration/test_manifest_replay_tape.py	packages/domain/market_batch.py	32	static-import
tests/integration/test_manifest_replay_tape.py	packages/domain/replay.py	33	static-import
tests/integration/test_manifest_replay_tape.py	packages/domain/replay_manifest.py	34	static-import
tests/integration/test_manifest_replay_tape.py	packages/persistence/database.py	36	static-import
tests/integration/test_manifest_replay_tape.py	packages/persistence/market_data.py	38	static-import
tests/integration/test_manifest_replay_tape.py	packages/persistence/schema.py	39	static-import
tests/integration/test_market_data_ingestion.py	apps/api/config.py	16	static-import
tests/integration/test_market_data_ingestion.py	apps/api/main.py	17	static-import
tests/integration/test_market_data_ingestion.py	packages/application/market_data_ingestion.py	23	static-import
tests/integration/test_market_data_ingestion.py	packages/application/market_data_ingestion.py	24	static-import
tests/integration/test_market_data_ingestion.py	packages/datasets/__init__.py	30	static-import
tests/integration/test_market_data_ingestion.py	packages/persistence/database.py	39	static-import
tests/integration/test_market_data_ingestion.py	packages/persistence/market_data.py	45	static-import
tests/integration/test_market_data_ingestion.py	packages/persistence/schema.py	46	static-import
tests/integration/test_persistence.py	apps/api/config.py	11	static-import
tests/integration/test_persistence.py	apps/api/main.py	12	static-import
tests/integration/test_persistence.py	packages/domain/clock.py	13	static-import
tests/integration/test_persistence.py	packages/domain/models.py	14	static-import
tests/integration/test_persistence.py	packages/domain/risk.py	15	static-import
tests/integration/test_persistence.py	packages/domain/walking_thread.py	23	static-import
tests/integration/test_persistence.py	packages/persistence/database.py	24	static-import
tests/integration/test_persistence.py	packages/persistence/risk.py	26	static-import
tests/integration/test_persistence.py	packages/persistence/schema.py	27	static-import
tests/integration/test_persistence.py	packages/persistence/walking_thread.py	38	static-import
tests/integration/test_phase2_backtest_api.py	apps/api/config.py	13	static-import
tests/integration/test_phase2_backtest_api.py	apps/api/main.py	14	static-import
tests/integration/test_phase2_backtest_api.py	packages/application/backtest_worker.py	15	static-import
tests/integration/test_phase2_backtest_api.py	packages/backtest/golden_runner.py	19	static-import
tests/integration/test_phase2_backtest_api.py	packages/persistence/backtest_workflow.py	21	static-import
tests/integration/test_phase2_backtest_api.py	packages/persistence/database.py	22	static-import
tests/integration/test_phase2_backtest_api.py	packages/persistence/schema.py	23	static-import
tests/integration/test_phase2_backtest_worker.py	packages/application/backtest_worker.py	11	static-import
tests/integration/test_phase2_backtest_worker.py	packages/backtest/golden_runner.py	17	static-import
tests/integration/test_phase2_backtest_worker.py	packages/persistence/backtest_workflow.py	19	static-import
tests/integration/test_phase2_backtest_worker.py	packages/persistence/database.py	20	static-import
tests/integration/test_phase2_backtest_worker.py	packages/persistence/schema.py	21	static-import
tests/integration/test_phase2_backtest_workflow.py	packages/backtest/golden_runner.py	19	static-import
tests/integration/test_phase2_backtest_workflow.py	packages/persistence/backtest_workflow.py	38	static-import
tests/integration/test_phase2_backtest_workflow.py	packages/persistence/database.py	44	static-import
tests/integration/test_phase2_backtest_workflow.py	packages/persistence/schema.py	49	static-import
tests/integration/test_phase2_batch_risk_persistence.py	packages/domain/account_coordinator.py	15	static-import
tests/integration/test_phase2_batch_risk_persistence.py	packages/domain/batch_risk.py	21	static-import
tests/integration/test_phase2_batch_risk_persistence.py	packages/domain/models.py	28	static-import
tests/integration/test_phase2_batch_risk_persistence.py	packages/execution/account_coordinator.py	29	static-import
tests/integration/test_phase2_batch_risk_persistence.py	packages/persistence/account_coordinator.py	30	static-import
tests/integration/test_phase2_batch_risk_persistence.py	packages/persistence/batch_risk.py	34	static-import
tests/integration/test_phase2_batch_risk_persistence.py	packages/persistence/database.py	42	static-import
tests/integration/test_phase2_batch_risk_persistence.py	packages/persistence/reservation_lifecycle.py	46	static-import
tests/integration/test_phase2_batch_risk_persistence.py	packages/persistence/schema.py	47	static-import
tests/integration/test_phase2_batch_risk_persistence.py	tests/unit/test_batch_risk.py	55	static-import
tests/integration/test_phase2_postgres_exit.py	packages/backtest/golden_runner.py	23	static-import
tests/integration/test_phase2_postgres_exit.py	packages/domain/account_coordinator.py	24	static-import
tests/integration/test_phase2_postgres_exit.py	packages/domain/batch_risk.py	32	static-import
tests/integration/test_phase2_postgres_exit.py	packages/domain/models.py	38	static-import
tests/integration/test_phase2_postgres_exit.py	packages/persistence/account_coordinator.py	39	static-import
tests/integration/test_phase2_postgres_exit.py	packages/persistence/backtest_workflow.py	43	static-import
tests/integration/test_phase2_postgres_exit.py	packages/persistence/batch_risk.py	44	static-import
tests/integration/test_phase2_postgres_exit.py	packages/persistence/database.py	49	static-import
tests/integration/test_phase2_postgres_exit.py	packages/persistence/reservation_lifecycle.py	50	static-import
tests/integration/test_phase2_postgres_exit.py	packages/persistence/schema.py	51	static-import
tests/integration/test_phase2_postgres_exit.py	tests/unit/test_batch_risk.py	66	static-import
tests/integration/test_phase2_reservation_lifecycle_persistence.py	packages/domain/batch_risk.py	10	static-import
tests/integration/test_phase2_reservation_lifecycle_persistence.py	packages/domain/ledger_reducer.py	16	static-import
tests/integration/test_phase2_reservation_lifecycle_persistence.py	packages/domain/models.py	22	static-import
tests/integration/test_phase2_reservation_lifecycle_persistence.py	packages/domain/order_reducer.py	23	static-import
tests/integration/test_phase2_reservation_lifecycle_persistence.py	packages/domain/reservation_lifecycle.py	30	static-import
tests/integration/test_phase2_reservation_lifecycle_persistence.py	packages/domain/submission_attempt.py	39	static-import
tests/integration/test_phase2_reservation_lifecycle_persistence.py	packages/persistence/__init__.py	47	static-import
tests/integration/test_phase2_reservation_lifecycle_persistence.py	packages/persistence/batch_risk.py	47	static-import
tests/integration/test_phase2_reservation_lifecycle_persistence.py	packages/persistence/batch_risk.py	48	static-import
tests/integration/test_phase2_reservation_lifecycle_persistence.py	packages/persistence/database.py	60	static-import
tests/integration/test_phase2_reservation_lifecycle_persistence.py	packages/persistence/phase2_ledger.py	64	static-import
tests/integration/test_phase2_reservation_lifecycle_persistence.py	packages/persistence/reservation_lifecycle.py	68	static-import
tests/integration/test_phase2_reservation_lifecycle_persistence.py	packages/persistence/schema.py	76	static-import
tests/integration/test_phase2_reservation_lifecycle_persistence.py	packages/persistence/submission_attempt.py	85	static-import
tests/integration/test_phase2_reservation_lifecycle_persistence.py	tests/integration/test_phase2_submission_attempt_persistence.py	89	static-import
tests/integration/test_phase2_reservation_lifecycle_persistence.py	tests/unit/test_batch_risk.py	95	static-import
tests/integration/test_phase2_simulation_horizon_persistence.py	packages/application/manifest_replay.py	18	static-import
tests/integration/test_phase2_simulation_horizon_persistence.py	packages/application/market_data_ingestion.py	19	static-import
tests/integration/test_phase2_simulation_horizon_persistence.py	packages/backtest/simulated_broker.py	20	static-import
tests/integration/test_phase2_simulation_horizon_persistence.py	packages/backtest/simulation_horizon.py	26	static-import
tests/integration/test_phase2_simulation_horizon_persistence.py	packages/datasets/__init__.py	27	static-import
tests/integration/test_phase2_simulation_horizon_persistence.py	packages/domain/account_coordinator.py	32	static-import
tests/integration/test_phase2_simulation_horizon_persistence.py	packages/domain/batch_risk.py	33	static-import
tests/integration/test_phase2_simulation_horizon_persistence.py	packages/domain/clock.py	39	static-import
tests/integration/test_phase2_simulation_horizon_persistence.py	packages/domain/decision.py	40	static-import
tests/integration/test_phase2_simulation_horizon_persistence.py	packages/domain/ledger_reducer.py	41	static-import
tests/integration/test_phase2_simulation_horizon_persistence.py	packages/domain/models.py	42	static-import
tests/integration/test_phase2_simulation_horizon_persistence.py	packages/domain/order_reducer.py	49	static-import
tests/integration/test_phase2_simulation_horizon_persistence.py	packages/domain/portfolio.py	54	static-import
tests/integration/test_phase2_simulation_horizon_persistence.py	packages/domain/replay.py	55	static-import
tests/integration/test_phase2_simulation_horizon_persistence.py	packages/domain/replay_manifest.py	56	static-import
tests/integration/test_phase2_simulation_horizon_persistence.py	packages/domain/reservation_lifecycle.py	57	static-import
tests/integration/test_phase2_simulation_horizon_persistence.py	packages/domain/risk.py	61	static-import
tests/integration/test_phase2_simulation_horizon_persistence.py	packages/domain/submission_attempt.py	62	static-import
tests/integration/test_phase2_simulation_horizon_persistence.py	packages/persistence/account_coordinator.py	67	static-import
tests/integration/test_phase2_simulation_horizon_persistence.py	packages/persistence/batch_risk.py	71	static-import
tests/integration/test_phase2_simulation_horizon_persistence.py	packages/persistence/database.py	72	static-import
tests/integration/test_phase2_simulation_horizon_persistence.py	packages/persistence/market_data.py	78	static-import
tests/integration/test_phase2_simulation_horizon_persistence.py	packages/persistence/replay.py	79	static-import
tests/integration/test_phase2_simulation_horizon_persistence.py	packages/persistence/reservation_lifecycle.py	80	static-import
tests/integration/test_phase2_simulation_horizon_persistence.py	packages/persistence/schema.py	85	static-import
tests/integration/test_phase2_simulation_horizon_persistence.py	packages/persistence/simulation_horizon.py	93	static-import
tests/integration/test_phase2_simulation_horizon_persistence.py	packages/persistence/submission_attempt.py	97	static-import
tests/integration/test_phase2_simulation_horizon_persistence.py	tests/integration/test_phase2_submission_attempt_persistence.py	98	static-import
tests/integration/test_phase2_simulation_horizon_persistence.py	tests/integration/test_replay_run_persistence.py	102	static-import
tests/integration/test_phase2_simulation_horizon_persistence.py	tests/unit/test_batch_risk.py	103	static-import
tests/integration/test_phase2_submission_attempt_persistence.py	packages/domain/account_coordinator.py	15	static-import
tests/integration/test_phase2_submission_attempt_persistence.py	packages/domain/batch_risk.py	16	static-import
tests/integration/test_phase2_submission_attempt_persistence.py	packages/domain/models.py	22	static-import
tests/integration/test_phase2_submission_attempt_persistence.py	packages/domain/submission_attempt.py	23	static-import
tests/integration/test_phase2_submission_attempt_persistence.py	packages/persistence/account_coordinator.py	32	static-import
tests/integration/test_phase2_submission_attempt_persistence.py	packages/persistence/batch_risk.py	36	static-import
tests/integration/test_phase2_submission_attempt_persistence.py	packages/persistence/database.py	42	static-import
tests/integration/test_phase2_submission_attempt_persistence.py	packages/persistence/reservation_lifecycle.py	47	static-import
tests/integration/test_phase2_submission_attempt_persistence.py	packages/persistence/schema.py	48	static-import
tests/integration/test_phase2_submission_attempt_persistence.py	packages/persistence/submission_attempt.py	59	static-import
tests/integration/test_phase2_submission_attempt_persistence.py	tests/unit/test_batch_risk.py	65	static-import
tests/integration/test_phase3_experiment_api.py	apps/api/config.py	14	static-import
tests/integration/test_phase3_experiment_api.py	apps/api/experiment_views.py	15	static-import
tests/integration/test_phase3_experiment_api.py	apps/api/main.py	16	static-import
tests/integration/test_phase3_experiment_api.py	packages/domain/experiment_governance.py	17	static-import
tests/integration/test_phase3_experiment_api.py	packages/persistence/backtest_workflow.py	23	static-import
tests/integration/test_phase3_experiment_api.py	packages/persistence/database.py	24	static-import
tests/integration/test_phase3_experiment_api.py	packages/persistence/experiment_governance.py	25	static-import
tests/integration/test_phase3_experiment_api.py	packages/persistence/schema.py	29	static-import
tests/integration/test_phase3_experiment_api.py	tests/unit/test_experiment_governance.py	30	static-import
tests/integration/test_phase3_fixture_segment_api.py	apps/api/config.py	14	static-import
tests/integration/test_phase3_fixture_segment_api.py	apps/api/fixture_segment_views.py	15	static-import
tests/integration/test_phase3_fixture_segment_api.py	apps/api/main.py	16	static-import
tests/integration/test_phase3_fixture_segment_api.py	packages/domain/fixture_segment_worker.py	17	static-import
tests/integration/test_phase3_fixture_segment_api.py	packages/persistence/experiment_governance.py	18	static-import
tests/integration/test_phase3_fixture_segment_api.py	packages/persistence/fixture_segment_worker.py	19	static-import
tests/integration/test_phase3_fixture_segment_api.py	packages/persistence/schema.py	25	static-import
tests/integration/test_phase3_fixture_segment_api.py	tests/integration/test_fixture_segment_worker_persistence.py	29	static-import
tests/integration/test_phase3_fixture_segment_api.py	tests/unit/test_experiment_governance.py	36	static-import
tests/integration/test_phase4_alpaca_paper_account_activity_comparison_persistence.py	packages/adapters/broker/alpaca_paper_account_activities.py	13	static-import
tests/integration/test_phase4_alpaca_paper_account_activity_comparison_persistence.py	packages/adapters/broker/alpaca_paper_account_activity_comparison.py	18	static-import
tests/integration/test_phase4_alpaca_paper_account_activity_comparison_persistence.py	packages/application/alpaca_paper_account_activity_comparison.py	21	static-import
tests/integration/test_phase4_alpaca_paper_account_activity_comparison_persistence.py	packages/domain/account_coordinator.py	25	static-import
tests/integration/test_phase4_alpaca_paper_account_activity_comparison_persistence.py	packages/domain/clock.py	31	static-import
tests/integration/test_phase4_alpaca_paper_account_activity_comparison_persistence.py	packages/persistence/account_coordinator.py	32	static-import
tests/integration/test_phase4_alpaca_paper_account_activity_comparison_persistence.py	packages/persistence/alpaca_paper_account_activity.py	36	static-import
tests/integration/test_phase4_alpaca_paper_account_activity_comparison_persistence.py	packages/persistence/alpaca_paper_account_activity_comparison.py	39	static-import
tests/integration/test_phase4_alpaca_paper_account_activity_comparison_persistence.py	packages/persistence/schema.py	45	static-import
tests/integration/test_phase4_alpaca_paper_account_activity_comparison_persistence.py	tests/integration/test_phase4_alpaca_paper_account_activity_persistence.py	51	static-import
tests/integration/test_phase4_alpaca_paper_account_activity_comparison_persistence.py	tests/integration/test_phase4_alpaca_paper_account_binding_persistence.py	57	static-import
tests/integration/test_phase4_alpaca_paper_account_activity_comparison_persistence.py	tests/unit/test_alpaca_paper_account_activities.py	64	static-import
tests/integration/test_phase4_alpaca_paper_account_activity_persistence.py	packages/adapters/broker/alpaca_paper_account_activities.py	12	static-import
tests/integration/test_phase4_alpaca_paper_account_activity_persistence.py	packages/adapters/broker/alpaca_paper_account_activity_runtime.py	18	static-import
tests/integration/test_phase4_alpaca_paper_account_activity_persistence.py	packages/adapters/broker/alpaca_paper_account_runtime.py	28	static-import
tests/integration/test_phase4_alpaca_paper_account_activity_persistence.py	packages/domain/account_coordinator.py	34	static-import
tests/integration/test_phase4_alpaca_paper_account_activity_persistence.py	packages/persistence/alpaca_paper_account_activity.py	37	static-import
tests/integration/test_phase4_alpaca_paper_account_activity_persistence.py	packages/persistence/broker_ingress.py	42	static-import
tests/integration/test_phase4_alpaca_paper_account_activity_persistence.py	packages/persistence/broker_request_budget.py	43	static-import
tests/integration/test_phase4_alpaca_paper_account_activity_persistence.py	packages/persistence/database.py	46	static-import
tests/integration/test_phase4_alpaca_paper_account_activity_persistence.py	packages/persistence/schema.py	49	static-import
tests/integration/test_phase4_alpaca_paper_account_activity_persistence.py	tests/integration/test_phase4_alpaca_paper_account_binding_persistence.py	55	static-import
tests/integration/test_phase4_alpaca_paper_account_activity_persistence.py	tests/integration/test_phase4_alpaca_paper_account_binding_persistence.py	64	static-import
tests/integration/test_phase4_alpaca_paper_account_activity_persistence.py	tests/unit/test_alpaca_paper_account_activities.py	67	static-import
tests/integration/test_phase4_alpaca_paper_account_binding_persistence.py	packages/persistence/alpaca_paper_account_binding.py	23	static-import
tests/integration/test_phase4_alpaca_paper_account_binding_persistence.py	packages/adapters/broker/alpaca_paper.py	24	static-import
tests/integration/test_phase4_alpaca_paper_account_binding_persistence.py	packages/adapters/broker/alpaca_paper_account_assets.py	25	static-import
tests/integration/test_phase4_alpaca_paper_account_binding_persistence.py	packages/adapters/broker/alpaca_paper_account_runtime.py	28	static-import
tests/integration/test_phase4_alpaca_paper_account_binding_persistence.py	packages/domain/account_coordinator.py	43	static-import
tests/integration/test_phase4_alpaca_paper_account_binding_persistence.py	packages/domain/broker_ingress.py	44	static-import
tests/integration/test_phase4_alpaca_paper_account_binding_persistence.py	packages/persistence/account_coordinator.py	46	static-import
tests/integration/test_phase4_alpaca_paper_account_binding_persistence.py	packages/persistence/alpaca_paper_account_binding.py	50	static-import
tests/integration/test_phase4_alpaca_paper_account_binding_persistence.py	packages/persistence/broker_ingress.py	55	static-import
tests/integration/test_phase4_alpaca_paper_account_binding_persistence.py	packages/persistence/broker_request_budget.py	56	static-import
tests/integration/test_phase4_alpaca_paper_account_binding_persistence.py	packages/persistence/database.py	59	static-import
tests/integration/test_phase4_alpaca_paper_account_binding_persistence.py	packages/persistence/schema.py	64	static-import
tests/integration/test_phase4_alpaca_paper_asset_binding_persistence.py	packages/adapters/broker/alpaca_paper_account_assets.py	23	static-import
tests/integration/test_phase4_alpaca_paper_asset_binding_persistence.py	packages/adapters/broker/alpaca_paper_account_runtime.py	26	static-import
tests/integration/test_phase4_alpaca_paper_asset_binding_persistence.py	packages/adapters/broker/alpaca_paper_asset_runtime.py	31	static-import
tests/integration/test_phase4_alpaca_paper_asset_binding_persistence.py	packages/domain/broker_ingress.py	38	static-import
tests/integration/test_phase4_alpaca_paper_asset_binding_persistence.py	packages/persistence/alpaca_paper_asset_binding.py	40	static-import
tests/integration/test_phase4_alpaca_paper_asset_binding_persistence.py	packages/persistence/broker_ingress.py	45	static-import
tests/integration/test_phase4_alpaca_paper_asset_binding_persistence.py	packages/persistence/broker_request_budget.py	46	static-import
tests/integration/test_phase4_alpaca_paper_asset_binding_persistence.py	packages/persistence/database.py	47	static-import
tests/integration/test_phase4_alpaca_paper_asset_binding_persistence.py	packages/persistence/schema.py	52	static-import
tests/integration/test_phase4_alpaca_paper_asset_binding_persistence.py	tests/integration/test_phase4_alpaca_paper_account_binding_persistence.py	62	static-import
tests/integration/test_phase4_alpaca_paper_asset_binding_persistence.py	tests/unit/test_alpaca_paper_account_asset_ingress.py	71	static-import
tests/integration/test_phase4_alpaca_paper_asset_binding_persistence.py	tests/unit/test_alpaca_paper_asset_runtime.py	72	static-import
tests/integration/test_phase4_alpaca_paper_asset_binding_persistence.py	packages/persistence/account_coordinator.py	608	static-import
tests/integration/test_phase4_alpaca_paper_lookup_observation_persistence.py	packages/persistence/alpaca_paper_lookup_observation.py	14	static-import
tests/integration/test_phase4_alpaca_paper_lookup_observation_persistence.py	packages/adapters/broker/alpaca_paper.py	15	static-import
tests/integration/test_phase4_alpaca_paper_lookup_observation_persistence.py	packages/adapters/broker/alpaca_paper_account_assets.py	18	static-import
tests/integration/test_phase4_alpaca_paper_lookup_observation_persistence.py	packages/adapters/broker/alpaca_paper_account_runtime.py	21	static-import
tests/integration/test_phase4_alpaca_paper_lookup_observation_persistence.py	packages/adapters/broker/alpaca_paper_asset_runtime.py	26	static-import
tests/integration/test_phase4_alpaca_paper_lookup_observation_persistence.py	packages/adapters/broker/alpaca_paper_lookup_runtime.py	29	static-import
tests/integration/test_phase4_alpaca_paper_lookup_observation_persistence.py	packages/adapters/broker/alpaca_paper_observations.py	36	static-import
tests/integration/test_phase4_alpaca_paper_lookup_observation_persistence.py	packages/domain/account_coordinator.py	39	static-import
tests/integration/test_phase4_alpaca_paper_lookup_observation_persistence.py	packages/domain/clock.py	44	static-import
tests/integration/test_phase4_alpaca_paper_lookup_observation_persistence.py	packages/domain/submission_attempt.py	45	static-import
tests/integration/test_phase4_alpaca_paper_lookup_observation_persistence.py	packages/persistence/account_coordinator.py	51	static-import
tests/integration/test_phase4_alpaca_paper_lookup_observation_persistence.py	packages/persistence/alpaca_paper_account_binding.py	52	static-import
tests/integration/test_phase4_alpaca_paper_lookup_observation_persistence.py	packages/persistence/alpaca_paper_lookup_observation.py	55	static-import
tests/integration/test_phase4_alpaca_paper_lookup_observation_persistence.py	packages/persistence/broker_ingress.py	63	static-import
tests/integration/test_phase4_alpaca_paper_lookup_observation_persistence.py	packages/persistence/broker_request_budget.py	64	static-import
tests/integration/test_phase4_alpaca_paper_lookup_observation_persistence.py	packages/persistence/database.py	67	static-import
tests/integration/test_phase4_alpaca_paper_lookup_observation_persistence.py	packages/persistence/schema.py	68	static-import
tests/integration/test_phase4_alpaca_paper_lookup_observation_persistence.py	packages/persistence/submission_attempt.py	75	static-import
tests/integration/test_phase4_alpaca_paper_lookup_observation_persistence.py	tests/integration/test_phase2_submission_attempt_persistence.py	76	static-import
tests/integration/test_phase4_alpaca_paper_lookup_observation_persistence.py	tests/integration/test_phase2_submission_attempt_persistence.py	79	static-import
tests/integration/test_phase4_alpaca_paper_lookup_observation_persistence.py	tests/integration/test_phase4_alpaca_paper_account_binding_persistence.py	82	static-import
tests/integration/test_phase4_alpaca_paper_lookup_observation_persistence.py	tests/unit/test_alpaca_paper_account_runtime.py	88	static-import
tests/integration/test_phase4_alpaca_paper_lookup_observation_persistence.py	tests/unit/test_alpaca_paper_lookup_runtime.py	89	static-import
tests/integration/test_phase4_alpaca_paper_lookup_observation_persistence.py	tests/unit/test_batch_risk.py	94	static-import
tests/integration/test_phase4_alpaca_paper_order_snapshot_persistence.py	packages/adapters/broker/alpaca_paper_account_runtime.py	18	static-import
tests/integration/test_phase4_alpaca_paper_order_snapshot_persistence.py	packages/adapters/broker/alpaca_paper_order_snapshot_runtime.py	24	static-import
tests/integration/test_phase4_alpaca_paper_order_snapshot_persistence.py	packages/adapters/broker/alpaca_paper_order_snapshots.py	33	static-import
tests/integration/test_phase4_alpaca_paper_order_snapshot_persistence.py	packages/application/alpaca_paper_order_view_supervisor.py	39	static-import
tests/integration/test_phase4_alpaca_paper_order_snapshot_persistence.py	packages/domain/account_coordinator.py	42	static-import
tests/integration/test_phase4_alpaca_paper_order_snapshot_persistence.py	packages/domain/clock.py	46	static-import
tests/integration/test_phase4_alpaca_paper_order_snapshot_persistence.py	packages/persistence/account_coordinator.py	47	static-import
tests/integration/test_phase4_alpaca_paper_order_snapshot_persistence.py	packages/persistence/alpaca_paper_order_snapshot.py	51	static-import
tests/integration/test_phase4_alpaca_paper_order_snapshot_persistence.py	packages/persistence/broker_ingress.py	58	static-import
tests/integration/test_phase4_alpaca_paper_order_snapshot_persistence.py	packages/persistence/broker_request_budget.py	59	static-import
tests/integration/test_phase4_alpaca_paper_order_snapshot_persistence.py	packages/persistence/database.py	62	static-import
tests/integration/test_phase4_alpaca_paper_order_snapshot_persistence.py	packages/persistence/schema.py	66	static-import
tests/integration/test_phase4_alpaca_paper_order_snapshot_persistence.py	tests/integration/phase4_postgres_cleanup.py	72	static-import
tests/integration/test_phase4_alpaca_paper_order_snapshot_persistence.py	tests/integration/test_phase4_alpaca_paper_account_binding_persistence.py	75	static-import
tests/integration/test_phase4_alpaca_paper_order_snapshot_persistence.py	tests/integration/test_phase4_alpaca_paper_account_binding_persistence.py	84	static-import
tests/integration/test_phase4_alpaca_paper_order_snapshot_persistence.py	tests/unit/test_alpaca_paper_order_snapshots.py	87	static-import
tests/integration/test_phase4_alpaca_paper_order_view_comparison_persistence.py	packages/adapters/broker/alpaca_paper_account_runtime.py	17	static-import
tests/integration/test_phase4_alpaca_paper_order_view_comparison_persistence.py	packages/adapters/broker/alpaca_paper_order_snapshot_comparison.py	20	static-import
tests/integration/test_phase4_alpaca_paper_order_view_comparison_persistence.py	packages/adapters/broker/alpaca_paper_order_snapshot_runtime.py	23	static-import
tests/integration/test_phase4_alpaca_paper_order_view_comparison_persistence.py	packages/adapters/broker/alpaca_paper_order_snapshots.py	26	static-import
tests/integration/test_phase4_alpaca_paper_order_view_comparison_persistence.py	packages/application/alpaca_paper_order_snapshot_comparison.py	31	static-import
tests/integration/test_phase4_alpaca_paper_order_view_comparison_persistence.py	packages/domain/account_coordinator.py	36	static-import
tests/integration/test_phase4_alpaca_paper_order_view_comparison_persistence.py	packages/persistence/account_coordinator.py	42	static-import
tests/integration/test_phase4_alpaca_paper_order_view_comparison_persistence.py	packages/persistence/alpaca_paper_account_binding.py	46	static-import
tests/integration/test_phase4_alpaca_paper_order_view_comparison_persistence.py	packages/persistence/alpaca_paper_order_snapshot.py	49	static-import
tests/integration/test_phase4_alpaca_paper_order_view_comparison_persistence.py	packages/persistence/alpaca_paper_order_view_comparison.py	52	static-import
tests/integration/test_phase4_alpaca_paper_order_view_comparison_persistence.py	packages/persistence/broker_ingress.py	57	static-import
tests/integration/test_phase4_alpaca_paper_order_view_comparison_persistence.py	packages/persistence/broker_request_budget.py	58	static-import
tests/integration/test_phase4_alpaca_paper_order_view_comparison_persistence.py	packages/persistence/database.py	61	static-import
tests/integration/test_phase4_alpaca_paper_order_view_comparison_persistence.py	packages/persistence/schema.py	63	static-import
tests/integration/test_phase4_alpaca_paper_order_view_comparison_persistence.py	tests/integration/test_phase4_alpaca_paper_account_binding_persistence.py	80	static-import
tests/integration/test_phase4_alpaca_paper_order_view_comparison_persistence.py	tests/integration/test_phase4_alpaca_paper_order_snapshot_persistence.py	87	static-import
tests/integration/test_phase4_alpaca_paper_order_view_comparison_persistence.py	tests/unit/test_alpaca_paper_order_snapshots.py	96	static-import
tests/integration/test_phase4_alpaca_paper_order_view_transition_persistence.py	packages/adapters/broker/alpaca_paper_order_snapshot_runtime.py	12	static-import
tests/integration/test_phase4_alpaca_paper_order_view_transition_persistence.py	packages/adapters/broker/alpaca_paper_order_snapshots.py	18	static-import
tests/integration/test_phase4_alpaca_paper_order_view_transition_persistence.py	packages/application/alpaca_paper_order_view_transition.py	23	static-import
tests/integration/test_phase4_alpaca_paper_order_view_transition_persistence.py	packages/domain/account_coordinator.py	30	static-import
tests/integration/test_phase4_alpaca_paper_order_view_transition_persistence.py	packages/domain/clock.py	36	static-import
tests/integration/test_phase4_alpaca_paper_order_view_transition_persistence.py	packages/persistence/account_coordinator.py	37	static-import
tests/integration/test_phase4_alpaca_paper_order_view_transition_persistence.py	packages/persistence/alpaca_paper_order_snapshot.py	41	static-import
tests/integration/test_phase4_alpaca_paper_order_view_transition_persistence.py	packages/persistence/alpaca_paper_order_view_transition.py	46	static-import
tests/integration/test_phase4_alpaca_paper_order_view_transition_persistence.py	packages/persistence/database.py	51	static-import
tests/integration/test_phase4_alpaca_paper_order_view_transition_persistence.py	packages/persistence/schema.py	56	static-import
tests/integration/test_phase4_alpaca_paper_order_view_transition_persistence.py	tests/integration/test_phase4_alpaca_paper_account_binding_persistence.py	62	static-import
tests/integration/test_phase4_alpaca_paper_order_view_transition_persistence.py	tests/integration/test_phase4_alpaca_paper_order_snapshot_persistence.py	65	static-import
tests/integration/test_phase4_alpaca_paper_order_view_transition_persistence.py	tests/unit/test_alpaca_paper_order_snapshots.py	72	static-import
tests/integration/test_phase4_alpaca_paper_position_snapshot_persistence.py	packages/adapters/broker/alpaca_paper_account_runtime.py	20	static-import
tests/integration/test_phase4_alpaca_paper_position_snapshot_persistence.py	packages/adapters/broker/alpaca_paper_position_snapshot_runtime.py	27	static-import
tests/integration/test_phase4_alpaca_paper_position_snapshot_persistence.py	packages/adapters/broker/alpaca_paper_positions.py	39	static-import
tests/integration/test_phase4_alpaca_paper_position_snapshot_persistence.py	packages/application/alpaca_paper_position_view_supervisor.py	42	static-import
tests/integration/test_phase4_alpaca_paper_position_snapshot_persistence.py	packages/domain/account_coordinator.py	45	static-import
tests/integration/test_phase4_alpaca_paper_position_snapshot_persistence.py	packages/domain/clock.py	49	static-import
tests/integration/test_phase4_alpaca_paper_position_snapshot_persistence.py	packages/persistence/account_coordinator.py	50	static-import
tests/integration/test_phase4_alpaca_paper_position_snapshot_persistence.py	packages/persistence/alpaca_paper_account_binding.py	54	static-import
tests/integration/test_phase4_alpaca_paper_position_snapshot_persistence.py	packages/persistence/alpaca_paper_position_snapshot.py	57	static-import
tests/integration/test_phase4_alpaca_paper_position_snapshot_persistence.py	packages/persistence/broker_ingress.py	62	static-import
tests/integration/test_phase4_alpaca_paper_position_snapshot_persistence.py	packages/persistence/broker_request_budget.py	63	static-import
tests/integration/test_phase4_alpaca_paper_position_snapshot_persistence.py	packages/persistence/database.py	66	static-import
tests/integration/test_phase4_alpaca_paper_position_snapshot_persistence.py	packages/persistence/schema.py	71	static-import
tests/integration/test_phase4_alpaca_paper_position_snapshot_persistence.py	tests/integration/phase4_postgres_cleanup.py	75	static-import
tests/integration/test_phase4_alpaca_paper_position_snapshot_persistence.py	tests/integration/test_phase4_alpaca_paper_account_binding_persistence.py	78	static-import
tests/integration/test_phase4_alpaca_paper_position_snapshot_persistence.py	tests/integration/test_phase4_alpaca_paper_account_binding_persistence.py	88	static-import
tests/integration/test_phase4_alpaca_paper_position_view_comparison_persistence.py	packages/adapters/broker/alpaca_paper_account_runtime.py	18	static-import
tests/integration/test_phase4_alpaca_paper_position_view_comparison_persistence.py	packages/adapters/broker/alpaca_paper_position_snapshot_runtime.py	21	static-import
tests/integration/test_phase4_alpaca_paper_position_view_comparison_persistence.py	packages/adapters/broker/alpaca_paper_positions.py	26	static-import
tests/integration/test_phase4_alpaca_paper_position_view_comparison_persistence.py	packages/application/alpaca_paper_position_snapshot_comparison.py	29	static-import
tests/integration/test_phase4_alpaca_paper_position_view_comparison_persistence.py	packages/domain/account_coordinator.py	35	static-import
tests/integration/test_phase4_alpaca_paper_position_view_comparison_persistence.py	packages/domain/clock.py	41	static-import
tests/integration/test_phase4_alpaca_paper_position_view_comparison_persistence.py	packages/persistence/account_coordinator.py	42	static-import
tests/integration/test_phase4_alpaca_paper_position_view_comparison_persistence.py	packages/persistence/alpaca_paper_account_binding.py	46	static-import
tests/integration/test_phase4_alpaca_paper_position_view_comparison_persistence.py	packages/persistence/alpaca_paper_position_snapshot.py	49	static-import
tests/integration/test_phase4_alpaca_paper_position_view_comparison_persistence.py	packages/persistence/alpaca_paper_position_view_comparison.py	52	static-import
tests/integration/test_phase4_alpaca_paper_position_view_comparison_persistence.py	packages/persistence/broker_ingress.py	57	static-import
tests/integration/test_phase4_alpaca_paper_position_view_comparison_persistence.py	packages/persistence/broker_request_budget.py	58	static-import
tests/integration/test_phase4_alpaca_paper_position_view_comparison_persistence.py	packages/persistence/database.py	61	static-import
tests/integration/test_phase4_alpaca_paper_position_view_comparison_persistence.py	packages/persistence/schema.py	66	static-import
tests/integration/test_phase4_alpaca_paper_position_view_comparison_persistence.py	tests/integration/test_phase4_alpaca_paper_account_binding_persistence.py	81	static-import
tests/integration/test_phase4_alpaca_paper_position_view_comparison_persistence.py	tests/integration/test_phase4_alpaca_paper_position_snapshot_persistence.py	87	static-import
tests/integration/test_phase4_alpaca_paper_position_view_comparison_persistence.py	tests/integration/test_phase4_alpaca_paper_position_snapshot_persistence.py	98	static-import
tests/integration/test_phase4_alpaca_paper_position_view_transition_persistence.py	packages/adapters/broker/alpaca_paper_account_runtime.py	15	static-import
tests/integration/test_phase4_alpaca_paper_position_view_transition_persistence.py	packages/adapters/broker/alpaca_paper_position_snapshot_runtime.py	18	static-import
tests/integration/test_phase4_alpaca_paper_position_view_transition_persistence.py	packages/adapters/broker/alpaca_paper_positions.py	25	static-import
tests/integration/test_phase4_alpaca_paper_position_view_transition_persistence.py	packages/application/alpaca_paper_position_view_transition.py	28	static-import
tests/integration/test_phase4_alpaca_paper_position_view_transition_persistence.py	packages/domain/account_coordinator.py	34	static-import
tests/integration/test_phase4_alpaca_paper_position_view_transition_persistence.py	packages/domain/clock.py	40	static-import
tests/integration/test_phase4_alpaca_paper_position_view_transition_persistence.py	packages/persistence/account_coordinator.py	41	static-import
tests/integration/test_phase4_alpaca_paper_position_view_transition_persistence.py	packages/persistence/alpaca_paper_account_binding.py	46	static-import
tests/integration/test_phase4_alpaca_paper_position_view_transition_persistence.py	packages/persistence/alpaca_paper_position_snapshot.py	49	static-import
tests/integration/test_phase4_alpaca_paper_position_view_transition_persistence.py	packages/persistence/alpaca_paper_position_view_transition.py	53	static-import
tests/integration/test_phase4_alpaca_paper_position_view_transition_persistence.py	packages/persistence/database.py	58	static-import
tests/integration/test_phase4_alpaca_paper_position_view_transition_persistence.py	packages/persistence/schema.py	59	static-import
tests/integration/test_phase4_alpaca_paper_position_view_transition_persistence.py	tests/integration/phase4_postgres_cleanup.py	67	static-import
tests/integration/test_phase4_alpaca_paper_position_view_transition_persistence.py	tests/integration/test_phase4_alpaca_paper_account_binding_persistence.py	70	static-import
tests/integration/test_phase4_alpaca_paper_position_view_transition_persistence.py	tests/integration/test_phase4_alpaca_paper_position_snapshot_persistence.py	73	static-import
tests/integration/test_phase4_broker_inbox_persistence.py	packages/adapters/broker/alpaca_paper_inbox.py	13	static-import
tests/integration/test_phase4_broker_inbox_persistence.py	packages/adapters/broker/alpaca_paper_reconciliation.py	16	static-import
tests/integration/test_phase4_broker_inbox_persistence.py	packages/application/broker_inbox_admission.py	19	static-import
tests/integration/test_phase4_broker_inbox_persistence.py	packages/domain/broker_inbox.py	22	static-import
tests/integration/test_phase4_broker_inbox_persistence.py	packages/domain/broker_reconciliation.py	26	static-import
tests/integration/test_phase4_broker_inbox_persistence.py	packages/persistence/broker_inbox.py	27	static-import
tests/integration/test_phase4_broker_inbox_persistence.py	packages/persistence/broker_reconciliation.py	33	static-import
tests/integration/test_phase4_broker_inbox_persistence.py	packages/persistence/database.py	36	static-import
tests/integration/test_phase4_broker_inbox_persistence.py	packages/persistence/schema.py	40	static-import
tests/integration/test_phase4_broker_inbox_persistence.py	tests/integration/test_phase4_alpaca_paper_lookup_observation_persistence.py	46	static-import
tests/integration/test_phase4_broker_inbox_persistence.py	tests/integration/test_phase4_lookup_reconciliation_persistence.py	52	static-import
tests/integration/test_phase4_broker_inbox_persistence.py	tests/integration/test_phase4_lookup_reconciliation_persistence.py	56	static-import
tests/integration/test_phase4_broker_ingress_persistence.py	packages/adapters/broker/alpaca_paper.py	20	static-import
tests/integration/test_phase4_broker_ingress_persistence.py	packages/adapters/broker/alpaca_paper_account_assets.py	24	static-import
tests/integration/test_phase4_broker_ingress_persistence.py	packages/adapters/broker/alpaca_paper_ingress.py	31	static-import
tests/integration/test_phase4_broker_ingress_persistence.py	packages/adapters/broker/alpaca_paper_observations.py	42	static-import
tests/integration/test_phase4_broker_ingress_persistence.py	packages/domain/broker_ingress.py	48	static-import
tests/integration/test_phase4_broker_ingress_persistence.py	packages/domain/walking_thread.py	54	static-import
tests/integration/test_phase4_broker_ingress_persistence.py	packages/persistence/broker_ingress.py	55	static-import
tests/integration/test_phase4_broker_ingress_persistence.py	packages/persistence/database.py	61	static-import
tests/integration/test_phase4_broker_ingress_persistence.py	packages/persistence/schema.py	62	static-import
tests/integration/test_phase4_broker_request_budget_persistence.py	packages/domain/account_coordinator.py	21	static-import
tests/integration/test_phase4_broker_request_budget_persistence.py	packages/domain/clock.py	34	static-import
tests/integration/test_phase4_broker_request_budget_persistence.py	packages/persistence/account_coordinator.py	35	static-import
tests/integration/test_phase4_broker_request_budget_persistence.py	packages/persistence/broker_request_budget.py	39	static-import
tests/integration/test_phase4_broker_request_budget_persistence.py	packages/persistence/database.py	45	static-import
tests/integration/test_phase4_broker_request_budget_persistence.py	packages/persistence/schema.py	51	static-import
tests/integration/test_phase4_etrade_oauth_coordinator_persistence.py	packages/adapters/broker/etrade_oauth.py	28	static-import
tests/integration/test_phase4_etrade_oauth_coordinator_persistence.py	packages/persistence/database.py	51	static-import
tests/integration/test_phase4_etrade_oauth_coordinator_persistence.py	packages/persistence/etrade_oauth_coordinator.py	56	static-import
tests/integration/test_phase4_etrade_oauth_coordinator_persistence.py	packages/persistence/schema.py	69	static-import
tests/integration/test_phase4_etrade_oauth_coordinator_persistence.py	tests/unit/test_etrade_oauth.py	74	static-import
tests/integration/test_phase4_lookup_reconciliation_persistence.py	packages/adapters/broker/alpaca_paper_reconciliation.py	13	static-import
tests/integration/test_phase4_lookup_reconciliation_persistence.py	packages/application/alpaca_paper_reconciliation_normalization.py	16	static-import
tests/integration/test_phase4_lookup_reconciliation_persistence.py	packages/domain/submission_attempt.py	19	static-import
tests/integration/test_phase4_lookup_reconciliation_persistence.py	packages/persistence/broker_ingress.py	24	static-import
tests/integration/test_phase4_lookup_reconciliation_persistence.py	packages/persistence/broker_reconciliation.py	25	static-import
tests/integration/test_phase4_lookup_reconciliation_persistence.py	packages/persistence/database.py	31	static-import
tests/integration/test_phase4_lookup_reconciliation_persistence.py	packages/persistence/schema.py	36	static-import
tests/integration/test_phase4_lookup_reconciliation_persistence.py	packages/persistence/submission_attempt.py	47	static-import
tests/integration/test_phase4_lookup_reconciliation_persistence.py	tests/integration/test_phase4_alpaca_paper_lookup_observation_persistence.py	48	static-import
tests/integration/test_phase4_unknown_lookup_schedule_persistence.py	packages/adapters/broker/alpaca_paper.py	20	static-import
tests/integration/test_phase4_unknown_lookup_schedule_persistence.py	packages/adapters/broker/alpaca_paper_asset_runtime.py	23	static-import
tests/integration/test_phase4_unknown_lookup_schedule_persistence.py	packages/adapters/broker/alpaca_paper_lookup_runtime.py	26	static-import
tests/integration/test_phase4_unknown_lookup_schedule_persistence.py	packages/adapters/broker/alpaca_paper_observations.py	32	static-import
tests/integration/test_phase4_unknown_lookup_schedule_persistence.py	packages/application/alpaca_paper_unknown_recovery.py	35	static-import
tests/integration/test_phase4_unknown_lookup_schedule_persistence.py	packages/domain/account_coordinator.py	38	static-import
tests/integration/test_phase4_unknown_lookup_schedule_persistence.py	packages/domain/submission_attempt.py	43	static-import
tests/integration/test_phase4_unknown_lookup_schedule_persistence.py	packages/domain/unknown_submission_recovery.py	47	static-import
tests/integration/test_phase4_unknown_lookup_schedule_persistence.py	packages/persistence/account_coordinator.py	51	static-import
tests/integration/test_phase4_unknown_lookup_schedule_persistence.py	packages/persistence/alpaca_paper_account_binding.py	55	static-import
tests/integration/test_phase4_unknown_lookup_schedule_persistence.py	packages/persistence/alpaca_paper_lookup_observation.py	58	static-import
tests/integration/test_phase4_unknown_lookup_schedule_persistence.py	packages/persistence/batch_risk.py	61	static-import
tests/integration/test_phase4_unknown_lookup_schedule_persistence.py	packages/persistence/broker_ingress.py	62	static-import
tests/integration/test_phase4_unknown_lookup_schedule_persistence.py	packages/persistence/broker_request_budget.py	63	static-import
tests/integration/test_phase4_unknown_lookup_schedule_persistence.py	packages/persistence/database.py	66	static-import
tests/integration/test_phase4_unknown_lookup_schedule_persistence.py	packages/persistence/schema.py	71	static-import
tests/integration/test_phase4_unknown_lookup_schedule_persistence.py	packages/persistence/submission_attempt.py	81	static-import
tests/integration/test_phase4_unknown_lookup_schedule_persistence.py	packages/persistence/unknown_submission_recovery.py	82	static-import
tests/integration/test_phase4_unknown_lookup_schedule_persistence.py	tests/integration/test_phase2_submission_attempt_persistence.py	90	static-import
tests/integration/test_phase4_unknown_lookup_schedule_persistence.py	tests/integration/test_phase4_alpaca_paper_lookup_observation_persistence.py	93	static-import
tests/integration/test_phase4_unknown_lookup_schedule_persistence.py	tests/unit/test_alpaca_paper_lookup_runtime.py	100	static-import
tests/integration/test_phase4_unknown_lookup_schedule_persistence.py	tests/unit/test_batch_risk.py	105	static-import
tests/integration/test_phase4_unknown_recovery_pipeline.py	packages/adapters/broker/alpaca_paper_lookup_runtime.py	9	static-import
tests/integration/test_phase4_unknown_recovery_pipeline.py	packages/application/alpaca_paper_reconciliation_normalization.py	12	static-import
tests/integration/test_phase4_unknown_recovery_pipeline.py	packages/application/alpaca_paper_unknown_recovery_pipeline.py	15	static-import
tests/integration/test_phase4_unknown_recovery_pipeline.py	packages/application/broker_inbox_admission.py	19	static-import
tests/integration/test_phase4_unknown_recovery_pipeline.py	packages/domain/unknown_submission_recovery.py	22	static-import
tests/integration/test_phase4_unknown_recovery_pipeline.py	packages/persistence/broker_inbox.py	25	static-import
tests/integration/test_phase4_unknown_recovery_pipeline.py	packages/persistence/broker_ingress.py	26	static-import
tests/integration/test_phase4_unknown_recovery_pipeline.py	packages/persistence/broker_reconciliation.py	27	static-import
tests/integration/test_phase4_unknown_recovery_pipeline.py	packages/persistence/unknown_submission_recovery.py	30	static-import
tests/integration/test_phase4_unknown_recovery_pipeline.py	tests/integration/test_phase4_alpaca_paper_lookup_observation_persistence.py	33	static-import
tests/integration/test_phase4_unknown_recovery_pipeline.py	tests/integration/test_phase4_unknown_lookup_schedule_persistence.py	38	static-import
tests/integration/test_phase5_advanced_batch_risk.py	packages/domain/account_coordinator.py	16	static-import
tests/integration/test_phase5_advanced_batch_risk.py	packages/domain/advanced_risk_admission.py	25	static-import
tests/integration/test_phase5_advanced_batch_risk.py	packages/domain/advanced_risk_sources.py	38	static-import
tests/integration/test_phase5_advanced_batch_risk.py	packages/domain/batch_risk.py	44	static-import
tests/integration/test_phase5_advanced_batch_risk.py	packages/domain/models.py	52	static-import
tests/integration/test_phase5_advanced_batch_risk.py	packages/domain/operational_control.py	53	static-import
tests/integration/test_phase5_advanced_batch_risk.py	packages/domain/portfolio.py	64	static-import
tests/integration/test_phase5_advanced_batch_risk.py	packages/domain/submission_attempt.py	65	static-import
tests/integration/test_phase5_advanced_batch_risk.py	packages/persistence/account_coordinator.py	69	static-import
tests/integration/test_phase5_advanced_batch_risk.py	packages/persistence/advanced_batch_risk.py	74	static-import
tests/integration/test_phase5_advanced_batch_risk.py	packages/persistence/advanced_risk.py	85	static-import
tests/integration/test_phase5_advanced_batch_risk.py	packages/persistence/batch_risk.py	90	static-import
tests/integration/test_phase5_advanced_batch_risk.py	packages/persistence/database.py	91	static-import
tests/integration/test_phase5_advanced_batch_risk.py	packages/persistence/operational_control.py	98	static-import
tests/integration/test_phase5_advanced_batch_risk.py	packages/persistence/schema.py	104	static-import
tests/integration/test_phase5_advanced_batch_risk.py	packages/persistence/submission_attempt.py	116	static-import
tests/integration/test_phase5_advanced_batch_risk.py	tests/unit/test_advanced_risk_sources.py	117	static-import
tests/integration/test_phase5_advanced_batch_risk.py	tests/unit/test_batch_risk.py	123	static-import
tests/integration/test_phase5_advanced_risk_persistence.py	packages/domain/account_coordinator.py	15	static-import
tests/integration/test_phase5_advanced_risk_persistence.py	packages/domain/operational_control.py	33	static-import
tests/integration/test_phase5_advanced_risk_persistence.py	packages/persistence/account_coordinator.py	40	static-import
tests/integration/test_phase5_advanced_risk_persistence.py	packages/persistence/advanced_risk.py	44	static-import
tests/integration/test_phase5_advanced_risk_persistence.py	packages/persistence/database.py	50	static-import
tests/integration/test_phase5_advanced_risk_persistence.py	packages/persistence/operational_control.py	51	static-import
tests/integration/test_phase5_advanced_risk_persistence.py	packages/persistence/schema.py	52	static-import
tests/integration/test_phase5_advanced_risk_schema.py	packages/persistence/schema.py	14	static-import
tests/integration/test_phase5_critical_alert_atomic_worker.py	packages/application/critical_alert_atomic_worker.py	13	static-import
tests/integration/test_phase5_critical_alert_atomic_worker.py	packages/application/critical_alert_supervisor_failure_control.py	24	static-import
tests/integration/test_phase5_critical_alert_atomic_worker.py	packages/domain/operational_control.py	36	static-import
tests/integration/test_phase5_critical_alert_atomic_worker.py	packages/persistence/critical_alert.py	43	static-import
tests/integration/test_phase5_critical_alert_atomic_worker.py	packages/persistence/critical_alert_failure_control.py	44	static-import
tests/integration/test_phase5_critical_alert_atomic_worker.py	packages/persistence/database.py	48	static-import
tests/integration/test_phase5_critical_alert_atomic_worker.py	packages/persistence/operational_control.py	49	static-import
tests/integration/test_phase5_critical_alert_atomic_worker.py	packages/persistence/schema.py	50	static-import
tests/integration/test_phase5_critical_alert_failure_control_persistence.py	packages/application/critical_alert_supervisor_failure_control.py	25	static-import
tests/integration/test_phase5_critical_alert_failure_control_persistence.py	packages/domain/account_coordinator.py	33	static-import
tests/integration/test_phase5_critical_alert_failure_control_persistence.py	packages/domain/clock.py	34	static-import
tests/integration/test_phase5_critical_alert_failure_control_persistence.py	packages/domain/operational_control.py	43	static-import
tests/integration/test_phase5_critical_alert_failure_control_persistence.py	packages/persistence/account_coordinator.py	54	static-import
tests/integration/test_phase5_critical_alert_failure_control_persistence.py	packages/persistence/critical_alert.py	58	static-import
tests/integration/test_phase5_critical_alert_failure_control_persistence.py	packages/persistence/critical_alert_failure_control.py	59	static-import
tests/integration/test_phase5_critical_alert_failure_control_persistence.py	packages/persistence/database.py	65	static-import
tests/integration/test_phase5_critical_alert_failure_control_persistence.py	packages/persistence/operational_control.py	70	static-import
tests/integration/test_phase5_critical_alert_failure_control_persistence.py	packages/persistence/schema.py	76	static-import
tests/integration/test_phase5_critical_alert_failure_control_schema.py	packages/persistence/critical_alert.py	20	static-import
tests/integration/test_phase5_critical_alert_failure_control_schema.py	packages/persistence/database.py	21	static-import
tests/integration/test_phase5_critical_alert_failure_control_schema.py	packages/persistence/schema.py	22	static-import
tests/integration/test_phase5_critical_alert_persistence.py	packages/persistence/critical_alert.py	24	static-import
tests/integration/test_phase5_critical_alert_persistence.py	packages/persistence/database.py	28	static-import
tests/integration/test_phase5_critical_alert_persistence.py	packages/persistence/schema.py	33	static-import
tests/integration/test_phase5_critical_alert_supervisor.py	packages/persistence/critical_alert.py	27	static-import
tests/integration/test_phase5_critical_alert_supervisor.py	packages/persistence/database.py	28	static-import
tests/integration/test_phase5_critical_alert_supervisor.py	packages/persistence/schema.py	29	static-import
tests/integration/test_phase5_local_operations_composition.py	apps/api/backtest_views.py	11	static-import
tests/integration/test_phase5_local_operations_composition.py	apps/api/config.py	12	static-import
tests/integration/test_phase5_local_operations_composition.py	apps/api/contracts.py	13	static-import
tests/integration/test_phase5_local_operations_composition.py	apps/api/main.py	14	static-import
tests/integration/test_phase5_local_operations_composition.py	apps/api/operations_views.py	15	static-import
tests/integration/test_phase5_local_operations_composition.py	packages/application/local_operations.py	16	static-import
tests/integration/test_phase5_local_operations_composition.py	packages/domain/account_coordinator.py	21	static-import
tests/integration/test_phase5_local_operations_composition.py	packages/domain/operational_control.py	26	static-import
tests/integration/test_phase5_local_operations_composition.py	packages/persistence/account_coordinator.py	34	static-import
tests/integration/test_phase5_local_operations_composition.py	packages/persistence/critical_alert.py	35	static-import
tests/integration/test_phase5_local_operations_composition.py	packages/persistence/database.py	36	static-import
tests/integration/test_phase5_local_operations_composition.py	packages/persistence/local_operations.py	39	static-import
tests/integration/test_phase5_local_operations_composition.py	packages/persistence/operational_control.py	40	static-import
tests/integration/test_phase5_local_operations_composition.py	packages/persistence/schema.py	41	static-import
tests/integration/test_phase5_operational_control_persistence.py	packages/domain/operational_control.py	14	static-import
tests/integration/test_phase5_operational_control_persistence.py	packages/persistence/database.py	34	static-import
tests/integration/test_phase5_operational_control_persistence.py	packages/persistence/operational_control.py	35	static-import
tests/integration/test_phase5_operational_control_persistence.py	packages/persistence/schema.py	44	static-import
tests/integration/test_phase5_operations_api.py	apps/api/backtest_views.py	12	static-import
tests/integration/test_phase5_operations_api.py	apps/api/contracts.py	16	static-import
tests/integration/test_phase5_operations_api.py	apps/api/operations_views.py	29	static-import
tests/integration/test_phase5_operations_api.py	packages/application/operational_rearm.py	30	static-import
tests/integration/test_phase5_operations_api.py	packages/domain/operational_control.py	41	static-import
tests/integration/test_phase5_operations_api.py	packages/persistence/database.py	52	static-import
tests/integration/test_phase5_operations_api.py	packages/persistence/operational_control.py	53	static-import
tests/integration/test_phase5_operations_api.py	packages/persistence/schema.py	54	static-import
tests/integration/test_phase5_operations_api.py	packages/domain/operational_control.py	72	static-import
tests/integration/test_phase5_strategy_invocation_lifecycle_persistence.py	packages/application/durable_supervised_strategy.py	14	static-import
tests/integration/test_phase5_strategy_invocation_lifecycle_persistence.py	packages/domain/account_coordinator.py	17	static-import
tests/integration/test_phase5_strategy_invocation_lifecycle_persistence.py	packages/domain/market_batch.py	18	static-import
tests/integration/test_phase5_strategy_invocation_lifecycle_persistence.py	packages/domain/operational_control.py	19	static-import
tests/integration/test_phase5_strategy_invocation_lifecycle_persistence.py	packages/domain/strategy_invocation_lifecycle.py	28	static-import
tests/integration/test_phase5_strategy_invocation_lifecycle_persistence.py	packages/domain/strategy_supervision.py	39	static-import
tests/integration/test_phase5_strategy_invocation_lifecycle_persistence.py	packages/persistence/account_coordinator.py	46	static-import
tests/integration/test_phase5_strategy_invocation_lifecycle_persistence.py	packages/persistence/database.py	51	static-import
tests/integration/test_phase5_strategy_invocation_lifecycle_persistence.py	packages/persistence/operational_control.py	52	static-import
tests/integration/test_phase5_strategy_invocation_lifecycle_persistence.py	packages/persistence/schema.py	55	static-import
tests/integration/test_phase5_strategy_invocation_lifecycle_persistence.py	packages/persistence/strategy_invocation_lifecycle.py	63	static-import
tests/integration/test_phase5_strategy_invocation_lifecycle_persistence.py	packages/persistence/strategy_supervision.py	70	static-import
tests/integration/test_phase5_strategy_invocation_lifecycle_persistence.py	tests/unit/test_strategy_supervision.py	74	static-import
tests/integration/test_phase5_strategy_invocation_lifecycle_persistence.py	packages/persistence/strategy_invocation_lifecycle.py	790	static-import
tests/integration/test_phase5_strategy_invocation_lifecycle_persistence.py	packages/persistence/strategy_invocation_lifecycle.py	895	static-import
tests/integration/test_phase5_strategy_invocation_lifecycle_persistence.py	packages/persistence/strategy_invocation_lifecycle.py	929	static-import
tests/integration/test_phase5_strategy_invocation_lifecycle_schema.py	packages/persistence/schema.py	15	static-import
tests/integration/test_phase5_strategy_supervision_persistence.py	packages/domain/account_coordinator.py	12	static-import
tests/integration/test_phase5_strategy_supervision_persistence.py	packages/domain/operational_control.py	13	static-import
tests/integration/test_phase5_strategy_supervision_persistence.py	packages/domain/strategy_supervision.py	20	static-import
tests/integration/test_phase5_strategy_supervision_persistence.py	packages/persistence/account_coordinator.py	28	static-import
tests/integration/test_phase5_strategy_supervision_persistence.py	packages/persistence/database.py	32	static-import
tests/integration/test_phase5_strategy_supervision_persistence.py	packages/persistence/operational_control.py	33	static-import
tests/integration/test_phase5_strategy_supervision_persistence.py	packages/persistence/schema.py	36	static-import
tests/integration/test_phase5_strategy_supervision_persistence.py	packages/persistence/strategy_supervision.py	43	static-import
tests/integration/test_phase5_strategy_supervision_persistence.py	tests/unit/test_strategy_supervision.py	48	static-import
tests/integration/test_phase5_trading_trace_composition.py	packages/application/trading_trace.py	20	static-import
tests/integration/test_phase5_trading_trace_composition.py	packages/application/trading_trace.py	21	static-import
tests/integration/test_phase5_trading_trace_composition.py	packages/domain/account_coordinator.py	26	static-import
tests/integration/test_phase5_trading_trace_composition.py	packages/domain/batch_risk.py	31	static-import
tests/integration/test_phase5_trading_trace_composition.py	packages/domain/clock.py	32	static-import
tests/integration/test_phase5_trading_trace_composition.py	packages/domain/ledger_reducer.py	33	static-import
tests/integration/test_phase5_trading_trace_composition.py	packages/domain/order_reducer.py	34	static-import
tests/integration/test_phase5_trading_trace_composition.py	packages/domain/portfolio.py	40	static-import
tests/integration/test_phase5_trading_trace_composition.py	packages/domain/submission_attempt.py	41	static-import
tests/integration/test_phase5_trading_trace_composition.py	packages/domain/walking_thread.py	45	static-import
tests/integration/test_phase5_trading_trace_composition.py	packages/risk/batch_repository.py	50	static-import
tests/integration/test_phase5_trading_trace_composition.py	tests/unit/test_batch_risk.py	54	static-import
tests/integration/test_phase6_trusted_time_head_anchor_migration_postgres.py	packages/persistence/database.py	17	static-import
tests/integration/test_phase6_trusted_time_head_anchor_migration_postgres.py	packages/persistence/schema.py	19	static-import
tests/integration/test_phase6_trusted_time_head_anchor_migration_postgres.py	packages/persistence/trusted_time.py	26	static-import
tests/integration/test_phase6_trusted_time_head_anchor_migration_postgres.py	scripts/migrate_phase6_trusted_time_head_anchors.py	27	static-import
tests/integration/test_phase6_trusted_time_head_anchor_persistence.py	apps/trusted_time_supervisor/head_anchor_attempt.py	22	static-import
tests/integration/test_phase6_trusted_time_head_anchor_persistence.py	apps/trusted_time_supervisor/head_anchor_config.py	25	static-import
tests/integration/test_phase6_trusted_time_head_anchor_persistence.py	packages/application/trusted_time_head_anchor.py	28	static-import
tests/integration/test_phase6_trusted_time_head_anchor_persistence.py	packages/application/durable_trusted_time_monitor.py	29	static-import
tests/integration/test_phase6_trusted_time_head_anchor_persistence.py	packages/application/trusted_time_head_anchor.py	33	static-import
tests/integration/test_phase6_trusted_time_head_anchor_persistence.py	packages/application/trusted_time_monitor.py	42	static-import
tests/integration/test_phase6_trusted_time_head_anchor_persistence.py	packages/persistence/__init__.py	43	static-import
tests/integration/test_phase6_trusted_time_head_anchor_persistence.py	packages/persistence/trusted_time_head_anchor.py	43	static-import
tests/integration/test_phase6_trusted_time_head_anchor_persistence.py	packages/persistence/database.py	44	static-import
tests/integration/test_phase6_trusted_time_head_anchor_persistence.py	packages/persistence/schema.py	45	static-import
tests/integration/test_phase6_trusted_time_head_anchor_persistence.py	packages/persistence/trusted_time.py	50	static-import
tests/integration/test_phase6_trusted_time_head_anchor_persistence.py	packages/persistence/trusted_time_head_anchor.py	51	static-import
tests/integration/test_phase6_trusted_time_persistence.py	packages/persistence/trusted_time.py	18	static-import
tests/integration/test_phase6_trusted_time_persistence.py	packages/application/durable_trusted_time_monitor.py	19	static-import
tests/integration/test_phase6_trusted_time_persistence.py	packages/application/trusted_time_head_anchor.py	24	static-import
tests/integration/test_phase6_trusted_time_persistence.py	packages/application/trusted_time_monitor.py	29	static-import
tests/integration/test_phase6_trusted_time_persistence.py	packages/domain/trusted_time.py	35	static-import
tests/integration/test_phase6_trusted_time_persistence.py	packages/persistence/database.py	36	static-import
tests/integration/test_phase6_trusted_time_persistence.py	packages/persistence/schema.py	41	static-import
tests/integration/test_phase6_trusted_time_persistence.py	packages/persistence/trusted_time.py	46	static-import
tests/integration/test_phase6_trusted_time_postgres.py	packages/application/durable_trusted_time_monitor.py	22	static-import
tests/integration/test_phase6_trusted_time_postgres.py	packages/application/trusted_time_monitor.py	25	static-import
tests/integration/test_phase6_trusted_time_postgres.py	packages/domain/trusted_time.py	31	static-import
tests/integration/test_phase6_trusted_time_postgres.py	packages/persistence/database.py	32	static-import
tests/integration/test_phase6_trusted_time_postgres.py	packages/persistence/schema.py	34	static-import
tests/integration/test_phase6_trusted_time_postgres.py	packages/persistence/trusted_time.py	41	static-import
tests/integration/test_phase6_trusted_time_postgres.py	scripts/migrate_phase6_trusted_time_uncertainty.py	45	static-import
tests/integration/test_phase6_trusted_time_repository_security.py	packages/persistence/trusted_time.py	14	static-import
tests/integration/test_phase6_trusted_time_repository_security.py	packages/application/durable_trusted_time_monitor.py	15	static-import
tests/integration/test_phase6_trusted_time_repository_security.py	packages/application/trusted_time_monitor.py	18	static-import
tests/integration/test_phase6_trusted_time_repository_security.py	packages/domain/trusted_time.py	23	static-import
tests/integration/test_phase6_trusted_time_repository_security.py	packages/persistence/database.py	24	static-import
tests/integration/test_phase6_trusted_time_repository_security.py	packages/persistence/schema.py	25	static-import
tests/integration/test_phase6_trusted_time_repository_security.py	packages/persistence/trusted_time.py	30	static-import
tests/integration/test_phase6_trusted_time_schema.py	packages/domain/trusted_time.py	15	static-import
tests/integration/test_phase6_trusted_time_schema.py	packages/persistence/database.py	16	static-import
tests/integration/test_phase6_trusted_time_schema.py	packages/persistence/schema.py	17	static-import
tests/integration/test_postgres_risk_concurrency.py	packages/application/manifest_replay.py	24	static-import
tests/integration/test_postgres_risk_concurrency.py	packages/application/market_data_ingestion.py	25	static-import
tests/integration/test_postgres_risk_concurrency.py	packages/datasets/__init__.py	26	static-import
tests/integration/test_postgres_risk_concurrency.py	packages/domain/clock.py	27	static-import
tests/integration/test_postgres_risk_concurrency.py	packages/domain/models.py	28	static-import
tests/integration/test_postgres_risk_concurrency.py	packages/domain/replay_manifest.py	29	static-import
tests/integration/test_postgres_risk_concurrency.py	packages/domain/risk.py	30	static-import
tests/integration/test_postgres_risk_concurrency.py	packages/domain/walking_thread.py	36	static-import
tests/integration/test_postgres_risk_concurrency.py	packages/persistence/database.py	38	static-import
tests/integration/test_postgres_risk_concurrency.py	packages/persistence/market_data.py	39	static-import
tests/integration/test_postgres_risk_concurrency.py	packages/persistence/replay.py	40	static-import
tests/integration/test_postgres_risk_concurrency.py	packages/persistence/risk.py	44	static-import
tests/integration/test_postgres_risk_concurrency.py	packages/persistence/schema.py	45	static-import
tests/integration/test_replay_run_persistence.py	packages/application/manifest_replay.py	16	static-import
tests/integration/test_replay_run_persistence.py	packages/application/market_data_ingestion.py	17	static-import
tests/integration/test_replay_run_persistence.py	packages/datasets/__init__.py	18	static-import
tests/integration/test_replay_run_persistence.py	packages/domain/replay.py	23	static-import
tests/integration/test_replay_run_persistence.py	packages/domain/replay_manifest.py	24	static-import
tests/integration/test_replay_run_persistence.py	packages/persistence/__init__.py	30	static-import
tests/integration/test_replay_run_persistence.py	packages/persistence/replay.py	30	static-import
tests/integration/test_replay_run_persistence.py	packages/persistence/database.py	31	static-import
tests/integration/test_replay_run_persistence.py	packages/persistence/market_data.py	38	static-import
tests/integration/test_replay_run_persistence.py	packages/persistence/replay.py	39	static-import
tests/integration/test_replay_run_persistence.py	packages/persistence/schema.py	43	static-import
tests/integration/test_schema.py	packages/domain/account_coordinator.py	13	static-import
tests/integration/test_schema.py	packages/domain/batch_risk.py	22	static-import
tests/integration/test_schema.py	packages/domain/broker_ingress.py	23	static-import
tests/integration/test_schema.py	packages/domain/clock.py	25	static-import
tests/integration/test_schema.py	packages/persistence/account_coordinator.py	27	static-import
tests/integration/test_schema.py	packages/persistence/batch_risk.py	35	static-import
tests/integration/test_schema.py	packages/persistence/broker_ingress.py	41	static-import
tests/integration/test_schema.py	packages/persistence/database.py	42	static-import
tests/integration/test_schema.py	packages/persistence/reservation_lifecycle.py	49	static-import
tests/integration/test_schema.py	packages/persistence/schema.py	50	static-import
tests/integration/test_schema.py	tests/integration/test_phase2_batch_risk_persistence.py	103	static-import
tests/integration/test_schema.py	tests/unit/test_batch_risk.py	104	static-import
tests/integration/test_schema.py	packages/domain/operational_control.py	2399	static-import
tests/integration/test_schema.py	packages/persistence/operational_control.py	2406	static-import
tests/integration/test_schema.py	packages/domain/operational_control.py	3182	static-import
tests/integration/test_schema.py	packages/persistence/operational_control.py	3190	static-import
tests/integration/test_sql_account_coordinator.py	packages/domain/account_coordinator.py	16	static-import
tests/integration/test_sql_account_coordinator.py	packages/persistence/account_coordinator.py	25	static-import
tests/integration/test_sql_account_coordinator.py	packages/persistence/database.py	33	static-import
tests/integration/test_sql_account_coordinator.py	packages/persistence/schema.py	38	static-import
tests/integration/test_submission_attempt_migration.py	packages/persistence/database.py	11	static-import
tests/integration/test_submission_attempt_migration.py	packages/persistence/risk.py	12	static-import
tests/integration/test_submission_attempt_migration.py	packages/persistence/schema.py	13	static-import
tests/unit/test_account_coordinator.py	packages/domain/account_coordinator.py	10	static-import
tests/unit/test_account_coordinator.py	packages/domain/models.py	20	static-import
tests/unit/test_account_coordinator.py	packages/domain/walking_thread.py	21	static-import
tests/unit/test_account_coordinator.py	packages/execution/account_coordinator.py	22	static-import
tests/unit/test_account_projection.py	packages/domain/account_projection.py	10	static-import
tests/unit/test_account_projection.py	packages/domain/ledger_reducer.py	18	static-import
tests/unit/test_account_projection.py	packages/domain/models.py	19	static-import
tests/unit/test_account_projection.py	packages/domain/order_reducer.py	20	static-import
tests/unit/test_account_projection.py	packages/domain/walking_thread.py	26	static-import
tests/unit/test_accounting.py	packages/domain/accounting.py	7	static-import
tests/unit/test_accounting.py	packages/domain/decision.py	8	static-import
tests/unit/test_accounting.py	packages/domain/models.py	9	static-import
tests/unit/test_accounting.py	packages/domain/portfolio.py	10	static-import
tests/unit/test_accounting.py	packages/domain/risk.py	11	static-import
tests/unit/test_accounting.py	packages/domain/strategy.py	12	static-import
tests/unit/test_accounting.py	packages/domain/walking_thread.py	17	static-import
tests/unit/test_advanced_risk.py	packages/domain/batch_risk.py	32	static-import
tests/unit/test_advanced_risk.py	packages/domain/operational_control.py	33	static-import
tests/unit/test_advanced_risk_admission.py	packages/domain/advanced_risk_admission.py	8	static-import
tests/unit/test_advanced_risk_admission.py	packages/domain/batch_risk.py	20	static-import
tests/unit/test_advanced_risk_admission.py	packages/domain/operational_control.py	25	static-import
tests/unit/test_advanced_risk_admission.py	tests/unit/test_batch_risk.py	26	static-import
tests/unit/test_advanced_risk_admission.py	tests/unit/test_batch_risk.py	152	static-import
tests/unit/test_advanced_risk_enforcement.py	packages/domain/advanced_risk_enforcement.py	9	static-import
tests/unit/test_advanced_risk_enforcement.py	packages/domain/operational_control.py	26	static-import
tests/unit/test_advanced_risk_metrics.py	packages/domain/advanced_risk_metrics.py	13	static-import
tests/unit/test_advanced_risk_metrics.py	packages/domain/models.py	51	static-import
tests/unit/test_advanced_risk_sources.py	packages/domain/advanced_risk_sources.py	20	static-import
tests/unit/test_advanced_risk_sources.py	packages/domain/batch_risk.py	31	static-import
tests/unit/test_advanced_risk_sources.py	packages/domain/models.py	38	static-import
tests/unit/test_advanced_risk_sources.py	packages/domain/portfolio.py	39	static-import
tests/unit/test_advanced_risk_sources.py	tests/unit/test_batch_risk.py	40	static-import
tests/unit/test_alpaca_paper.py	packages/adapters/broker/alpaca_paper.py	10	static-import
tests/unit/test_alpaca_paper.py	packages/domain/models.py	26	static-import
tests/unit/test_alpaca_paper.py	packages/domain/submission_attempt.py	27	static-import
tests/unit/test_alpaca_paper.py	packages/domain/walking_thread.py	28	static-import
tests/unit/test_alpaca_paper_account_activities.py	packages/adapters/broker/alpaca_paper_account_activities.py	14	static-import
tests/unit/test_alpaca_paper_account_activities.py	packages/domain/broker_ingress.py	37	static-import
tests/unit/test_alpaca_paper_account_activity_comparison.py	packages/adapters/broker/__init__.py	11	static-import
tests/unit/test_alpaca_paper_account_activity_comparison.py	packages/adapters/broker/alpaca_paper_account_activities.py	12	static-import
tests/unit/test_alpaca_paper_account_activity_comparison.py	packages/adapters/broker/alpaca_paper_account_activity_comparison.py	20	static-import
tests/unit/test_alpaca_paper_account_activity_comparison.py	packages/domain/broker_ingress.py	31	static-import
tests/unit/test_alpaca_paper_account_activity_comparison_application.py	packages/adapters/broker/alpaca_paper_account_activities.py	10	static-import
tests/unit/test_alpaca_paper_account_activity_comparison_application.py	packages/adapters/broker/alpaca_paper_account_activity_comparison.py	14	static-import
tests/unit/test_alpaca_paper_account_activity_comparison_application.py	packages/adapters/broker/alpaca_paper_account_activity_runtime.py	17	static-import
tests/unit/test_alpaca_paper_account_activity_comparison_application.py	packages/application/alpaca_paper_account_activity_comparison.py	24	static-import
tests/unit/test_alpaca_paper_account_activity_comparison_application.py	packages/domain/account_coordinator.py	38	static-import
tests/unit/test_alpaca_paper_account_activity_comparison_application.py	tests/unit/test_alpaca_paper_account_activities.py	45	static-import
tests/unit/test_alpaca_paper_account_activity_comparison_application.py	tests/unit/test_alpaca_paper_account_activity_runtime.py	46	static-import
tests/unit/test_alpaca_paper_account_activity_comparison_application.py	tests/unit/test_alpaca_paper_account_runtime.py	59	static-import
tests/unit/test_alpaca_paper_account_activity_comparison_application.py	tests/unit/test_alpaca_paper_account_runtime.py	62	static-import
tests/unit/test_alpaca_paper_account_activity_comparison_application.py	tests/unit/test_submission_attempt.py	65	static-import
tests/unit/test_alpaca_paper_account_activity_runtime.py	packages/adapters/broker/alpaca_paper_account_activity_runtime.py	10	static-import
tests/unit/test_alpaca_paper_account_activity_runtime.py	packages/adapters/broker/alpaca_paper.py	11	static-import
tests/unit/test_alpaca_paper_account_activity_runtime.py	packages/adapters/broker/alpaca_paper_account_activities.py	12	static-import
tests/unit/test_alpaca_paper_account_activity_runtime.py	packages/adapters/broker/alpaca_paper_account_activity_runtime.py	17	static-import
tests/unit/test_alpaca_paper_account_activity_runtime.py	packages/adapters/broker/alpaca_paper_account_runtime.py	34	static-import
tests/unit/test_alpaca_paper_account_activity_runtime.py	packages/adapters/broker/alpaca_paper_budget.py	43	static-import
tests/unit/test_alpaca_paper_account_activity_runtime.py	packages/domain/account_coordinator.py	46	static-import
tests/unit/test_alpaca_paper_account_activity_runtime.py	packages/domain/broker_ingress.py	51	static-import
tests/unit/test_alpaca_paper_account_activity_runtime.py	tests/unit/test_alpaca_paper_account_activities.py	63	static-import
tests/unit/test_alpaca_paper_account_activity_runtime.py	tests/unit/test_alpaca_paper_account_runtime.py	64	static-import
tests/unit/test_alpaca_paper_account_activity_runtime.py	tests/unit/test_alpaca_paper_account_runtime.py	70	static-import
tests/unit/test_alpaca_paper_account_activity_runtime.py	tests/unit/test_submission_attempt.py	73	static-import
tests/unit/test_alpaca_paper_account_activity_supervisor.py	packages/adapters/broker/alpaca_paper_account_activities.py	9	static-import
tests/unit/test_alpaca_paper_account_activity_supervisor.py	packages/adapters/broker/alpaca_paper_account_activity_runtime.py	14	static-import
tests/unit/test_alpaca_paper_account_activity_supervisor.py	packages/application/alpaca_paper_account_activity_comparison.py	23	static-import
tests/unit/test_alpaca_paper_account_activity_supervisor.py	packages/application/alpaca_paper_account_activity_supervisor.py	28	static-import
tests/unit/test_alpaca_paper_account_activity_supervisor.py	packages/domain/account_coordinator.py	41	static-import
tests/unit/test_alpaca_paper_account_activity_supervisor.py	tests/unit/test_alpaca_paper_account_activities.py	42	static-import
tests/unit/test_alpaca_paper_account_activity_supervisor.py	tests/unit/test_alpaca_paper_account_activity_comparison_application.py	43	static-import
tests/unit/test_alpaca_paper_account_activity_supervisor.py	tests/unit/test_alpaca_paper_account_activity_runtime.py	47	static-import
tests/unit/test_alpaca_paper_account_asset_fixtures.py	packages/adapters/broker/alpaca_paper_account_assets.py	9	static-import
tests/unit/test_alpaca_paper_account_asset_ingress.py	packages/adapters/broker/alpaca_paper.py	10	static-import
tests/unit/test_alpaca_paper_account_asset_ingress.py	packages/adapters/broker/alpaca_paper_account_assets.py	14	static-import
tests/unit/test_alpaca_paper_account_asset_ingress.py	packages/adapters/broker/alpaca_paper_ingress.py	19	static-import
tests/unit/test_alpaca_paper_account_asset_ingress.py	packages/domain/broker_ingress.py	28	static-import
tests/unit/test_alpaca_paper_account_assets.py	packages/adapters/broker/alpaca_paper.py	12	static-import
tests/unit/test_alpaca_paper_account_assets.py	packages/adapters/broker/alpaca_paper_account_assets.py	18	static-import
tests/unit/test_alpaca_paper_account_runtime.py	packages/adapters/broker/__init__.py	12	static-import
tests/unit/test_alpaca_paper_account_runtime.py	packages/adapters/broker/alpaca_paper_account_runtime.py	13	static-import
tests/unit/test_alpaca_paper_account_runtime.py	packages/adapters/broker/alpaca_paper.py	14	static-import
tests/unit/test_alpaca_paper_account_runtime.py	packages/adapters/broker/alpaca_paper_account_assets.py	18	static-import
tests/unit/test_alpaca_paper_account_runtime.py	packages/adapters/broker/alpaca_paper_account_runtime.py	22	static-import
tests/unit/test_alpaca_paper_account_runtime.py	packages/adapters/broker/alpaca_paper_budget.py	50	static-import
tests/unit/test_alpaca_paper_account_runtime.py	tests/unit/test_alpaca_paper_account_asset_ingress.py	62	static-import
tests/unit/test_alpaca_paper_account_runtime.py	tests/unit/test_submission_attempt.py	66	static-import
tests/unit/test_alpaca_paper_asset_runtime.py	packages/adapters/broker/alpaca_paper_asset_runtime.py	10	static-import
tests/unit/test_alpaca_paper_asset_runtime.py	packages/adapters/broker/alpaca_paper.py	11	static-import
tests/unit/test_alpaca_paper_asset_runtime.py	packages/adapters/broker/alpaca_paper_account_assets.py	15	static-import
tests/unit/test_alpaca_paper_asset_runtime.py	packages/adapters/broker/alpaca_paper_account_runtime.py	20	static-import
tests/unit/test_alpaca_paper_asset_runtime.py	packages/adapters/broker/alpaca_paper_asset_runtime.py	30	static-import
tests/unit/test_alpaca_paper_asset_runtime.py	packages/adapters/broker/alpaca_paper_budget.py	51	static-import
tests/unit/test_alpaca_paper_asset_runtime.py	tests/unit/test_alpaca_paper_account_asset_ingress.py	56	static-import
tests/unit/test_alpaca_paper_asset_runtime.py	tests/unit/test_alpaca_paper_account_runtime.py	60	static-import
tests/unit/test_alpaca_paper_asset_runtime.py	tests/unit/test_alpaca_paper_account_runtime.py	66	static-import
tests/unit/test_alpaca_paper_asset_runtime.py	tests/unit/test_submission_attempt.py	69	static-import
tests/unit/test_alpaca_paper_budget.py	packages/adapters/broker/alpaca_paper.py	7	static-import
tests/unit/test_alpaca_paper_budget.py	packages/adapters/broker/alpaca_paper_budget.py	12	static-import
tests/unit/test_alpaca_paper_inbox.py	packages/adapters/broker/alpaca_paper_inbox.py	9	static-import
tests/unit/test_alpaca_paper_inbox.py	packages/adapters/broker/alpaca_paper_reconciliation.py	14	static-import
tests/unit/test_alpaca_paper_inbox.py	packages/domain/broker_inbox.py	17	static-import
tests/unit/test_alpaca_paper_inbox.py	packages/domain/broker_reconciliation.py	31	static-import
tests/unit/test_alpaca_paper_inbox.py	tests/unit/test_alpaca_paper_lookup_runtime.py	35	static-import
tests/unit/test_alpaca_paper_lookup_runtime.py	packages/adapters/broker/alpaca_paper_lookup_runtime.py	11	static-import
tests/unit/test_alpaca_paper_lookup_runtime.py	packages/adapters/broker/alpaca_paper.py	12	static-import
tests/unit/test_alpaca_paper_lookup_runtime.py	packages/adapters/broker/alpaca_paper_account_runtime.py	17	static-import
tests/unit/test_alpaca_paper_lookup_runtime.py	packages/adapters/broker/alpaca_paper_asset_runtime.py	26	static-import
tests/unit/test_alpaca_paper_lookup_runtime.py	packages/adapters/broker/alpaca_paper_budget.py	29	static-import
tests/unit/test_alpaca_paper_lookup_runtime.py	packages/adapters/broker/alpaca_paper_lookup_runtime.py	32	static-import
tests/unit/test_alpaca_paper_lookup_runtime.py	packages/adapters/broker/alpaca_paper_observations.py	50	static-import
tests/unit/test_alpaca_paper_lookup_runtime.py	packages/domain/submission_attempt.py	59	static-import
tests/unit/test_alpaca_paper_lookup_runtime.py	tests/unit/test_alpaca_paper_account_asset_ingress.py	65	static-import
tests/unit/test_alpaca_paper_lookup_runtime.py	tests/unit/test_alpaca_paper_account_runtime.py	68	static-import
tests/unit/test_alpaca_paper_lookup_runtime.py	tests/unit/test_alpaca_paper_account_runtime.py	75	static-import
tests/unit/test_alpaca_paper_lookup_runtime.py	tests/unit/test_submission_attempt.py	78	static-import
tests/unit/test_alpaca_paper_observations.py	packages/adapters/broker/alpaca_paper.py	14	static-import
tests/unit/test_alpaca_paper_observations.py	packages/adapters/broker/alpaca_paper_observations.py	20	static-import
tests/unit/test_alpaca_paper_observations.py	packages/domain/order_reducer.py	32	static-import
tests/unit/test_alpaca_paper_observations.py	packages/domain/submission_attempt.py	33	static-import
tests/unit/test_alpaca_paper_observations.py	packages/domain/walking_thread.py	34	static-import
tests/unit/test_alpaca_paper_order_snapshot_comparison.py	packages/adapters/broker/alpaca_paper_order_snapshot_comparison.py	12	static-import
tests/unit/test_alpaca_paper_order_snapshot_comparison.py	packages/adapters/broker/alpaca_paper_order_snapshots.py	23	static-import
tests/unit/test_alpaca_paper_order_snapshot_comparison.py	packages/domain/broker_ingress.py	30	static-import
tests/unit/test_alpaca_paper_order_snapshot_comparison_application.py	packages/application/alpaca_paper_order_snapshot_comparison.py	9	static-import
tests/unit/test_alpaca_paper_order_snapshot_comparison_application.py	packages/adapters/broker/alpaca_paper_order_snapshot_comparison.py	10	static-import
tests/unit/test_alpaca_paper_order_snapshot_comparison_application.py	packages/adapters/broker/alpaca_paper_order_snapshot_runtime.py	13	static-import
tests/unit/test_alpaca_paper_order_snapshot_comparison_application.py	packages/adapters/broker/alpaca_paper_order_snapshots.py	17	static-import
tests/unit/test_alpaca_paper_order_snapshot_comparison_application.py	packages/application/alpaca_paper_order_snapshot_comparison.py	21	static-import
tests/unit/test_alpaca_paper_order_snapshot_comparison_application.py	packages/domain/account_coordinator.py	33	static-import
tests/unit/test_alpaca_paper_order_snapshot_comparison_application.py	tests/unit/test_alpaca_paper_order_snapshot_runtime.py	34	static-import
tests/unit/test_alpaca_paper_order_snapshot_comparison_application.py	tests/unit/test_alpaca_paper_order_snapshots.py	47	static-import
tests/unit/test_alpaca_paper_order_snapshot_comparison_application.py	tests/unit/test_submission_attempt.py	48	static-import
tests/unit/test_alpaca_paper_order_snapshot_runtime.py	packages/adapters/broker/alpaca_paper_order_snapshot_runtime.py	10	static-import
tests/unit/test_alpaca_paper_order_snapshot_runtime.py	packages/adapters/broker/alpaca_paper.py	11	static-import
tests/unit/test_alpaca_paper_order_snapshot_runtime.py	packages/adapters/broker/alpaca_paper_account_runtime.py	12	static-import
tests/unit/test_alpaca_paper_order_snapshot_runtime.py	packages/adapters/broker/alpaca_paper_budget.py	21	static-import
tests/unit/test_alpaca_paper_order_snapshot_runtime.py	packages/adapters/broker/alpaca_paper_order_snapshot_runtime.py	24	static-import
tests/unit/test_alpaca_paper_order_snapshot_runtime.py	packages/adapters/broker/alpaca_paper_order_snapshots.py	41	static-import
tests/unit/test_alpaca_paper_order_snapshot_runtime.py	packages/domain/account_coordinator.py	46	static-import
tests/unit/test_alpaca_paper_order_snapshot_runtime.py	packages/domain/broker_ingress.py	51	static-import
tests/unit/test_alpaca_paper_order_snapshot_runtime.py	tests/unit/test_alpaca_paper_account_runtime.py	63	static-import
tests/unit/test_alpaca_paper_order_snapshot_runtime.py	tests/unit/test_alpaca_paper_account_runtime.py	69	static-import
tests/unit/test_alpaca_paper_order_snapshot_runtime.py	tests/unit/test_alpaca_paper_order_snapshots.py	72	static-import
tests/unit/test_alpaca_paper_order_snapshot_runtime.py	tests/unit/test_submission_attempt.py	73	static-import
tests/unit/test_alpaca_paper_order_snapshots.py	packages/adapters/broker/alpaca_paper_order_snapshots.py	12	static-import
tests/unit/test_alpaca_paper_order_snapshots.py	packages/domain/broker_ingress.py	29	static-import
tests/unit/test_alpaca_paper_order_view_runtime.py	tests/unit/test_alpaca_paper_order_snapshot_comparison_application.py	7	static-import
tests/unit/test_alpaca_paper_order_view_runtime.py	tests/unit/test_alpaca_paper_order_snapshot_runtime.py	8	static-import
tests/unit/test_alpaca_paper_order_view_runtime.py	tests/unit/test_alpaca_paper_order_view_supervisor.py	9	static-import
tests/unit/test_alpaca_paper_order_view_runtime.py	packages/adapters/broker/alpaca_paper_order_snapshot_runtime.py	10	static-import
tests/unit/test_alpaca_paper_order_view_runtime.py	packages/adapters/broker/alpaca_paper_order_snapshots.py	18	static-import
tests/unit/test_alpaca_paper_order_view_runtime.py	packages/application/alpaca_paper_order_view_runtime.py	22	static-import
tests/unit/test_alpaca_paper_order_view_runtime.py	packages/application/alpaca_paper_order_view_supervisor.py	30	static-import
tests/unit/test_alpaca_paper_order_view_runtime.py	packages/application/alpaca_paper_order_view_transition.py	37	static-import
tests/unit/test_alpaca_paper_order_view_runtime.py	packages/domain/account_coordinator.py	46	static-import
tests/unit/test_alpaca_paper_order_view_runtime.py	tests/unit/test_alpaca_paper_order_snapshot_runtime.py	51	static-import
tests/unit/test_alpaca_paper_order_view_runtime.py	tests/unit/test_alpaca_paper_order_snapshots.py	52	static-import
tests/unit/test_alpaca_paper_order_view_runtime.py	tests/unit/test_alpaca_paper_order_view_supervisor.py	53	static-import
tests/unit/test_alpaca_paper_order_view_supervisor.py	tests/unit/test_alpaca_paper_order_snapshot_runtime.py	8	static-import
tests/unit/test_alpaca_paper_order_view_supervisor.py	packages/adapters/broker/alpaca_paper_order_snapshot_comparison.py	9	static-import
tests/unit/test_alpaca_paper_order_view_supervisor.py	packages/adapters/broker/alpaca_paper_order_snapshot_runtime.py	13	static-import
tests/unit/test_alpaca_paper_order_view_supervisor.py	packages/adapters/broker/alpaca_paper_order_snapshots.py	20	static-import
tests/unit/test_alpaca_paper_order_view_supervisor.py	packages/application/alpaca_paper_order_snapshot_comparison.py	25	static-import
tests/unit/test_alpaca_paper_order_view_supervisor.py	packages/application/alpaca_paper_order_view_supervisor.py	30	static-import
tests/unit/test_alpaca_paper_order_view_supervisor.py	packages/domain/account_coordinator.py	45	static-import
tests/unit/test_alpaca_paper_order_view_supervisor.py	tests/unit/test_alpaca_paper_order_snapshot_comparison_application.py	46	static-import
tests/unit/test_alpaca_paper_order_view_supervisor.py	tests/unit/test_alpaca_paper_order_snapshot_runtime.py	50	static-import
tests/unit/test_alpaca_paper_order_view_supervisor.py	tests/unit/test_alpaca_paper_order_snapshots.py	51	static-import
tests/unit/test_alpaca_paper_order_view_supervisor.py	tests/unit/test_submission_attempt.py	52	static-import
tests/unit/test_alpaca_paper_order_view_transition.py	packages/adapters/broker/alpaca_paper_order_snapshot_runtime.py	7	static-import
tests/unit/test_alpaca_paper_order_view_transition.py	packages/adapters/broker/alpaca_paper_order_snapshots.py	11	static-import
tests/unit/test_alpaca_paper_order_view_transition.py	packages/application/alpaca_paper_order_view_transition.py	14	static-import
tests/unit/test_alpaca_paper_order_view_transition.py	packages/domain/account_coordinator.py	26	static-import
tests/unit/test_alpaca_paper_order_view_transition.py	tests/unit/test_alpaca_paper_order_snapshot_comparison_application.py	27	static-import
tests/unit/test_alpaca_paper_order_view_transition.py	tests/unit/test_alpaca_paper_order_snapshot_runtime.py	30	static-import
tests/unit/test_alpaca_paper_order_view_transition.py	tests/unit/test_alpaca_paper_order_snapshots.py	31	static-import
tests/unit/test_alpaca_paper_order_view_transition.py	tests/unit/test_submission_attempt.py	32	static-import
tests/unit/test_alpaca_paper_position_snapshot_comparison.py	packages/adapters/broker/alpaca_paper_position_snapshot_comparison.py	11	static-import
tests/unit/test_alpaca_paper_position_snapshot_comparison.py	packages/adapters/broker/alpaca_paper_positions.py	22	static-import
tests/unit/test_alpaca_paper_position_snapshot_comparison.py	packages/domain/broker_ingress.py	28	static-import
tests/unit/test_alpaca_paper_position_snapshot_comparison_application.py	packages/adapters/broker/alpaca_paper_account_runtime.py	10	static-import
tests/unit/test_alpaca_paper_position_snapshot_comparison_application.py	packages/adapters/broker/alpaca_paper_position_snapshot_comparison.py	13	static-import
tests/unit/test_alpaca_paper_position_snapshot_comparison_application.py	packages/adapters/broker/alpaca_paper_position_snapshot_runtime.py	16	static-import
tests/unit/test_alpaca_paper_position_snapshot_comparison_application.py	packages/adapters/broker/alpaca_paper_positions.py	21	static-import
tests/unit/test_alpaca_paper_position_snapshot_comparison_application.py	packages/application/alpaca_paper_position_snapshot_comparison.py	24	static-import
tests/unit/test_alpaca_paper_position_snapshot_comparison_application.py	packages/domain/account_coordinator.py	39	static-import
tests/unit/test_alpaca_paper_position_snapshot_comparison_application.py	tests/unit/test_alpaca_paper_account_asset_ingress.py	40	static-import
tests/unit/test_alpaca_paper_position_snapshot_comparison_application.py	tests/unit/test_alpaca_paper_account_runtime.py	41	static-import
tests/unit/test_alpaca_paper_position_snapshot_comparison_application.py	tests/unit/test_alpaca_paper_account_runtime.py	44	static-import
tests/unit/test_alpaca_paper_position_snapshot_comparison_application.py	tests/unit/test_alpaca_paper_position_snapshot_runtime.py	47	static-import
tests/unit/test_alpaca_paper_position_snapshot_comparison_application.py	tests/unit/test_submission_attempt.py	57	static-import
tests/unit/test_alpaca_paper_position_snapshot_runtime.py	packages/adapters/broker/alpaca_paper_position_snapshot_runtime.py	11	static-import
tests/unit/test_alpaca_paper_position_snapshot_runtime.py	packages/adapters/broker/alpaca_paper.py	12	static-import
tests/unit/test_alpaca_paper_position_snapshot_runtime.py	packages/adapters/broker/alpaca_paper_account_runtime.py	13	static-import
tests/unit/test_alpaca_paper_position_snapshot_runtime.py	packages/adapters/broker/alpaca_paper_budget.py	22	static-import
tests/unit/test_alpaca_paper_position_snapshot_runtime.py	packages/adapters/broker/alpaca_paper_position_snapshot_runtime.py	25	static-import
tests/unit/test_alpaca_paper_position_snapshot_runtime.py	packages/adapters/broker/alpaca_paper_positions.py	42	static-import
tests/unit/test_alpaca_paper_position_snapshot_runtime.py	packages/domain/account_coordinator.py	46	static-import
tests/unit/test_alpaca_paper_position_snapshot_runtime.py	packages/domain/broker_ingress.py	51	static-import
tests/unit/test_alpaca_paper_position_snapshot_runtime.py	tests/unit/test_alpaca_paper_account_runtime.py	63	static-import
tests/unit/test_alpaca_paper_position_snapshot_runtime.py	tests/unit/test_alpaca_paper_account_runtime.py	69	static-import
tests/unit/test_alpaca_paper_position_snapshot_runtime.py	tests/unit/test_submission_attempt.py	72	static-import
tests/unit/test_alpaca_paper_position_view_runtime.py	packages/adapters/broker/alpaca_paper_position_snapshot_runtime.py	9	static-import
tests/unit/test_alpaca_paper_position_view_runtime.py	packages/application/alpaca_paper_position_view_runtime.py	20	static-import
tests/unit/test_alpaca_paper_position_view_runtime.py	packages/application/alpaca_paper_position_view_supervisor.py	28	static-import
tests/unit/test_alpaca_paper_position_view_runtime.py	packages/application/alpaca_paper_position_view_transition.py	36	static-import
tests/unit/test_alpaca_paper_position_view_runtime.py	packages/domain/account_coordinator.py	45	static-import
tests/unit/test_alpaca_paper_position_view_runtime.py	tests/unit/test_alpaca_paper_position_snapshot_runtime.py	50	static-import
tests/unit/test_alpaca_paper_position_view_runtime.py	tests/unit/test_alpaca_paper_position_view_supervisor.py	51	static-import
tests/unit/test_alpaca_paper_position_view_runtime.py	tests/unit/test_submission_attempt.py	58	static-import
tests/unit/test_alpaca_paper_position_view_supervisor.py	tests/unit/test_alpaca_paper_position_snapshot_runtime.py	8	static-import
tests/unit/test_alpaca_paper_position_view_supervisor.py	packages/adapters/broker/alpaca_paper_position_snapshot_comparison.py	9	static-import
tests/unit/test_alpaca_paper_position_view_supervisor.py	packages/adapters/broker/alpaca_paper_position_snapshot_runtime.py	12	static-import
tests/unit/test_alpaca_paper_position_view_supervisor.py	packages/adapters/broker/alpaca_paper_positions.py	18	static-import
tests/unit/test_alpaca_paper_position_view_supervisor.py	packages/application/alpaca_paper_position_snapshot_comparison.py	21	static-import
tests/unit/test_alpaca_paper_position_view_supervisor.py	packages/application/alpaca_paper_position_view_supervisor.py	26	static-import
tests/unit/test_alpaca_paper_position_view_supervisor.py	packages/domain/account_coordinator.py	41	static-import
tests/unit/test_alpaca_paper_position_view_supervisor.py	tests/unit/test_alpaca_paper_position_snapshot_runtime.py	42	static-import
tests/unit/test_alpaca_paper_position_view_supervisor.py	tests/unit/test_submission_attempt.py	51	static-import
tests/unit/test_alpaca_paper_position_view_transition.py	tests/unit/test_alpaca_paper_position_snapshot_runtime.py	7	static-import
tests/unit/test_alpaca_paper_position_view_transition.py	packages/adapters/broker/alpaca_paper_position_snapshot_runtime.py	8	static-import
tests/unit/test_alpaca_paper_position_view_transition.py	packages/adapters/broker/alpaca_paper_positions.py	13	static-import
tests/unit/test_alpaca_paper_position_view_transition.py	packages/application/alpaca_paper_position_view_transition.py	16	static-import
tests/unit/test_alpaca_paper_position_view_transition.py	tests/unit/test_alpaca_paper_position_snapshot_runtime.py	28	static-import
tests/unit/test_alpaca_paper_position_view_transition.py	tests/unit/test_submission_attempt.py	29	static-import
tests/unit/test_alpaca_paper_positions.py	packages/adapters/broker/alpaca_paper.py	13	static-import
tests/unit/test_alpaca_paper_positions.py	packages/adapters/broker/alpaca_paper_account_assets.py	17	static-import
tests/unit/test_alpaca_paper_positions.py	packages/adapters/broker/alpaca_paper_positions.py	21	static-import
tests/unit/test_alpaca_paper_positions.py	packages/domain/broker_ingress.py	36	static-import
tests/unit/test_alpaca_paper_preflight.py	packages/adapters/broker/alpaca_paper.py	9	static-import
tests/unit/test_alpaca_paper_preflight.py	packages/adapters/broker/alpaca_paper_account_assets.py	14	static-import
tests/unit/test_alpaca_paper_preflight.py	packages/adapters/broker/alpaca_paper_budget.py	18	static-import
tests/unit/test_alpaca_paper_preflight.py	packages/adapters/broker/alpaca_paper_ingress.py	23	static-import
tests/unit/test_alpaca_paper_preflight.py	packages/adapters/broker/alpaca_paper_preflight.py	29	static-import
tests/unit/test_alpaca_paper_preflight.py	packages/domain/account_coordinator.py	39	static-import
tests/unit/test_alpaca_paper_preflight.py	packages/domain/batch_risk.py	40	static-import
tests/unit/test_alpaca_paper_preflight.py	packages/domain/models.py	52	static-import
tests/unit/test_alpaca_paper_preflight.py	packages/domain/submission_attempt.py	53	static-import
tests/unit/test_alpaca_paper_preflight.py	tests/unit/test_alpaca_paper_account_asset_ingress.py	60	static-import
tests/unit/test_alpaca_paper_preflight.py	tests/unit/test_submission_attempt.py	65	static-import
tests/unit/test_alpaca_paper_reconciliation_normalization.py	packages/adapters/broker/alpaca_paper_ingress.py	8	static-import
tests/unit/test_alpaca_paper_reconciliation_normalization.py	packages/adapters/broker/alpaca_paper_lookup_runtime.py	11	static-import
tests/unit/test_alpaca_paper_reconciliation_normalization.py	packages/adapters/broker/alpaca_paper_reconciliation.py	15	static-import
tests/unit/test_alpaca_paper_reconciliation_normalization.py	packages/domain/broker_reconciliation.py	20	static-import
tests/unit/test_alpaca_paper_reconciliation_normalization.py	tests/unit/test_alpaca_paper_lookup_runtime.py	23	static-import
tests/unit/test_alpaca_paper_unknown_recovery.py	packages/adapters/broker/alpaca_paper_lookup_runtime.py	9	static-import
tests/unit/test_alpaca_paper_unknown_recovery.py	packages/application/alpaca_paper_unknown_recovery.py	14	static-import
tests/unit/test_alpaca_paper_unknown_recovery.py	packages/domain/account_coordinator.py	23	static-import
tests/unit/test_alpaca_paper_unknown_recovery.py	packages/domain/unknown_submission_recovery.py	24	static-import
tests/unit/test_alpaca_paper_unknown_recovery.py	tests/unit/test_alpaca_paper_account_runtime.py	32	static-import
tests/unit/test_alpaca_paper_unknown_recovery.py	tests/unit/test_alpaca_paper_lookup_runtime.py	36	static-import
tests/unit/test_alpaca_paper_unknown_recovery.py	tests/unit/test_submission_attempt.py	41	static-import
tests/unit/test_alpaca_paper_unknown_recovery.py	tests/unit/test_unknown_submission_recovery.py	42	static-import
tests/unit/test_alpaca_paper_unknown_recovery.py	tests/unit/test_unknown_submission_recovery.py	45	static-import
tests/unit/test_alpaca_paper_unknown_recovery_pipeline.py	packages/adapters/broker/alpaca_paper_inbox.py	8	static-import
tests/unit/test_alpaca_paper_unknown_recovery_pipeline.py	packages/adapters/broker/alpaca_paper_lookup_runtime.py	11	static-import
tests/unit/test_alpaca_paper_unknown_recovery_pipeline.py	packages/adapters/broker/alpaca_paper_reconciliation.py	14	static-import
tests/unit/test_alpaca_paper_unknown_recovery_pipeline.py	packages/application/alpaca_paper_unknown_recovery.py	17	static-import
tests/unit/test_alpaca_paper_unknown_recovery_pipeline.py	packages/application/alpaca_paper_unknown_recovery_pipeline.py	22	static-import
tests/unit/test_alpaca_paper_unknown_recovery_pipeline.py	packages/domain/account_coordinator.py	29	static-import
tests/unit/test_alpaca_paper_unknown_recovery_pipeline.py	packages/domain/broker_inbox.py	30	static-import
tests/unit/test_alpaca_paper_unknown_recovery_pipeline.py	packages/domain/broker_ingress.py	35	static-import
tests/unit/test_alpaca_paper_unknown_recovery_pipeline.py	packages/domain/broker_reconciliation.py	36	static-import
tests/unit/test_alpaca_paper_unknown_recovery_pipeline.py	packages/domain/submission_attempt.py	41	static-import
tests/unit/test_alpaca_paper_unknown_recovery_pipeline.py	packages/domain/unknown_submission_recovery.py	42	static-import
tests/unit/test_alpaca_paper_unknown_recovery_pipeline.py	tests/unit/test_alpaca_paper_unknown_recovery.py	46	static-import
tests/unit/test_api_contract_generator.py	scripts/generate_api_contracts.py	1	static-import
tests/unit/test_batch_risk.py	packages/domain/account_projection.py	12	static-import
tests/unit/test_batch_risk.py	packages/domain/batch_risk.py	17	static-import
tests/unit/test_batch_risk.py	packages/domain/clock.py	34	static-import
tests/unit/test_batch_risk.py	packages/domain/decision.py	40	static-import
tests/unit/test_batch_risk.py	packages/domain/ledger_reducer.py	41	static-import
tests/unit/test_batch_risk.py	packages/domain/models.py	42	static-import
tests/unit/test_batch_risk.py	packages/domain/order_reducer.py	51	static-import
tests/unit/test_batch_risk.py	packages/domain/portfolio.py	58	static-import
tests/unit/test_batch_risk.py	packages/domain/risk.py	59	static-import
tests/unit/test_batch_risk.py	packages/domain/settlement_ledger.py	60	static-import
tests/unit/test_batch_risk.py	packages/domain/walking_thread.py	66	static-import
tests/unit/test_batch_risk.py	packages/risk/batch_repository.py	67	static-import
tests/unit/test_bind_alpaca_paper_account.py	packages/adapters/broker/alpaca_paper_account_runtime.py	11	static-import
tests/unit/test_bind_alpaca_paper_account.py	packages/domain/clock.py	16	static-import
tests/unit/test_bind_alpaca_paper_account.py	packages/persistence/account_coordinator.py	17	static-import
tests/unit/test_bind_alpaca_paper_account.py	packages/persistence/schema.py	21	static-import
tests/unit/test_bind_alpaca_paper_account.py	scripts/bind_alpaca_paper_account.py	33	static-import
tests/unit/test_bind_alpaca_paper_account.py	tests/unit/test_alpaca_paper_account_runtime.py	34	static-import
tests/unit/test_bind_alpaca_paper_account.py	tests/unit/test_alpaca_paper_account_runtime.py	37	static-import
tests/unit/test_bind_alpaca_paper_account.py	tests/unit/test_alpaca_paper_account_runtime.py	40	static-import
tests/unit/test_bind_alpaca_paper_account.py	tests/unit/test_alpaca_paper_account_runtime.py	43	static-import
tests/unit/test_broker_ingress.py	packages/domain/broker_ingress.py	8	static-import
tests/unit/test_canonical.py	packages/domain/models.py	27	static-import
tests/unit/test_canonical.py	packages/domain/risk.py	28	static-import
tests/unit/test_canonical.py	packages/domain/walking_thread.py	29	static-import
tests/unit/test_chrony_nts.py	packages/adapters/trusted_time/chrony_nts.py	14	static-import
tests/unit/test_chrony_nts.py	packages/application/trusted_time_monitor.py	23	static-import
tests/unit/test_config.py	apps/api/backtest_views.py	3	static-import
tests/unit/test_config.py	apps/api/config.py	4	static-import
tests/unit/test_corporate_action_ledger.py	packages/domain/account_projection.py	11	static-import
tests/unit/test_corporate_action_ledger.py	packages/domain/corporate_action_ledger.py	16	static-import
tests/unit/test_corporate_action_ledger.py	packages/domain/ledger_reducer.py	24	static-import
tests/unit/test_corporate_action_ledger.py	packages/domain/models.py	30	static-import
tests/unit/test_corporate_action_ledger.py	packages/domain/order_reducer.py	31	static-import
tests/unit/test_corporate_action_ledger.py	packages/domain/walking_thread.py	37	static-import
tests/unit/test_critical_alert_atomic_worker.py	packages/application/critical_alert_atomic_worker.py	9	static-import
tests/unit/test_critical_alert_atomic_worker.py	packages/application/critical_alert_supervisor_failure_control.py	25	static-import
tests/unit/test_critical_alert_atomic_worker.py	packages/domain/operational_control.py	46	static-import
tests/unit/test_critical_alert_scheduler.py	packages/application/critical_alert_scheduler.py	12	static-import
tests/unit/test_critical_alert_scheduler.py	packages/domain/operational_control.py	40	static-import
tests/unit/test_critical_alert_supervisor_failure_control.py	packages/application/critical_alert_supervisor_failure_control.py	17	static-import
tests/unit/test_critical_alert_supervisor_failure_control.py	packages/domain/operational_control.py	33	static-import
tests/unit/test_diagnose_trusted_time_runtime.py	scripts/diagnose_trusted_time_runtime.py	14	static-import
tests/unit/test_diagnose_trusted_time_runtime.py	packages/adapters/trusted_time/supabase_storage_anchor.py	15	static-import
tests/unit/test_diagnose_trusted_time_runtime.py	packages/application/trusted_time_head_anchor.py	31	static-import
tests/unit/test_diagnose_trusted_time_runtime.py	scripts/start_trusted_time_supervisor.py	36	static-import
tests/unit/test_durable_supervised_strategy.py	packages/application/durable_supervised_strategy.py	9	static-import
tests/unit/test_durable_supervised_strategy.py	packages/domain/account_coordinator.py	14	static-import
tests/unit/test_durable_supervised_strategy.py	packages/domain/market_batch.py	18	static-import
tests/unit/test_durable_supervised_strategy.py	packages/domain/strategy_invocation_lifecycle.py	19	static-import
tests/unit/test_durable_supervised_strategy.py	packages/domain/strategy_supervision.py	32	static-import
tests/unit/test_durable_supervised_strategy.py	tests/unit/test_strategy_supervision.py	37	static-import
tests/unit/test_durable_trusted_time_monitor.py	packages/application/durable_trusted_time_monitor.py	9	static-import
tests/unit/test_durable_trusted_time_monitor.py	packages/application/trusted_time_monitor.py	18	static-import
tests/unit/test_durable_trusted_time_monitor.py	packages/domain/trusted_time.py	24	static-import
tests/unit/test_ed25519_graceful_stop_operator_attestation.py	packages/adapters/trusted_time/ed25519_graceful_stop_operator_attestation.py	14	static-import
tests/unit/test_ed25519_graceful_stop_operator_attestation.py	packages/adapters/trusted_time/ed25519_graceful_stop_operator_attestation.py	15	static-import
tests/unit/test_ed25519_graceful_stop_operator_attestation.py	packages/domain/__init__.py	24	static-import
tests/unit/test_ed25519_graceful_stop_operator_attestation.py	packages/domain/trusted_time_post_enrollment_graceful_stop_operator_authority.py	24	static-import
tests/unit/test_ed25519_graceful_stop_operator_attestation.py	packages/domain/trusted_time_enrollment_evidence.py	27	static-import
tests/unit/test_ed25519_graceful_stop_operator_attestation.py	packages/domain/trusted_time_post_enrollment_graceful_stop_operator_attestation.py	30	static-import
tests/unit/test_ed25519_graceful_stop_operator_attestation.py	packages/domain/trusted_time_post_enrollment_graceful_stop_operator_authority.py	38	static-import
tests/unit/test_ed25519_graceful_stop_operator_attestation.py	packages/domain/trusted_time_post_enrollment_operator_attestation.py	42	static-import
tests/unit/test_ed25519_graceful_stop_operator_attestation.py	packages/domain/trusted_time_post_enrollment_operator_authority.py	46	static-import
tests/unit/test_ed25519_graceful_stop_operator_attestation.py	scripts/trusted_time_post_enrollment_graceful_stop.py	49	static-import
tests/unit/test_ed25519_operator_attestation.py	packages/adapters/trusted_time/ed25519_operator_attestation.py	14	static-import
tests/unit/test_ed25519_operator_attestation.py	packages/domain/trusted_time_post_enrollment_operator_authority.py	15	static-import
tests/unit/test_ed25519_operator_attestation.py	packages/adapters/trusted_time/ed25519_operator_attestation.py	16	static-import
tests/unit/test_ed25519_operator_attestation.py	packages/domain/trusted_time_enrollment_evidence.py	25	static-import
tests/unit/test_ed25519_operator_attestation.py	packages/domain/trusted_time_post_enrollment_operator_attestation.py	28	static-import
tests/unit/test_ed25519_operator_attestation.py	packages/domain/trusted_time_post_enrollment_operator_authority.py	36	static-import
tests/unit/test_ed25519_trusted_time_anchor.py	packages/adapters/trusted_time/ed25519_anchor.py	7	static-import
tests/unit/test_enroll_trusted_time_head_anchor.py	scripts/enroll_trusted_time_head_anchor.py	15	static-import
tests/unit/test_enroll_trusted_time_head_anchor.py	scripts/start_trusted_time_supervisor.py	16	static-import
tests/unit/test_enroll_trusted_time_head_anchor.py	apps/trusted_time_supervisor/config.py	17	static-import
tests/unit/test_enroll_trusted_time_head_anchor.py	apps/trusted_time_supervisor/first_enrollment.py	20	static-import
tests/unit/test_enroll_trusted_time_head_anchor.py	packages/domain/trusted_time_enrollment_evidence.py	23	static-import
tests/unit/test_enroll_trusted_time_head_anchor.py	scripts/start_trusted_time_supervisor.py	26	static-import
tests/unit/test_enroll_trusted_time_head_anchor.py	scripts/verify_trusted_time_images.py	35	static-import
tests/unit/test_etrade.py	packages/adapters/broker/__init__.py	10	static-import
tests/unit/test_etrade.py	packages/adapters/broker/alpaca_paper_account_assets.py	12	static-import
tests/unit/test_etrade_accounts.py	packages/adapters/broker/__init__.py	10	static-import
tests/unit/test_etrade_oauth.py	packages/adapters/broker/__init__.py	12	static-import
tests/unit/test_etrade_oauth.py	packages/adapters/broker/etrade_oauth.py	13	static-import
tests/unit/test_etrade_oauth.py	packages/adapters/broker/etrade_oauth.py	28	static-import
tests/unit/test_etrade_oauth_token_runtime.py	packages/application/etrade_oauth_token_runtime.py	15	static-import
tests/unit/test_etrade_oauth_token_runtime.py	packages/adapters/broker/etrade_oauth.py	22	static-import
tests/unit/test_etrade_oauth_token_runtime.py	packages/application/etrade_oauth_token_runtime.py	42	static-import
tests/unit/test_etrade_oauth_token_runtime.py	packages/persistence/database.py	64	static-import
tests/unit/test_etrade_oauth_token_runtime.py	packages/persistence/etrade_oauth_coordinator.py	65	static-import
tests/unit/test_etrade_oauth_token_runtime.py	packages/persistence/schema.py	75	static-import
tests/unit/test_experiment_governance.py	packages/domain/experiment_governance.py	13	static-import
tests/unit/test_experiment_governance.py	packages/domain/experiment_governance.py	29	static-import
tests/unit/test_experiment_governance.py	packages/domain/feature.py	41	static-import
tests/unit/test_experiment_governance.py	packages/domain/feature_target.py	42	static-import
tests/unit/test_experiment_governance.py	packages/domain/feature_target_replay.py	46	static-import
tests/unit/test_experiment_governance.py	tests/unit/test_feature_target_replay.py	49	static-import
tests/unit/test_feature_replay.py	packages/domain/feature.py	10	static-import
tests/unit/test_feature_replay.py	packages/domain/feature_replay.py	24	static-import
tests/unit/test_feature_replay.py	packages/domain/market_batch.py	31	static-import
tests/unit/test_feature_replay.py	packages/domain/models.py	32	static-import
tests/unit/test_feature_replay.py	packages/domain/replay.py	33	static-import
tests/unit/test_feature_replay.py	packages/domain/replay_manifest.py	34	static-import
tests/unit/test_feature_target_replay.py	packages/domain/feature.py	11	static-import
tests/unit/test_feature_target_replay.py	packages/domain/feature_replay.py	15	static-import
tests/unit/test_feature_target_replay.py	packages/domain/feature_target.py	19	static-import
tests/unit/test_feature_target_replay.py	packages/domain/feature_target_replay.py	32	static-import
tests/unit/test_feature_target_replay.py	packages/domain/market_batch.py	38	static-import
tests/unit/test_feature_target_replay.py	packages/domain/models.py	39	static-import
tests/unit/test_feature_target_replay.py	packages/domain/portfolio.py	40	static-import
tests/unit/test_feature_target_replay.py	packages/domain/replay.py	41	static-import
tests/unit/test_feature_target_replay.py	packages/domain/replay_manifest.py	42	static-import
tests/unit/test_fixture_segment_economics.py	packages/application/fixture_segment_economics.py	21	static-import
tests/unit/test_fixture_segment_economics.py	packages/application/fixture_segment_economics.py	22	static-import
tests/unit/test_fixture_segment_economics.py	packages/domain/experiment_governance.py	31	static-import
tests/unit/test_fixture_segment_economics.py	packages/domain/feature_target.py	33	static-import
tests/unit/test_fixture_segment_economics.py	packages/domain/fixture_segment_economics.py	34	static-import
tests/unit/test_fixture_segment_economics.py	packages/domain/fixture_segment_worker.py	45	static-import
tests/unit/test_fixture_segment_economics.py	scripts/check_architecture.py	52	static-import
tests/unit/test_fixture_segment_economics.py	tests/unit/test_experiment_governance.py	56	static-import
tests/unit/test_fixture_segment_economics.py	tests/unit/test_fixture_segment_worker.py	61	static-import
tests/unit/test_fixture_segment_worker.py	packages/domain/experiment_governance.py	7	static-import
tests/unit/test_fixture_segment_worker.py	packages/domain/feature.py	14	static-import
tests/unit/test_fixture_segment_worker.py	packages/domain/fixture_segment_worker.py	15	static-import
tests/unit/test_fixture_segment_worker.py	tests/unit/test_experiment_governance.py	32	static-import
tests/unit/test_generate_trusted_time_anchor_artifacts.py	apps/trusted_time_supervisor/head_anchor_config.py	14	static-import
tests/unit/test_generate_trusted_time_anchor_artifacts.py	packages/application/trusted_time_head_anchor.py	22	static-import
tests/unit/test_generate_trusted_time_anchor_artifacts.py	scripts/generate_trusted_time_anchor_artifacts.py	25	static-import
tests/unit/test_golden_runner.py	packages/backtest/golden_runner.py	9	static-import
tests/unit/test_golden_runner.py	packages/domain/batch_risk.py	11	static-import
tests/unit/test_golden_runner.py	packages/domain/ledger_reducer.py	12	static-import
tests/unit/test_golden_runner.py	packages/domain/models.py	13	static-import
tests/unit/test_golden_runner.py	packages/domain/settlement_ledger.py	14	static-import
tests/unit/test_inspect_trusted_time_qualification.py	apps/trusted_time_supervisor/config.py	21	static-import
tests/unit/test_inspect_trusted_time_qualification.py	scripts/inspect_trusted_time_qualification.py	25	static-import
tests/unit/test_inspect_trusted_time_qualification.py	scripts/inspect_trusted_time_qualification.py	26	static-import
tests/unit/test_inspect_trusted_time_qualification.py	scripts/verify_trusted_time_images.py	34	static-import
tests/unit/test_ledger_reducer.py	packages/domain/ledger_reducer.py	10	static-import
tests/unit/test_ledger_reducer.py	packages/domain/models.py	20	static-import
tests/unit/test_ledger_reducer.py	packages/domain/order_reducer.py	21	static-import
tests/unit/test_ledger_reducer.py	packages/domain/walking_thread.py	28	static-import
tests/unit/test_local_paper_smoke_preflight.py	packages/adapters/broker/alpaca_paper_account_runtime.py	10	static-import
tests/unit/test_local_paper_smoke_preflight.py	packages/application/paper_account_enrollment.py	14	static-import
tests/unit/test_local_paper_smoke_preflight.py	packages/application/paper_deployment.py	18	static-import
tests/unit/test_local_paper_smoke_preflight.py	packages/persistence/database.py	19	static-import
tests/unit/test_local_paper_smoke_preflight.py	packages/persistence/schema.py	21	static-import
tests/unit/test_local_paper_smoke_preflight.py	scripts/verify_local_paper_smoke_preflight.py	22	static-import
tests/unit/test_local_paper_smoke_preflight.py	scripts/verify_local_paper_smoke_preflight.py	23	static-import
tests/unit/test_migrate_phase6_trusted_time_head_anchors.py	scripts/migrate_phase6_trusted_time_head_anchors.py	16	static-import
tests/unit/test_migrate_phase6_trusted_time_head_anchors.py	scripts/migrate_phase6_trusted_time_head_anchors.py	18	static-import
tests/unit/test_migrate_phase6_trusted_time_head_anchors.py	scripts/migrate_phase6_trusted_time_head_anchors.py	30	static-import
tests/unit/test_migrate_phase6_trusted_time_uncertainty.py	scripts/migrate_phase6_trusted_time_uncertainty.py	16	static-import
tests/unit/test_migrate_phase6_trusted_time_uncertainty.py	scripts/migrate_phase6_trusted_time_uncertainty.py	18	static-import
tests/unit/test_migrate_phase6_trusted_time_uncertainty.py	scripts/migrate_phase6_trusted_time_uncertainty.py	30	static-import
tests/unit/test_native_admission_launcher.py	build_support/build_native_admission_launcher.py	18	static-import
tests/unit/test_native_admission_launcher.py	build_support/install_native_admission_launcher.py	19	static-import
tests/unit/test_native_bounded_process.py	packages/adapters/trusted_time/__init__.py	18	static-import
tests/unit/test_native_bounded_process.py	packages/adapters/trusted_time/_bounded_process.py	18	static-import
tests/unit/test_native_owned_file_descriptor.py	build_support/build_native_test_launcher.py	34	static-import
tests/unit/test_native_owned_file_descriptor.py	packages/adapters/trusted_time/__init__.py	35	static-import
tests/unit/test_native_owned_file_descriptor.py	packages/adapters/trusted_time/_owned_file_descriptor.py	35	static-import
tests/unit/test_native_owned_file_descriptor.py	packages/adapters/trusted_time/_owned_file_descriptor.py	36	static-import
tests/unit/test_no_exposure_smoke_strategy.py	packages/application/no_exposure_smoke_strategy.py	15	static-import
tests/unit/test_no_exposure_smoke_strategy.py	packages/application/supervised_strategy.py	24	static-import
tests/unit/test_no_exposure_smoke_strategy.py	packages/domain/account_coordinator.py	28	static-import
tests/unit/test_no_exposure_smoke_strategy.py	packages/domain/market_batch.py	29	static-import
tests/unit/test_no_exposure_smoke_strategy.py	packages/domain/models.py	30	static-import
tests/unit/test_no_exposure_smoke_strategy.py	packages/domain/replay.py	31	static-import
tests/unit/test_no_exposure_smoke_strategy.py	packages/domain/strategy_invocation_lifecycle.py	32	static-import
tests/unit/test_no_exposure_smoke_strategy.py	packages/domain/strategy_supervision.py	38	static-import
tests/unit/test_no_exposure_smoke_strategy.py	packages/persistence/strategy_invocation_lifecycle.py	47	static-import
tests/unit/test_operational_control.py	packages/domain/operational_control.py	9	static-import
tests/unit/test_operational_control.py	packages/domain/batch_risk.py	10	static-import
tests/unit/test_operational_control.py	packages/domain/operational_control.py	11	static-import
tests/unit/test_operational_drill.py	packages/domain/operational_control.py	8	static-import
tests/unit/test_operational_drill.py	packages/domain/operational_drill.py	9	static-import
tests/unit/test_operational_rearm.py	packages/application/operational_rearm.py	9	static-import
tests/unit/test_operational_rearm.py	packages/domain/account_coordinator.py	15	static-import
tests/unit/test_operational_rearm.py	packages/domain/operational_control.py	21	static-import
tests/unit/test_operations_dashboard_views.py	apps/api/backtest_views.py	9	static-import
tests/unit/test_operations_dashboard_views.py	apps/api/operations_dashboard_views.py	10	static-import
tests/unit/test_operations_dashboard_views.py	packages/domain/clock.py	18	static-import
tests/unit/test_operations_dashboard_views.py	packages/domain/walking_thread.py	19	static-import
tests/unit/test_order_reducer.py	packages/domain/order_reducer.py	10	static-import
tests/unit/test_order_reducer.py	packages/domain/walking_thread.py	21	static-import
tests/unit/test_paper_account_enrollment.py	packages/adapters/broker/alpaca_paper_account_runtime.py	9	static-import
tests/unit/test_paper_account_enrollment.py	packages/application/paper_account_enrollment.py	13	static-import
tests/unit/test_paper_deployment.py	packages/application/no_exposure_smoke_strategy.py	8	static-import
tests/unit/test_paper_deployment.py	packages/application/paper_deployment.py	13	static-import
tests/unit/test_parquet_store.py	packages/datasets/__init__.py	6	static-import
tests/unit/test_portfolio_intent_batches.py	packages/domain/clock.py	10	static-import
tests/unit/test_portfolio_intent_batches.py	packages/domain/decision.py	11	static-import
tests/unit/test_portfolio_intent_batches.py	packages/domain/models.py	12	static-import
tests/unit/test_portfolio_intent_batches.py	packages/domain/portfolio.py	13	static-import
tests/unit/test_portfolio_intent_batches.py	packages/domain/risk.py	14	static-import
tests/unit/test_postgres_tls.py	packages/persistence/database.py	11	static-import
tests/unit/test_prove_trusted_time_anchor_storage.py	apps/trusted_time_supervisor/head_anchor_config.py	12	static-import
tests/unit/test_prove_trusted_time_anchor_storage.py	packages/application/trusted_time_head_anchor.py	15	static-import
tests/unit/test_prove_trusted_time_anchor_storage.py	scripts/prove_trusted_time_anchor_storage.py	18	static-import
tests/unit/test_provision_trusted_time_anchor_project.py	scripts/provision_trusted_time_anchor_project.py	10	static-import
tests/unit/test_provision_trusted_time_anchor_project.py	scripts/provision_trusted_time_anchor_project.py	11	static-import
tests/unit/test_provision_trusted_time_post_enrollment_graceful_stop_operator_authority.py	packages/domain/trusted_time_post_enrollment_graceful_stop_operator_authority.py	16	static-import
tests/unit/test_provision_trusted_time_post_enrollment_graceful_stop_operator_authority.py	packages/domain/trusted_time_post_enrollment_operator_authority.py	24	static-import
tests/unit/test_provision_trusted_time_post_enrollment_graceful_stop_operator_authority.py	scripts/provision_trusted_time_post_enrollment_graceful_stop_operator_authority.py	31	static-import
tests/unit/test_provision_trusted_time_post_enrollment_graceful_stop_operator_authority.py	scripts/provision_trusted_time_post_enrollment_operator_authority.py	34	static-import
tests/unit/test_provision_trusted_time_post_enrollment_graceful_stop_operator_authority.py	scripts/provision_trusted_time_post_enrollment_graceful_stop_operator_authority.py	37	static-import
tests/unit/test_provision_trusted_time_post_enrollment_operator_authority.py	packages/domain/trusted_time_post_enrollment_operator_authority.py	17	static-import
tests/unit/test_provision_trusted_time_post_enrollment_operator_authority.py	scripts/provision_trusted_time_post_enrollment_operator_authority.py	24	static-import
tests/unit/test_provision_trusted_time_post_enrollment_operator_authority.py	scripts/provision_trusted_time_post_enrollment_operator_authority.py	25	static-import
tests/unit/test_replay.py	packages/domain/clock.py	10	static-import
tests/unit/test_replay.py	packages/domain/decision.py	11	static-import
tests/unit/test_replay.py	packages/domain/market_batch.py	12	static-import
tests/unit/test_replay.py	packages/domain/models.py	18	static-import
tests/unit/test_replay.py	packages/domain/portfolio.py	19	static-import
tests/unit/test_replay.py	packages/domain/replay.py	20	static-import
tests/unit/test_replay.py	packages/domain/risk.py	29	static-import
tests/unit/test_replay.py	packages/domain/strategy.py	30	static-import
tests/unit/test_replay_manifest.py	packages/domain/market_batch.py	10	static-import
tests/unit/test_replay_manifest.py	packages/domain/models.py	16	static-import
tests/unit/test_replay_manifest.py	packages/domain/replay.py	17	static-import
tests/unit/test_replay_manifest.py	packages/domain/replay_manifest.py	18	static-import
tests/unit/test_reservation_lifecycle.py	packages/domain/batch_risk.py	9	static-import
tests/unit/test_reservation_lifecycle.py	packages/domain/models.py	14	static-import
tests/unit/test_reservation_lifecycle.py	packages/domain/order_reducer.py	15	static-import
tests/unit/test_reservation_lifecycle.py	packages/domain/reservation_lifecycle.py	23	static-import
tests/unit/test_reservation_lifecycle.py	packages/domain/submission_attempt.py	36	static-import
tests/unit/test_reservation_lifecycle.py	tests/unit/test_submission_attempt.py	43	static-import
tests/unit/test_risk_and_execution.py	packages/domain/clock.py	8	static-import
tests/unit/test_risk_and_execution.py	packages/domain/execution.py	9	static-import
tests/unit/test_risk_and_execution.py	packages/domain/models.py	10	static-import
tests/unit/test_risk_and_execution.py	packages/domain/risk.py	11	static-import
tests/unit/test_risk_and_execution.py	packages/domain/walking_thread.py	18	static-import
tests/unit/test_runtime_stub.py	apps/runtime_stub.py	6	static-import
tests/unit/test_settlement_ledger.py	packages/domain/ledger_reducer.py	10	static-import
tests/unit/test_settlement_ledger.py	packages/domain/models.py	11	static-import
tests/unit/test_settlement_ledger.py	packages/domain/order_reducer.py	12	static-import
tests/unit/test_settlement_ledger.py	packages/domain/settlement_ledger.py	18	static-import
tests/unit/test_settlement_ledger.py	packages/domain/walking_thread.py	28	static-import
tests/unit/test_simulated_broker.py	packages/backtest/simulated_broker.py	10	static-import
tests/unit/test_simulated_broker.py	packages/domain/batch_risk.py	21	static-import
tests/unit/test_simulated_broker.py	packages/domain/ledger_reducer.py	28	static-import
tests/unit/test_simulated_broker.py	packages/domain/market_batch.py	29	static-import
tests/unit/test_simulated_broker.py	packages/domain/models.py	30	static-import
tests/unit/test_simulated_broker.py	packages/domain/order_reducer.py	31	static-import
tests/unit/test_simulated_broker.py	packages/domain/replay.py	36	static-import
tests/unit/test_simulated_broker.py	packages/domain/risk.py	37	static-import
tests/unit/test_simulated_broker.py	packages/domain/walking_thread.py	44	static-import
tests/unit/test_simulation_horizon.py	packages/backtest/simulated_broker.py	10	static-import
tests/unit/test_simulation_horizon.py	packages/backtest/simulation_horizon.py	17	static-import
tests/unit/test_simulation_horizon.py	packages/domain/account_coordinator.py	24	static-import
tests/unit/test_simulation_horizon.py	packages/domain/batch_risk.py	30	static-import
tests/unit/test_simulation_horizon.py	packages/domain/market_batch.py	42	static-import
tests/unit/test_simulation_horizon.py	packages/domain/models.py	43	static-import
tests/unit/test_simulation_horizon.py	packages/domain/replay.py	44	static-import
tests/unit/test_simulation_horizon.py	packages/domain/replay_manifest.py	45	static-import
tests/unit/test_simulation_horizon.py	packages/domain/risk.py	53	static-import
tests/unit/test_simulation_horizon.py	packages/domain/submission_attempt.py	54	static-import
tests/unit/test_simulation_horizon.py	packages/domain/walking_thread.py	65	static-import
tests/unit/test_start_trusted_time_supervisor.py	apps/trusted_time_supervisor/config.py	17	static-import
tests/unit/test_start_trusted_time_supervisor.py	packages/adapters/trusted_time/_owned_file_descriptor.py	18	static-import
tests/unit/test_start_trusted_time_supervisor.py	packages/adapters/trusted_time/_owned_file_descriptor.py	21	static-import
tests/unit/test_start_trusted_time_supervisor.py	scripts/verify_trusted_time_images.py	24	static-import
tests/unit/test_start_trusted_time_supervisor.py	scripts/start_trusted_time_supervisor.py	27	static-import
tests/unit/test_start_trusted_time_supervisor.py	scripts/verify_trusted_time_images.py	111	static-import
tests/unit/test_strategy_replay.py	packages/domain/clock.py	10	static-import
tests/unit/test_strategy_replay.py	packages/domain/decision.py	11	static-import
tests/unit/test_strategy_replay.py	packages/domain/market_batch.py	13	static-import
tests/unit/test_strategy_replay.py	packages/domain/models.py	14	static-import
tests/unit/test_strategy_replay.py	packages/domain/portfolio.py	15	static-import
tests/unit/test_strategy_replay.py	packages/domain/replay.py	16	static-import
tests/unit/test_strategy_replay.py	packages/domain/strategy.py	17	static-import
tests/unit/test_strategy_replay.py	packages/domain/strategy_replay.py	23	static-import
tests/unit/test_strategy_replay.py	packages/domain/strategy_state.py	29	static-import
tests/unit/test_strategy_supervision.py	packages/domain/market_batch.py	11	static-import
tests/unit/test_strategy_supervision.py	packages/domain/models.py	12	static-import
tests/unit/test_strategy_supervision.py	packages/domain/operational_control.py	13	static-import
tests/unit/test_strategy_supervision.py	packages/domain/replay.py	14	static-import
tests/unit/test_strategy_supervision.py	packages/domain/strategy_supervision.py	15	static-import
tests/unit/test_strategy_supervision.py	packages/domain/strategy_supervision.py	98	static-import
tests/unit/test_strategy_supervision.py	packages/domain/strategy_supervision.py	113	static-import
tests/unit/test_strategy_supervision.py	packages/domain/strategy_supervision.py	153	static-import
tests/unit/test_strategy_supervision.py	packages/domain/strategy_supervision.py	191	static-import
tests/unit/test_strategy_supervision.py	packages/domain/strategy_supervision.py	205	static-import
tests/unit/test_strategy_supervision.py	packages/domain/strategy_supervision.py	259	static-import
tests/unit/test_strategy_supervision_alert.py	packages/domain/operational_control.py	5	static-import
tests/unit/test_strategy_supervision_alert.py	packages/domain/strategy_supervision.py	13	static-import
tests/unit/test_strategy_supervision_alert.py	packages/domain/strategy_supervision_alert.py	17	static-import
tests/unit/test_strategy_supervision_alert.py	packages/domain/strategy_supervision_control.py	21	static-import
tests/unit/test_strategy_supervision_alert.py	tests/unit/test_strategy_supervision.py	24	static-import
tests/unit/test_strategy_supervision_alert.py	packages/domain/operational_control.py	64	static-import
tests/unit/test_strategy_supervision_alert.py	packages/domain/strategy_supervision.py	65	static-import
tests/unit/test_strategy_supervision_alert.py	packages/domain/operational_control.py	97	static-import
tests/unit/test_strategy_supervision_alert.py	packages/domain/strategy_supervision.py	98	static-import
tests/unit/test_strategy_supervision_control.py	packages/domain/operational_control.py	8	static-import
tests/unit/test_strategy_supervision_control.py	packages/domain/strategy_supervision.py	13	static-import
tests/unit/test_strategy_supervision_control.py	packages/domain/strategy_supervision_control.py	19	static-import
tests/unit/test_strategy_supervision_control.py	tests/unit/test_strategy_supervision.py	25	static-import
tests/unit/test_submission_attempt.py	packages/adapters/broker/alpaca_paper.py	9	static-import
tests/unit/test_submission_attempt.py	packages/domain/account_coordinator.py	12	static-import
tests/unit/test_submission_attempt.py	packages/domain/batch_risk.py	18	static-import
tests/unit/test_submission_attempt.py	packages/domain/models.py	27	static-import
tests/unit/test_submission_attempt.py	packages/domain/risk.py	28	static-import
tests/unit/test_submission_attempt.py	packages/domain/submission_attempt.py	29	static-import
tests/unit/test_submission_attempt.py	packages/domain/walking_thread.py	51	static-import
tests/unit/test_supabase_storage_anchor.py	packages/adapters/trusted_time/supabase_storage_anchor.py	10	static-import
tests/unit/test_supabase_storage_anchor.py	packages/adapters/trusted_time/supabase_storage_anchor.py	11	static-import
tests/unit/test_supervised_strategy.py	packages/application/supervised_strategy.py	14	static-import
tests/unit/test_supervised_strategy.py	packages/domain/account_coordinator.py	21	static-import
tests/unit/test_supervised_strategy.py	packages/domain/market_batch.py	22	static-import
tests/unit/test_supervised_strategy.py	packages/domain/models.py	23	static-import
tests/unit/test_supervised_strategy.py	packages/domain/operational_control.py	24	static-import
tests/unit/test_supervised_strategy.py	packages/domain/replay.py	25	static-import
tests/unit/test_supervised_strategy.py	packages/domain/strategy_invocation_lifecycle.py	26	static-import
tests/unit/test_supervised_strategy.py	packages/domain/strategy_supervision.py	33	static-import
tests/unit/test_supervised_strategy.py	packages/persistence/strategy_invocation_lifecycle.py	43	static-import
tests/unit/test_trader_paper_preflight.py	apps/trader/main.py	8	static-import
tests/unit/test_trader_paper_preflight.py	packages/application/no_exposure_smoke_strategy.py	14	static-import
tests/unit/test_trader_paper_preflight.py	packages/application/paper_deployment.py	18	static-import
tests/unit/test_trusted_time.py	packages/domain/trusted_time.py	10	static-import
tests/unit/test_trusted_time_enrollment_evidence.py	packages/domain/trusted_time_enrollment_evidence.py	12	static-import
tests/unit/test_trusted_time_enrollment_evidence.py	scripts/trusted_time_post_enrollment_evidence.py	29	static-import
tests/unit/test_trusted_time_first_enrollment.py	apps/trusted_time_supervisor/first_enrollment.py	15	static-import
tests/unit/test_trusted_time_first_enrollment.py	apps/trusted_time_supervisor/config.py	16	static-import
tests/unit/test_trusted_time_first_enrollment.py	apps/trusted_time_supervisor/head_anchor_attempt.py	19	static-import
tests/unit/test_trusted_time_first_enrollment.py	packages/application/trusted_time_head_anchor.py	27	static-import
tests/unit/test_trusted_time_first_enrollment.py	packages/application/trusted_time_head_anchor_worker.py	30	static-import
tests/unit/test_trusted_time_graceful_stop_v2.py	scripts/trusted_time_post_enrollment_topology_reader.py	16	static-import
tests/unit/test_trusted_time_graceful_stop_v2.py	packages/application/trusted_time_graceful_stop_v2_admission.py	17	static-import
tests/unit/test_trusted_time_graceful_stop_v2.py	packages/domain/__init__.py	18	static-import
tests/unit/test_trusted_time_graceful_stop_v2.py	packages/domain/trusted_time_graceful_stop_v2_recovery.py	18	static-import
tests/unit/test_trusted_time_graceful_stop_v2.py	packages/domain/trusted_time_graceful_stop_v2.py	19	static-import
tests/unit/test_trusted_time_graceful_stop_v2.py	packages/domain/trusted_time_graceful_stop_v2_recovery.py	49	static-import
tests/unit/test_trusted_time_graceful_stop_v2.py	packages/persistence/__init__.py	53	static-import
tests/unit/test_trusted_time_graceful_stop_v2.py	packages/persistence/trusted_time_graceful_stop_v2.py	53	static-import
tests/unit/test_trusted_time_graceful_stop_v2.py	scripts/trusted_time_post_enrollment_graceful_stop_decision_artifacts.py	54	static-import
tests/unit/test_trusted_time_graceful_stop_v2.py	scripts/verify_trusted_time_images.py	55	static-import
tests/unit/test_trusted_time_graceful_stop_v2.py	scripts/trusted_time_post_enrollment_graceful_stop_lifecycle.py	56	static-import
tests/unit/test_trusted_time_graceful_stop_v2.py	tests/unit/test_trusted_time_post_enrollment_claimed_fence.py	60	static-import
tests/unit/test_trusted_time_graceful_stop_v2.py	tests/unit/test_trusted_time_post_enrollment_execution_admission.py	61	static-import
tests/unit/test_trusted_time_graceful_stop_v2.py	tests/unit/test_trusted_time_post_enrollment_graceful_stop_decision_artifacts.py	62	static-import
tests/unit/test_trusted_time_graceful_stop_v2.py	tests/unit/trusted_time_graceful_stop_v2_fakes.py	65	static-import
tests/unit/test_trusted_time_graceful_stop_v2.py	tests/unit/trusted_time_graceful_stop_v2_fakes.py	66	static-import
tests/unit/test_trusted_time_graceful_stop_v2.py	tests/unit/test_trusted_time_graceful_stop_v2_lifecycle_semantics.py	782	static-import
tests/unit/test_trusted_time_graceful_stop_v2.py	tests/unit/test_trusted_time_graceful_stop_v2_lifecycle_semantics.py	1818	static-import
tests/unit/test_trusted_time_graceful_stop_v2_docker_evidence.py	packages/domain/trusted_time_graceful_stop_v2.py	11	static-import
tests/unit/test_trusted_time_graceful_stop_v2_docker_evidence.py	packages/domain/trusted_time_graceful_stop_v2_docker.py	24	static-import
tests/unit/test_trusted_time_graceful_stop_v2_docker_evidence.py	packages/domain/trusted_time_graceful_stop_v2_terminal.py	42	static-import
tests/unit/test_trusted_time_graceful_stop_v2_docker_evidence.py	tests/unit/trusted_time_graceful_stop_v2_docker_fakes.py	62	static-import
tests/unit/test_trusted_time_graceful_stop_v2_lifecycle_semantics.py	packages/domain/trusted_time_graceful_stop_v2.py	16	static-import
tests/unit/test_trusted_time_graceful_stop_v2_lifecycle_semantics.py	packages/domain/trusted_time_graceful_stop_v2_docker.py	17	static-import
tests/unit/test_trusted_time_graceful_stop_v2_lifecycle_semantics.py	packages/domain/trusted_time_graceful_stop_v2_lifecycle_semantics.py	18	static-import
tests/unit/test_trusted_time_graceful_stop_v2_lifecycle_semantics.py	packages/domain/trusted_time_graceful_stop_v2_terminal.py	19	static-import
tests/unit/test_trusted_time_graceful_stop_v2_lifecycle_semantics.py	packages/domain/trusted_time_graceful_stop_v2.py	20	static-import
tests/unit/test_trusted_time_graceful_stop_v2_lifecycle_semantics.py	packages/domain/trusted_time_graceful_stop_v2_docker.py	38	static-import
tests/unit/test_trusted_time_graceful_stop_v2_lifecycle_semantics.py	packages/domain/trusted_time_graceful_stop_v2_lifecycle_semantics.py	47	static-import
tests/unit/test_trusted_time_graceful_stop_v2_lifecycle_semantics.py	packages/domain/trusted_time_graceful_stop_v2_terminal.py	77	static-import
tests/unit/test_trusted_time_graceful_stop_v2_lifecycle_semantics.py	tests/unit/trusted_time_graceful_stop_v2_docker_fakes.py	90	static-import
tests/unit/test_trusted_time_graceful_stop_v2_outcome_recovery.py	packages/domain/__init__.py	16	static-import
tests/unit/test_trusted_time_graceful_stop_v2_outcome_recovery.py	packages/domain/trusted_time_graceful_stop_v2.py	16	static-import
tests/unit/test_trusted_time_graceful_stop_v2_outcome_recovery.py	packages/domain/__init__.py	17	static-import
tests/unit/test_trusted_time_graceful_stop_v2_outcome_recovery.py	packages/domain/trusted_time_graceful_stop_v2_recovery.py	17	static-import
tests/unit/test_trusted_time_graceful_stop_v2_outcome_recovery.py	packages/domain/trusted_time_graceful_stop_v2.py	18	static-import
tests/unit/test_trusted_time_graceful_stop_v2_outcome_recovery.py	packages/domain/trusted_time_graceful_stop_v2_lifecycle_semantics.py	39	static-import
tests/unit/test_trusted_time_graceful_stop_v2_outcome_recovery.py	packages/domain/trusted_time_graceful_stop_v2_recovery.py	42	static-import
tests/unit/test_trusted_time_graceful_stop_v2_outcome_recovery.py	packages/persistence/__init__.py	47	static-import
tests/unit/test_trusted_time_graceful_stop_v2_outcome_recovery.py	packages/persistence/trusted_time_graceful_stop_v2.py	47	static-import
tests/unit/test_trusted_time_graceful_stop_v2_outcome_recovery.py	tests/unit/test_trusted_time_graceful_stop_v2_lifecycle_semantics.py	48	static-import
tests/unit/test_trusted_time_graceful_stop_v2_outcome_recovery.py	tests/unit/trusted_time_graceful_stop_v2_fakes.py	53	static-import
tests/unit/test_trusted_time_graceful_stop_v2_outcome_recovery.py	packages/adapters/trusted_time/graceful_stop_v2_ed25519.py	2101	static-import
tests/unit/test_trusted_time_graceful_stop_v2_outcome_recovery.py	tests/unit/test_trusted_time_graceful_stop_v2_transport_contracts.py	2104	static-import
tests/unit/test_trusted_time_graceful_stop_v2_physical_store.py	packages/adapters/trusted_time/__init__.py	13	static-import
tests/unit/test_trusted_time_graceful_stop_v2_physical_store.py	packages/adapters/trusted_time/_lifecycle_v2_artifact_store.py	13	static-import
tests/unit/test_trusted_time_graceful_stop_v2_physical_store.py	packages/domain/trusted_time_graceful_stop_v2.py	14	static-import
tests/unit/test_trusted_time_graceful_stop_v2_physical_store.py	packages/persistence/__init__.py	18	static-import
tests/unit/test_trusted_time_graceful_stop_v2_physical_store.py	packages/persistence/trusted_time_graceful_stop_v2.py	18	static-import
tests/unit/test_trusted_time_graceful_stop_v2_physical_store.py	packages/persistence/trusted_time_graceful_stop_v2.py	19	static-import
tests/unit/test_trusted_time_graceful_stop_v2_reauthentication_bindings.py	scripts/trusted_time_post_enrollment_clean_stop_terminal_reauthentication.py	24	static-import
tests/unit/test_trusted_time_graceful_stop_v2_reauthentication_bindings.py	packages/adapters/trusted_time/__init__.py	25	static-import
tests/unit/test_trusted_time_graceful_stop_v2_reauthentication_bindings.py	packages/adapters/trusted_time/graceful_stop_v2_reauthentication.py	25	static-import
tests/unit/test_trusted_time_graceful_stop_v2_reauthentication_bindings.py	packages/domain/__init__.py	26	static-import
tests/unit/test_trusted_time_graceful_stop_v2_reauthentication_bindings.py	packages/domain/trusted_time_graceful_stop_v2_lifecycle_semantics.py	26	static-import
tests/unit/test_trusted_time_graceful_stop_v2_reauthentication_bindings.py	packages/domain/__init__.py	29	static-import
tests/unit/test_trusted_time_graceful_stop_v2_reauthentication_bindings.py	packages/domain/trusted_time_graceful_stop_v2_reauthentication.py	29	static-import
tests/unit/test_trusted_time_graceful_stop_v2_reauthentication_bindings.py	packages/domain/trusted_time_graceful_stop_v2.py	30	static-import
tests/unit/test_trusted_time_graceful_stop_v2_reauthentication_bindings.py	packages/domain/trusted_time_graceful_stop_v2_docker.py	34	static-import
tests/unit/test_trusted_time_graceful_stop_v2_reauthentication_bindings.py	packages/domain/trusted_time_graceful_stop_v2_lifecycle_semantics.py	38	static-import
tests/unit/test_trusted_time_graceful_stop_v2_reauthentication_bindings.py	packages/domain/trusted_time_graceful_stop_v2_reauthentication.py	42	static-import
tests/unit/test_trusted_time_graceful_stop_v2_reauthentication_bindings.py	tests/unit/test_trusted_time_graceful_stop_v2_lifecycle_semantics.py	56	static-import
tests/unit/test_trusted_time_graceful_stop_v2_reauthentication_bindings.py	tests/unit/test_trusted_time_post_enrollment_clean_stop_terminal_reauthentication.py	59	static-import
tests/unit/test_trusted_time_graceful_stop_v2_terminal_hardening.py	packages/domain/trusted_time_graceful_stop_v2.py	16	static-import
tests/unit/test_trusted_time_graceful_stop_v2_terminal_hardening.py	packages/domain/trusted_time_graceful_stop_v2_runtime_seal.py	17	static-import
tests/unit/test_trusted_time_graceful_stop_v2_terminal_hardening.py	packages/domain/trusted_time_graceful_stop_v2_terminal.py	18	static-import
tests/unit/test_trusted_time_graceful_stop_v2_terminal_hardening.py	packages/domain/trusted_time_graceful_stop_v2.py	19	static-import
tests/unit/test_trusted_time_graceful_stop_v2_terminal_hardening.py	packages/domain/trusted_time_graceful_stop_v2_terminal.py	33	static-import
tests/unit/test_trusted_time_graceful_stop_v2_transport_contracts.py	packages/adapters/trusted_time/__init__.py	17	static-import
tests/unit/test_trusted_time_graceful_stop_v2_transport_contracts.py	packages/adapters/trusted_time/graceful_stop_v2_ed25519.py	17	static-import
tests/unit/test_trusted_time_graceful_stop_v2_transport_contracts.py	packages/adapters/trusted_time/graceful_stop_v2_ed25519.py	18	static-import
tests/unit/test_trusted_time_graceful_stop_v2_transport_contracts.py	packages/domain/__init__.py	32	static-import
tests/unit/test_trusted_time_graceful_stop_v2_transport_contracts.py	packages/domain/trusted_time_graceful_stop_v2_recovery.py	32	static-import
tests/unit/test_trusted_time_graceful_stop_v2_transport_contracts.py	packages/domain/__init__.py	33	static-import
tests/unit/test_trusted_time_graceful_stop_v2_transport_contracts.py	packages/domain/trusted_time_graceful_stop_v2_terminal.py	33	static-import
tests/unit/test_trusted_time_graceful_stop_v2_transport_contracts.py	packages/domain/trusted_time_graceful_stop_v2.py	34	static-import
tests/unit/test_trusted_time_graceful_stop_v2_transport_contracts.py	packages/domain/trusted_time_graceful_stop_v2_recovery.py	56	static-import
tests/unit/test_trusted_time_graceful_stop_v2_transport_contracts.py	packages/domain/trusted_time_graceful_stop_v2_terminal.py	61	static-import
tests/unit/test_trusted_time_graceful_stop_v2_transport_contracts.py	packages/domain/trusted_time_graceful_stop_v2_transport.py	66	static-import
tests/unit/test_trusted_time_graceful_stop_v2_transport_contracts.py	packages/persistence/__init__.py	96	static-import
tests/unit/test_trusted_time_graceful_stop_v2_transport_contracts.py	packages/persistence/trusted_time_graceful_stop_v2.py	96	static-import
tests/unit/test_trusted_time_graceful_stop_v2_transport_contracts.py	tests/unit/test_trusted_time_graceful_stop_v2_terminal_hardening.py	97	static-import
tests/unit/test_trusted_time_graceful_stop_v2_transport_contracts.py	tests/unit/trusted_time_graceful_stop_v2_fakes.py	98	static-import
tests/unit/test_trusted_time_head_anchor.py	packages/application/trusted_time_head_anchor.py	11	static-import
tests/unit/test_trusted_time_head_anchor.py	packages/application/trusted_time_head_anchor.py	12	static-import
tests/unit/test_trusted_time_head_anchor.py	packages/application/trusted_time_monitor.py	41	static-import
tests/unit/test_trusted_time_head_anchor.py	packages/domain/trusted_time.py	43	static-import
tests/unit/test_trusted_time_head_anchor_attempt.py	apps/trusted_time_supervisor/head_anchor_attempt.py	11	static-import
tests/unit/test_trusted_time_head_anchor_attempt.py	apps/trusted_time_supervisor/head_anchor_config.py	24	static-import
tests/unit/test_trusted_time_head_anchor_attempt.py	packages/application/trusted_time_head_anchor.py	27	static-import
tests/unit/test_trusted_time_head_anchor_attempt.py	packages/application/trusted_time_head_anchor_worker.py	37	static-import
tests/unit/test_trusted_time_head_anchor_attempt.py	packages/domain/trusted_time_enrollment_evidence.py	43	static-import
tests/unit/test_trusted_time_head_anchor_attempt.py	packages/persistence/trusted_time.py	46	static-import
tests/unit/test_trusted_time_head_anchor_attempt.py	packages/persistence/trusted_time_head_anchor.py	47	static-import
tests/unit/test_trusted_time_head_anchor_clean_stop.py	packages/application/trusted_time_head_anchor_clean_stop.py	12	static-import
tests/unit/test_trusted_time_head_anchor_clean_stop.py	packages/application/trusted_time_head_anchor.py	13	static-import
tests/unit/test_trusted_time_head_anchor_clean_stop_supervisor_bridge.py	packages/application/trusted_time_head_anchor_clean_stop.py	20	static-import
tests/unit/test_trusted_time_head_anchor_clean_stop_supervisor_bridge.py	packages/application/trusted_time_head_anchor_clean_stop_supervisor_bridge.py	21	static-import
tests/unit/test_trusted_time_head_anchor_clean_stop_supervisor_bridge.py	packages/application/trusted_time_head_anchor_worker.py	24	static-import
tests/unit/test_trusted_time_head_anchor_clean_stop_supervisor_bridge.py	packages/application/trusted_time_head_anchor.py	25	static-import
tests/unit/test_trusted_time_head_anchor_clean_stop_supervisor_bridge.py	packages/application/trusted_time_head_anchor_worker.py	28	static-import
tests/unit/test_trusted_time_head_anchor_clean_stop_supervisor_bridge.py	packages/domain/trusted_time_enrollment_evidence.py	34	static-import
tests/unit/test_trusted_time_head_anchor_config.py	apps/trusted_time_supervisor/config.py	11	static-import
tests/unit/test_trusted_time_head_anchor_config.py	apps/trusted_time_supervisor/head_anchor_config.py	12	static-import
tests/unit/test_trusted_time_head_anchor_config.py	packages/application/trusted_time_head_anchor.py	25	static-import
tests/unit/test_trusted_time_head_anchor_worker.py	apps/trusted_time_supervisor/head_anchor_worker.py	9	static-import
tests/unit/test_trusted_time_head_anchor_worker.py	packages/application/durable_trusted_time_monitor.py	13	static-import
tests/unit/test_trusted_time_head_anchor_worker.py	packages/application/trusted_time_head_anchor.py	14	static-import
tests/unit/test_trusted_time_head_anchor_worker.py	packages/application/trusted_time_head_anchor_clean_stop.py	17	static-import
tests/unit/test_trusted_time_head_anchor_worker.py	packages/application/trusted_time_head_anchor_worker.py	21	static-import
tests/unit/test_trusted_time_head_anchor_worker.py	packages/application/trusted_time_monitor.py	35	static-import
tests/unit/test_trusted_time_head_anchor_worker.py	packages/domain/trusted_time.py	39	static-import
tests/unit/test_trusted_time_make_contract.py	scripts/check_architecture.py	175	static-import
tests/unit/test_trusted_time_make_contract.py	scripts/check_architecture.py	929	static-import
tests/unit/test_trusted_time_make_contract.py	scripts/check_architecture.py	1210	static-import
tests/unit/test_trusted_time_make_contract.py	scripts/check_architecture.py	1257	static-import
tests/unit/test_trusted_time_make_contract.py	scripts/check_architecture.py	1298	static-import
tests/unit/test_trusted_time_make_contract.py	scripts/check_architecture.py	1350	static-import
tests/unit/test_trusted_time_make_contract.py	scripts/check_architecture.py	1390	static-import
tests/unit/test_trusted_time_make_contract.py	scripts/check_architecture.py	1447	static-import
tests/unit/test_trusted_time_make_contract.py	scripts/check_architecture.py	1486	static-import
tests/unit/test_trusted_time_make_contract.py	scripts/check_architecture.py	1557	static-import
tests/unit/test_trusted_time_make_contract.py	scripts/check_architecture.py	1605	static-import
tests/unit/test_trusted_time_make_contract.py	scripts/check_architecture.py	1655	static-import
tests/unit/test_trusted_time_make_contract.py	scripts/check_architecture.py	1705	static-import
tests/unit/test_trusted_time_make_contract.py	scripts/check_architecture.py	1740	static-import
tests/unit/test_trusted_time_make_contract.py	scripts/check_architecture.py	1791	static-import
tests/unit/test_trusted_time_make_contract.py	scripts/check_architecture.py	1855	static-import
tests/unit/test_trusted_time_make_contract.py	scripts/check_architecture.py	1917	static-import
tests/unit/test_trusted_time_make_contract.py	scripts/check_architecture.py	2030	static-import
tests/unit/test_trusted_time_make_contract.py	packages/domain/trusted_time_post_enrollment_operator_authority.py	3514	static-import
tests/unit/test_trusted_time_make_contract.py	packages/adapters/trusted_time/ed25519_operator_attestation.py	3717	static-import
tests/unit/test_trusted_time_make_contract.py	packages/domain/trusted_time_post_enrollment_operator_attestation.py	3723	static-import
tests/unit/test_trusted_time_make_contract.py	scripts/trusted_time_post_enrollment_execution_admission.py	3992	static-import
tests/unit/test_trusted_time_make_contract.py	scripts/trusted_time_post_enrollment_host_orchestrator.py	3993	static-import
tests/unit/test_trusted_time_make_contract.py	packages/adapters/trusted_time/ed25519_operator_attestation.py	4162	static-import
tests/unit/test_trusted_time_make_contract.py	scripts/trusted_time_post_enrollment_operator_attestation_artifacts.py	4165	static-import
tests/unit/test_trusted_time_make_contract.py	packages/adapters/trusted_time/ed25519_graceful_stop_operator_attestation.py	4828	static-import
tests/unit/test_trusted_time_make_contract.py	packages/domain/trusted_time_post_enrollment_graceful_stop_operator_attestation.py	4829	static-import
tests/unit/test_trusted_time_make_contract.py	packages/domain/trusted_time_post_enrollment_graceful_stop_operator_authority.py	4842	static-import
tests/unit/test_trusted_time_make_contract.py	packages/domain/trusted_time_post_enrollment_operator_attestation.py	4852	static-import
tests/unit/test_trusted_time_make_contract.py	packages/domain/trusted_time_post_enrollment_operator_authority.py	4859	static-import
tests/unit/test_trusted_time_make_contract.py	scripts/trusted_time_post_enrollment_graceful_stop.py	4865	static-import
tests/unit/test_trusted_time_make_contract.py	scripts/provision_trusted_time_post_enrollment_graceful_stop_operator_authority.py	5117	static-import
tests/unit/test_trusted_time_make_contract.py	packages/adapters/trusted_time/ed25519_graceful_stop_operator_attestation.py	5207	static-import
tests/unit/test_trusted_time_make_contract.py	scripts/trusted_time_post_enrollment_graceful_stop_operator_attestation_artifacts.py	5210	static-import
tests/unit/test_trusted_time_make_contract.py	packages/adapters/trusted_time/_owned_file_descriptor.py	5607	static-import
tests/unit/test_trusted_time_make_contract.py	scripts/trusted_time_post_enrollment_graceful_stop_decision_artifacts.py	5612	static-import
tests/unit/test_trusted_time_make_contract.py	scripts/check_architecture.py	5615	static-import
tests/unit/test_trusted_time_make_contract.py	scripts/trusted_time_post_enrollment_controller_outcome.py	5616	static-import
tests/unit/test_trusted_time_make_contract.py	scripts/trusted_time_post_enrollment_execution_admission.py	5621	static-import
tests/unit/test_trusted_time_make_contract.py	scripts/trusted_time_post_enrollment_graceful_stop.py	5629	static-import
tests/unit/test_trusted_time_make_contract.py	scripts/verify_trusted_time_images.py	5632	static-import
tests/unit/test_trusted_time_make_contract.py	packages/domain/trusted_time_post_enrollment_operator_attestation.py	6072	static-import
tests/unit/test_trusted_time_make_contract.py	packages/domain/trusted_time_post_enrollment_operator_authority.py	6075	static-import
tests/unit/test_trusted_time_make_contract.py	scripts/trusted_time_post_enrollment_graceful_stop.py	6078	static-import
tests/unit/test_trusted_time_make_contract.py	scripts/trusted_time_post_enrollment_controller_outcome.py	6079	static-import
tests/unit/test_trusted_time_make_contract.py	scripts/trusted_time_post_enrollment_shutdown_locator.py	6083	static-import
tests/unit/test_trusted_time_make_contract.py	packages/application/trusted_time_head_anchor_clean_stop.py	6429	static-import
tests/unit/test_trusted_time_make_contract.py	scripts/trusted_time_post_enrollment_clean_stop_terminal_reauthentication.py	6663	static-import
tests/unit/test_trusted_time_make_contract.py	scripts/check_architecture.py	6666	static-import
tests/unit/test_trusted_time_make_contract.py	scripts/trusted_time_post_enrollment_graceful_stop_lifecycle.py	7215	static-import
tests/unit/test_trusted_time_make_contract.py	scripts/check_architecture.py	7700	static-import
tests/unit/test_trusted_time_make_contract.py	scripts/check_architecture.py	7764	static-import
tests/unit/test_trusted_time_make_contract.py	scripts/check_architecture.py	7913	static-import
tests/unit/test_trusted_time_make_contract.py	scripts/check_architecture.py	8007	static-import
tests/unit/test_trusted_time_make_contract.py	scripts/check_architecture.py	8051	static-import
tests/unit/test_trusted_time_make_contract.py	scripts/check_architecture.py	8823	static-import
tests/unit/test_trusted_time_make_contract.py	scripts/check_architecture.py	8855	static-import
tests/unit/test_trusted_time_make_contract.py	scripts/check_architecture.py	9003	static-import
tests/unit/test_trusted_time_make_contract.py	scripts/check_architecture.py	9212	static-import
tests/unit/test_trusted_time_make_contract.py	scripts/check_architecture.py	9939	static-import
tests/unit/test_trusted_time_make_contract.py	scripts/check_architecture.py	10169	static-import
tests/unit/test_trusted_time_make_contract.py	scripts/check_architecture.py	10560	static-import
tests/unit/test_trusted_time_make_contract.py	scripts/check_architecture.py	10924	static-import
tests/unit/test_trusted_time_make_contract.py	scripts/check_architecture.py	11332	static-import
tests/unit/test_trusted_time_make_contract.py	scripts/check_architecture.py	11460	static-import
tests/unit/test_trusted_time_make_contract.py	scripts/check_architecture.py	11594	static-import
tests/unit/test_trusted_time_make_contract.py	scripts/check_architecture.py	11724	static-import
tests/unit/test_trusted_time_make_contract.py	scripts/check_architecture.py	11787	static-import
tests/unit/test_trusted_time_make_contract.py	scripts/check_architecture.py	11842	static-import
tests/unit/test_trusted_time_make_contract.py	scripts/check_architecture.py	12958	static-import
tests/unit/test_trusted_time_make_contract.py	scripts/check_architecture.py	13013	static-import
tests/unit/test_trusted_time_make_contract.py	scripts/check_architecture.py	13195	static-import
tests/unit/test_trusted_time_monitor.py	packages/application/trusted_time_monitor.py	9	static-import
tests/unit/test_trusted_time_monitor.py	packages/domain/trusted_time.py	17	static-import
tests/unit/test_trusted_time_post_enrollment_action_topology_fence.py	scripts/trusted_time_post_enrollment_action_topology_fence.py	17	static-import
tests/unit/test_trusted_time_post_enrollment_action_topology_fence.py	scripts/trusted_time_post_enrollment_claimed_fence.py	18	static-import
tests/unit/test_trusted_time_post_enrollment_action_topology_fence.py	scripts/trusted_time_post_enrollment_topology_reader.py	19	static-import
tests/unit/test_trusted_time_post_enrollment_action_topology_fence.py	packages/domain/trusted_time_enrollment_evidence.py	20	static-import
tests/unit/test_trusted_time_post_enrollment_action_topology_fence.py	scripts/start_trusted_time_supervisor.py	23	static-import
tests/unit/test_trusted_time_post_enrollment_action_topology_fence.py	scripts/trusted_time_post_enrollment_start.py	24	static-import
tests/unit/test_trusted_time_post_enrollment_action_topology_fence.py	tests/unit/test_trusted_time_post_enrollment_claimed_fence.py	28	static-import
tests/unit/test_trusted_time_post_enrollment_active_controller.py	scripts/trusted_time_post_enrollment_active_controller.py	13	static-import
tests/unit/test_trusted_time_post_enrollment_active_controller.py	scripts/trusted_time_post_enrollment_controller_outcome.py	14	static-import
tests/unit/test_trusted_time_post_enrollment_active_controller.py	scripts/trusted_time_post_enrollment_sequence_two_verifier.py	15	static-import
tests/unit/test_trusted_time_post_enrollment_active_controller.py	scripts/trusted_time_post_enrollment_topology_reader.py	16	static-import
tests/unit/test_trusted_time_post_enrollment_active_controller.py	packages/domain/trusted_time_post_enrollment_start.py	17	static-import
tests/unit/test_trusted_time_post_enrollment_active_controller.py	scripts/trusted_time_post_enrollment_sequence_two_verifier.py	20	static-import
tests/unit/test_trusted_time_post_enrollment_active_controller.py	tests/unit/test_trusted_time_post_enrollment_claimed_fence.py	23	static-import
tests/unit/test_trusted_time_post_enrollment_active_controller.py	tests/unit/test_trusted_time_post_enrollment_persistent_topology.py	24	static-import
tests/unit/test_trusted_time_post_enrollment_active_controller.py	tests/unit/test_trusted_time_post_enrollment_sequence_two_verifier.py	25	static-import
tests/unit/test_trusted_time_post_enrollment_active_controller.py	tests/unit/test_trusted_time_post_enrollment_start.py	26	static-import
tests/unit/test_trusted_time_post_enrollment_active_controller_admission.py	apps/trusted_time_supervisor/post_enrollment_release.py	16	static-import
tests/unit/test_trusted_time_post_enrollment_active_controller_admission.py	apps/trusted_time_supervisor/post_enrollment_start.py	17	static-import
tests/unit/test_trusted_time_post_enrollment_active_controller_admission.py	scripts/start_trusted_time_supervisor.py	18	static-import
tests/unit/test_trusted_time_post_enrollment_active_controller_admission.py	scripts/trusted_time_post_enrollment_action_topology_fence.py	19	static-import
tests/unit/test_trusted_time_post_enrollment_active_controller_admission.py	scripts/trusted_time_post_enrollment_active_controller_admission.py	20	static-import
tests/unit/test_trusted_time_post_enrollment_active_controller_admission.py	scripts/trusted_time_post_enrollment_outcome.py	21	static-import
tests/unit/test_trusted_time_post_enrollment_active_controller_admission.py	scripts/trusted_time_post_enrollment_topology_reader.py	22	static-import
tests/unit/test_trusted_time_post_enrollment_active_controller_admission.py	packages/domain/trusted_time_enrollment_evidence.py	23	static-import
tests/unit/test_trusted_time_post_enrollment_active_controller_admission.py	scripts/trusted_time_post_enrollment_action_topology_fence.py	26	static-import
tests/unit/test_trusted_time_post_enrollment_active_controller_admission.py	scripts/trusted_time_post_enrollment_start.py	29	static-import
tests/unit/test_trusted_time_post_enrollment_active_controller_admission.py	tests/unit/test_trusted_time_post_enrollment_action_topology_fence.py	33	static-import
tests/unit/test_trusted_time_post_enrollment_active_controller_admission.py	tests/unit/test_trusted_time_post_enrollment_claimed_fence.py	34	static-import
tests/unit/test_trusted_time_post_enrollment_claim_persistence.py	packages/domain/trusted_time_enrollment_evidence.py	14	static-import
tests/unit/test_trusted_time_post_enrollment_claim_persistence.py	packages/domain/trusted_time_post_enrollment_start.py	22	static-import
tests/unit/test_trusted_time_post_enrollment_claim_persistence.py	scripts/trusted_time_post_enrollment_start.py	27	static-import
tests/unit/test_trusted_time_post_enrollment_claim_persistence.py	scripts/trusted_time_post_enrollment_start.py	28	static-import
tests/unit/test_trusted_time_post_enrollment_claimed_fence.py	scripts/trusted_time_post_enrollment_claimed_fence.py	16	static-import
tests/unit/test_trusted_time_post_enrollment_claimed_fence.py	scripts/trusted_time_post_enrollment_staging.py	17	static-import
tests/unit/test_trusted_time_post_enrollment_claimed_fence.py	scripts/trusted_time_post_enrollment_topology_reader.py	18	static-import
tests/unit/test_trusted_time_post_enrollment_claimed_fence.py	packages/domain/trusted_time_enrollment_evidence.py	19	static-import
tests/unit/test_trusted_time_post_enrollment_claimed_fence.py	packages/domain/trusted_time_post_enrollment_start.py	23	static-import
tests/unit/test_trusted_time_post_enrollment_claimed_fence.py	scripts/trusted_time_post_enrollment_staged_topology.py	26	static-import
tests/unit/test_trusted_time_post_enrollment_claimed_fence.py	scripts/trusted_time_post_enrollment_staging.py	29	static-import
tests/unit/test_trusted_time_post_enrollment_claimed_fence.py	scripts/trusted_time_post_enrollment_start.py	32	static-import
tests/unit/test_trusted_time_post_enrollment_claimed_fence.py	scripts/trusted_time_post_enrollment_topology.py	36	static-import
tests/unit/test_trusted_time_post_enrollment_claimed_fence.py	scripts/trusted_time_post_enrollment_topology_fence.py	39	static-import
tests/unit/test_trusted_time_post_enrollment_claimed_fence.py	tests/unit/test_trusted_time_post_enrollment_staging.py	43	static-import
tests/unit/test_trusted_time_post_enrollment_claimed_fence.py	tests/unit/test_trusted_time_post_enrollment_topology_reader.py	44	static-import
tests/unit/test_trusted_time_post_enrollment_clean_stop_terminal_reauthentication.py	scripts/trusted_time_post_enrollment_clean_stop_terminal_reauthentication.py	22	static-import
tests/unit/test_trusted_time_post_enrollment_clean_stop_terminal_reauthentication.py	apps/trusted_time_supervisor/head_anchor_config.py	23	static-import
tests/unit/test_trusted_time_post_enrollment_clean_stop_terminal_reauthentication.py	packages/adapters/trusted_time/ed25519_anchor.py	24	static-import
tests/unit/test_trusted_time_post_enrollment_clean_stop_terminal_reauthentication.py	packages/adapters/trusted_time/supabase_storage_anchor.py	28	static-import
tests/unit/test_trusted_time_post_enrollment_clean_stop_terminal_reauthentication.py	packages/application/trusted_time_head_anchor.py	31	static-import
tests/unit/test_trusted_time_post_enrollment_clean_stop_terminal_reauthentication.py	scripts/trusted_time_post_enrollment_clean_stop_terminal_reauthentication.py	35	static-import
tests/unit/test_trusted_time_post_enrollment_controller_outcome.py	scripts/trusted_time_post_enrollment_active_controller_admission.py	19	static-import
tests/unit/test_trusted_time_post_enrollment_controller_outcome.py	scripts/trusted_time_post_enrollment_controller_outcome.py	20	static-import
tests/unit/test_trusted_time_post_enrollment_controller_outcome.py	scripts/trusted_time_post_enrollment_outcome.py	21	static-import
tests/unit/test_trusted_time_post_enrollment_controller_outcome.py	scripts/trusted_time_post_enrollment_shutdown_locator.py	22	static-import
tests/unit/test_trusted_time_post_enrollment_controller_outcome.py	scripts/trusted_time_post_enrollment_topology_reader.py	23	static-import
tests/unit/test_trusted_time_post_enrollment_controller_outcome.py	packages/domain/trusted_time_enrollment_evidence.py	24	static-import
tests/unit/test_trusted_time_post_enrollment_controller_outcome.py	scripts/trusted_time_post_enrollment_start.py	27	static-import
tests/unit/test_trusted_time_post_enrollment_controller_outcome.py	tests/unit/test_trusted_time_post_enrollment_active_controller_admission.py	30	static-import
tests/unit/test_trusted_time_post_enrollment_controller_outcome.py	tests/unit/test_trusted_time_post_enrollment_claimed_fence.py	31	static-import
tests/unit/test_trusted_time_post_enrollment_controller_outcome.py	tests/unit/test_trusted_time_post_enrollment_persistent_topology.py	32	static-import
tests/unit/test_trusted_time_post_enrollment_execution_admission.py	packages/adapters/trusted_time/ed25519_operator_attestation.py	21	static-import
tests/unit/test_trusted_time_post_enrollment_execution_admission.py	packages/domain/trusted_time_enrollment_evidence.py	24	static-import
tests/unit/test_trusted_time_post_enrollment_execution_admission.py	packages/domain/trusted_time_post_enrollment_operator_attestation.py	33	static-import
tests/unit/test_trusted_time_post_enrollment_execution_admission.py	packages/domain/trusted_time_post_enrollment_operator_authority.py	38	static-import
tests/unit/test_trusted_time_post_enrollment_execution_admission.py	packages/domain/trusted_time_post_enrollment_start.py	42	static-import
tests/unit/test_trusted_time_post_enrollment_execution_admission.py	scripts/trusted_time_post_enrollment_execution_admission.py	45	static-import
tests/unit/test_trusted_time_post_enrollment_execution_admission.py	scripts/verify_trusted_time_images.py	46	static-import
tests/unit/test_trusted_time_post_enrollment_execution_admission.py	scripts/trusted_time_post_enrollment_execution_admission.py	47	static-import
tests/unit/test_trusted_time_post_enrollment_execution_admission.py	scripts/verify_trusted_time_images.py	62	static-import
tests/unit/test_trusted_time_post_enrollment_graceful_stop.py	scripts/trusted_time_post_enrollment_graceful_stop.py	15	static-import
tests/unit/test_trusted_time_post_enrollment_graceful_stop.py	scripts/trusted_time_post_enrollment_topology_reader.py	16	static-import
tests/unit/test_trusted_time_post_enrollment_graceful_stop.py	packages/domain/trusted_time_enrollment_evidence.py	17	static-import
tests/unit/test_trusted_time_post_enrollment_graceful_stop.py	packages/domain/trusted_time_post_enrollment_operator_attestation.py	20	static-import
tests/unit/test_trusted_time_post_enrollment_graceful_stop.py	packages/domain/trusted_time_post_enrollment_operator_authority.py	23	static-import
tests/unit/test_trusted_time_post_enrollment_graceful_stop.py	scripts/trusted_time_post_enrollment_controller_outcome.py	26	static-import
tests/unit/test_trusted_time_post_enrollment_graceful_stop.py	scripts/trusted_time_post_enrollment_shutdown_locator.py	27	static-import
tests/unit/test_trusted_time_post_enrollment_graceful_stop.py	scripts/trusted_time_post_enrollment_active_controller_admission.py	28	static-import
tests/unit/test_trusted_time_post_enrollment_graceful_stop.py	tests/unit/test_trusted_time_post_enrollment_active_controller_admission.py	31	static-import
tests/unit/test_trusted_time_post_enrollment_graceful_stop.py	tests/unit/test_trusted_time_post_enrollment_claimed_fence.py	32	static-import
tests/unit/test_trusted_time_post_enrollment_graceful_stop.py	tests/unit/test_trusted_time_post_enrollment_controller_outcome.py	33	static-import
tests/unit/test_trusted_time_post_enrollment_graceful_stop.py	tests/unit/test_trusted_time_post_enrollment_persistent_topology.py	34	static-import
tests/unit/test_trusted_time_post_enrollment_graceful_stop_decision_artifacts.py	scripts/trusted_time_post_enrollment_topology_reader.py	20	static-import
tests/unit/test_trusted_time_post_enrollment_graceful_stop_decision_artifacts.py	packages/domain/trusted_time_enrollment_evidence.py	21	static-import
tests/unit/test_trusted_time_post_enrollment_graceful_stop_decision_artifacts.py	scripts/trusted_time_post_enrollment_controller_outcome.py	24	static-import
tests/unit/test_trusted_time_post_enrollment_graceful_stop_decision_artifacts.py	scripts/trusted_time_post_enrollment_execution_admission.py	25	static-import
tests/unit/test_trusted_time_post_enrollment_graceful_stop_decision_artifacts.py	scripts/trusted_time_post_enrollment_graceful_stop_decision_artifacts.py	26	static-import
tests/unit/test_trusted_time_post_enrollment_graceful_stop_decision_artifacts.py	scripts/verify_trusted_time_images.py	27	static-import
tests/unit/test_trusted_time_post_enrollment_graceful_stop_decision_artifacts.py	scripts/trusted_time_post_enrollment_controller_outcome.py	28	static-import
tests/unit/test_trusted_time_post_enrollment_graceful_stop_decision_artifacts.py	scripts/trusted_time_post_enrollment_execution_admission.py	31	static-import
tests/unit/test_trusted_time_post_enrollment_graceful_stop_decision_artifacts.py	scripts/trusted_time_post_enrollment_graceful_stop.py	35	static-import
tests/unit/test_trusted_time_post_enrollment_graceful_stop_decision_artifacts.py	tests/unit/test_trusted_time_post_enrollment_claimed_fence.py	40	static-import
tests/unit/test_trusted_time_post_enrollment_graceful_stop_decision_artifacts.py	tests/unit/test_trusted_time_post_enrollment_execution_admission.py	41	static-import
tests/unit/test_trusted_time_post_enrollment_graceful_stop_decision_artifacts.py	tests/unit/test_trusted_time_post_enrollment_graceful_stop.py	42	static-import
tests/unit/test_trusted_time_post_enrollment_graceful_stop_decision_artifacts.py	tests/unit/test_trusted_time_post_enrollment_staged_topology.py	43	static-import
tests/unit/test_trusted_time_post_enrollment_graceful_stop_lifecycle.py	packages/adapters/trusted_time/ed25519_graceful_stop_operator_attestation.py	18	static-import
tests/unit/test_trusted_time_post_enrollment_graceful_stop_lifecycle.py	scripts/trusted_time_post_enrollment_graceful_stop_lifecycle.py	19	static-import
tests/unit/test_trusted_time_post_enrollment_graceful_stop_lifecycle.py	scripts/trusted_time_post_enrollment_shutdown_locator.py	20	static-import
tests/unit/test_trusted_time_post_enrollment_graceful_stop_lifecycle.py	packages/adapters/trusted_time/ed25519_graceful_stop_operator_attestation.py	21	static-import
tests/unit/test_trusted_time_post_enrollment_graceful_stop_lifecycle.py	packages/domain/trusted_time_enrollment_evidence.py	24	static-import
tests/unit/test_trusted_time_post_enrollment_graceful_stop_lifecycle.py	packages/domain/trusted_time_post_enrollment_graceful_stop_operator_attestation.py	27	static-import
tests/unit/test_trusted_time_post_enrollment_graceful_stop_lifecycle.py	packages/domain/trusted_time_post_enrollment_graceful_stop_operator_authority.py	33	static-import
tests/unit/test_trusted_time_post_enrollment_graceful_stop_lifecycle.py	scripts/trusted_time_post_enrollment_graceful_stop.py	36	static-import
tests/unit/test_trusted_time_post_enrollment_graceful_stop_lifecycle.py	tests/unit/test_trusted_time_post_enrollment_graceful_stop_operator_attestation_artifacts.py	41	static-import
tests/unit/test_trusted_time_post_enrollment_graceful_stop_operator_attestation.py	packages/domain/__init__.py	15	static-import
tests/unit/test_trusted_time_post_enrollment_graceful_stop_operator_attestation.py	packages/domain/trusted_time_post_enrollment_graceful_stop_operator_attestation.py	15	static-import
tests/unit/test_trusted_time_post_enrollment_graceful_stop_operator_attestation.py	packages/domain/trusted_time_enrollment_evidence.py	18	static-import
tests/unit/test_trusted_time_post_enrollment_graceful_stop_operator_attestation.py	packages/domain/trusted_time_post_enrollment_graceful_stop_operator_attestation.py	21	static-import
tests/unit/test_trusted_time_post_enrollment_graceful_stop_operator_attestation.py	packages/domain/trusted_time_post_enrollment_graceful_stop_operator_authority.py	50	static-import
tests/unit/test_trusted_time_post_enrollment_graceful_stop_operator_attestation.py	packages/domain/trusted_time_post_enrollment_operator_authority.py	57	static-import
tests/unit/test_trusted_time_post_enrollment_graceful_stop_operator_attestation_artifacts.py	scripts/trusted_time_post_enrollment_graceful_stop_operator_attestation_artifacts.py	20	static-import
tests/unit/test_trusted_time_post_enrollment_graceful_stop_operator_attestation_artifacts.py	packages/adapters/trusted_time/ed25519_graceful_stop_operator_attestation.py	21	static-import
tests/unit/test_trusted_time_post_enrollment_graceful_stop_operator_attestation_artifacts.py	packages/domain/trusted_time_enrollment_evidence.py	25	static-import
tests/unit/test_trusted_time_post_enrollment_graceful_stop_operator_attestation_artifacts.py	packages/domain/trusted_time_post_enrollment_graceful_stop_operator_attestation.py	28	static-import
tests/unit/test_trusted_time_post_enrollment_graceful_stop_operator_attestation_artifacts.py	packages/domain/trusted_time_post_enrollment_graceful_stop_operator_authority.py	35	static-import
tests/unit/test_trusted_time_post_enrollment_graceful_stop_operator_attestation_artifacts.py	packages/domain/trusted_time_post_enrollment_operator_authority.py	39	static-import
tests/unit/test_trusted_time_post_enrollment_graceful_stop_operator_attestation_artifacts.py	scripts/trusted_time_post_enrollment_operator_attestation_artifacts.py	43	static-import
tests/unit/test_trusted_time_post_enrollment_graceful_stop_operator_attestation_artifacts.py	scripts/trusted_time_post_enrollment_graceful_stop.py	44	static-import
tests/unit/test_trusted_time_post_enrollment_graceful_stop_operator_authority.py	packages/domain/trusted_time_enrollment_evidence.py	11	static-import
tests/unit/test_trusted_time_post_enrollment_graceful_stop_operator_authority.py	packages/domain/trusted_time_post_enrollment_graceful_stop_operator_authority.py	15	static-import
tests/unit/test_trusted_time_post_enrollment_graceful_stop_operator_authority.py	packages/domain/trusted_time_post_enrollment_operator_authority.py	31	static-import
tests/unit/test_trusted_time_post_enrollment_graceful_stop_supervisor_bridge.py	packages/application/trusted_time_head_anchor_clean_stop_supervisor_bridge.py	20	static-import
tests/unit/test_trusted_time_post_enrollment_graceful_stop_supervisor_bridge.py	packages/application/trusted_time_head_anchor.py	23	static-import
tests/unit/test_trusted_time_post_enrollment_graceful_stop_supervisor_bridge.py	scripts/trusted_time_post_enrollment_graceful_stop_decision_artifacts.py	26	static-import
tests/unit/test_trusted_time_post_enrollment_graceful_stop_supervisor_bridge.py	scripts/trusted_time_post_enrollment_graceful_stop_supervisor_bridge.py	29	static-import
tests/unit/test_trusted_time_post_enrollment_graceful_stop_supervisor_bridge.py	scripts/trusted_time_post_enrollment_clean_stop_terminal_reauthentication.py	30	static-import
tests/unit/test_trusted_time_post_enrollment_graceful_stop_supervisor_bridge.py	scripts/trusted_time_post_enrollment_graceful_stop_decision_artifacts.py	34	static-import
tests/unit/test_trusted_time_post_enrollment_graceful_stop_supervisor_bridge.py	scripts/trusted_time_post_enrollment_graceful_stop_lifecycle.py	38	static-import
tests/unit/test_trusted_time_post_enrollment_graceful_stop_supervisor_bridge.py	tests/unit/test_trusted_time_post_enrollment_clean_stop_terminal_reauthentication.py	44	static-import
tests/unit/test_trusted_time_post_enrollment_graceful_stop_supervisor_bridge.py	tests/unit/test_trusted_time_post_enrollment_graceful_stop_lifecycle.py	47	static-import
tests/unit/test_trusted_time_post_enrollment_graceful_stop_supervisor_bridge_receipt_reauthentication.py	packages/adapters/trusted_time/ed25519_graceful_stop_operator_attestation.py	13	static-import
tests/unit/test_trusted_time_post_enrollment_graceful_stop_supervisor_bridge_receipt_reauthentication.py	scripts/trusted_time_post_enrollment_topology_reader.py	14	static-import
tests/unit/test_trusted_time_post_enrollment_graceful_stop_supervisor_bridge_receipt_reauthentication.py	packages/adapters/trusted_time/ed25519_graceful_stop_operator_attestation.py	15	static-import
tests/unit/test_trusted_time_post_enrollment_graceful_stop_supervisor_bridge_receipt_reauthentication.py	packages/application/trusted_time_head_anchor_clean_stop_supervisor_bridge.py	18	static-import
tests/unit/test_trusted_time_post_enrollment_graceful_stop_supervisor_bridge_receipt_reauthentication.py	packages/domain/trusted_time_post_enrollment_graceful_stop_operator_attestation.py	21	static-import
tests/unit/test_trusted_time_post_enrollment_graceful_stop_supervisor_bridge_receipt_reauthentication.py	packages/domain/trusted_time_post_enrollment_graceful_stop_operator_authority.py	25	static-import
tests/unit/test_trusted_time_post_enrollment_graceful_stop_supervisor_bridge_receipt_reauthentication.py	scripts/trusted_time_post_enrollment_graceful_stop_decision_artifacts.py	28	static-import
tests/unit/test_trusted_time_post_enrollment_graceful_stop_supervisor_bridge_receipt_reauthentication.py	scripts/trusted_time_post_enrollment_graceful_stop_supervisor_bridge.py	31	static-import
tests/unit/test_trusted_time_post_enrollment_graceful_stop_supervisor_bridge_receipt_reauthentication.py	scripts/verify_trusted_time_images.py	34	static-import
tests/unit/test_trusted_time_post_enrollment_graceful_stop_supervisor_bridge_receipt_reauthentication.py	scripts/trusted_time_post_enrollment_clean_stop_terminal_reauthentication.py	35	static-import
tests/unit/test_trusted_time_post_enrollment_graceful_stop_supervisor_bridge_receipt_reauthentication.py	scripts/trusted_time_post_enrollment_graceful_stop.py	39	static-import
tests/unit/test_trusted_time_post_enrollment_graceful_stop_supervisor_bridge_receipt_reauthentication.py	scripts/trusted_time_post_enrollment_graceful_stop_decision_artifacts.py	43	static-import
tests/unit/test_trusted_time_post_enrollment_graceful_stop_supervisor_bridge_receipt_reauthentication.py	scripts/trusted_time_post_enrollment_graceful_stop_lifecycle.py	47	static-import
tests/unit/test_trusted_time_post_enrollment_graceful_stop_supervisor_bridge_receipt_reauthentication.py	tests/unit/test_trusted_time_post_enrollment_claimed_fence.py	51	static-import
tests/unit/test_trusted_time_post_enrollment_graceful_stop_supervisor_bridge_receipt_reauthentication.py	tests/unit/test_trusted_time_post_enrollment_clean_stop_terminal_reauthentication.py	52	static-import
tests/unit/test_trusted_time_post_enrollment_graceful_stop_supervisor_bridge_receipt_reauthentication.py	tests/unit/test_trusted_time_post_enrollment_execution_admission.py	55	static-import
tests/unit/test_trusted_time_post_enrollment_graceful_stop_supervisor_bridge_receipt_reauthentication.py	tests/unit/test_trusted_time_post_enrollment_graceful_stop_decision_artifacts.py	56	static-import
tests/unit/test_trusted_time_post_enrollment_graceful_stop_supervisor_bridge_receipt_reauthentication.py	tests/unit/test_trusted_time_post_enrollment_graceful_stop_lifecycle.py	59	static-import
tests/unit/test_trusted_time_post_enrollment_host_orchestrator.py	apps/trusted_time_supervisor/config.py	14	static-import
tests/unit/test_trusted_time_post_enrollment_host_orchestrator.py	packages/adapters/trusted_time/_owned_file_descriptor.py	15	static-import
tests/unit/test_trusted_time_post_enrollment_host_orchestrator.py	scripts/trusted_time_post_enrollment_host_orchestrator.py	19	static-import
tests/unit/test_trusted_time_post_enrollment_host_orchestrator.py	scripts/trusted_time_post_enrollment_topology_reader.py	20	static-import
tests/unit/test_trusted_time_post_enrollment_host_orchestrator.py	scripts/start_trusted_time_supervisor.py	21	static-import
tests/unit/test_trusted_time_post_enrollment_host_orchestrator.py	scripts/trusted_time_post_enrollment_controller_outcome.py	27	static-import
tests/unit/test_trusted_time_post_enrollment_host_orchestrator.py	scripts/trusted_time_post_enrollment_execution_admission.py	30	static-import
tests/unit/test_trusted_time_post_enrollment_host_orchestrator.py	scripts/trusted_time_post_enrollment_topology_reader.py	33	static-import
tests/unit/test_trusted_time_post_enrollment_host_orchestrator.py	scripts/verify_trusted_time_images.py	36	static-import
tests/unit/test_trusted_time_post_enrollment_host_orchestrator.py	tests/unit/test_trusted_time_post_enrollment_topology_reader.py	40	static-import
tests/unit/test_trusted_time_post_enrollment_host_orchestrator.py	packages/domain/__init__.py	1096	static-import
tests/unit/test_trusted_time_post_enrollment_host_orchestrator.py	packages/domain/trusted_time_post_enrollment_start.py	1096	static-import
tests/unit/test_trusted_time_post_enrollment_operator_attestation.py	packages/domain/trusted_time_post_enrollment_operator_attestation.py	11	static-import
tests/unit/test_trusted_time_post_enrollment_operator_attestation.py	packages/domain/trusted_time_enrollment_evidence.py	12	static-import
tests/unit/test_trusted_time_post_enrollment_operator_attestation.py	packages/domain/trusted_time_post_enrollment_operator_attestation.py	16	static-import
tests/unit/test_trusted_time_post_enrollment_operator_attestation.py	packages/domain/trusted_time_post_enrollment_operator_authority.py	44	static-import
tests/unit/test_trusted_time_post_enrollment_operator_attestation_artifacts.py	packages/adapters/trusted_time/ed25519_operator_attestation.py	18	static-import
tests/unit/test_trusted_time_post_enrollment_operator_attestation_artifacts.py	packages/domain/trusted_time_enrollment_evidence.py	22	static-import
tests/unit/test_trusted_time_post_enrollment_operator_attestation_artifacts.py	packages/domain/trusted_time_post_enrollment_operator_attestation.py	25	static-import
tests/unit/test_trusted_time_post_enrollment_operator_attestation_artifacts.py	packages/domain/trusted_time_post_enrollment_operator_authority.py	34	static-import
tests/unit/test_trusted_time_post_enrollment_operator_attestation_artifacts.py	scripts/trusted_time_post_enrollment_operator_attestation_artifacts.py	38	static-import
tests/unit/test_trusted_time_post_enrollment_operator_attestation_artifacts.py	scripts/trusted_time_post_enrollment_operator_attestation_artifacts.py	39	static-import
tests/unit/test_trusted_time_post_enrollment_operator_attestation_artifacts.py	packages/adapters/trusted_time/__init__.py	1569	static-import
tests/unit/test_trusted_time_post_enrollment_operator_attestation_artifacts.py	packages/adapters/trusted_time/_owned_file_descriptor.py	1569	static-import
tests/unit/test_trusted_time_post_enrollment_operator_authority.py	packages/domain/trusted_time_enrollment_evidence.py	10	static-import
tests/unit/test_trusted_time_post_enrollment_operator_authority.py	packages/domain/trusted_time_post_enrollment_operator_authority.py	14	static-import
tests/unit/test_trusted_time_post_enrollment_persistent_topology.py	apps/trusted_time_supervisor/post_enrollment_release.py	16	static-import
tests/unit/test_trusted_time_post_enrollment_persistent_topology.py	scripts/trusted_time_post_enrollment_active_controller_admission.py	17	static-import
tests/unit/test_trusted_time_post_enrollment_persistent_topology.py	scripts/trusted_time_post_enrollment_claimed_fence.py	18	static-import
tests/unit/test_trusted_time_post_enrollment_persistent_topology.py	scripts/trusted_time_post_enrollment_persistent_topology.py	19	static-import
tests/unit/test_trusted_time_post_enrollment_persistent_topology.py	scripts/trusted_time_post_enrollment_topology_reader.py	20	static-import
tests/unit/test_trusted_time_post_enrollment_persistent_topology.py	packages/domain/trusted_time_enrollment_evidence.py	21	static-import
tests/unit/test_trusted_time_post_enrollment_persistent_topology.py	packages/domain/trusted_time_post_enrollment_start.py	25	static-import
tests/unit/test_trusted_time_post_enrollment_persistent_topology.py	scripts/start_trusted_time_supervisor.py	28	static-import
tests/unit/test_trusted_time_post_enrollment_persistent_topology.py	scripts/trusted_time_post_enrollment_action_topology_fence.py	32	static-import
tests/unit/test_trusted_time_post_enrollment_persistent_topology.py	scripts/trusted_time_post_enrollment_staged_topology.py	35	static-import
tests/unit/test_trusted_time_post_enrollment_persistent_topology.py	scripts/trusted_time_post_enrollment_topology.py	39	static-import
tests/unit/test_trusted_time_post_enrollment_persistent_topology.py	scripts/trusted_time_post_enrollment_topology_fence.py	44	static-import
tests/unit/test_trusted_time_post_enrollment_persistent_topology.py	tests/unit/test_trusted_time_post_enrollment_action_topology_fence.py	47	static-import
tests/unit/test_trusted_time_post_enrollment_persistent_topology.py	tests/unit/test_trusted_time_post_enrollment_active_controller_admission.py	48	static-import
tests/unit/test_trusted_time_post_enrollment_persistent_topology.py	tests/unit/test_trusted_time_post_enrollment_claimed_fence.py	51	static-import
tests/unit/test_trusted_time_post_enrollment_persistent_topology.py	tests/unit/test_trusted_time_post_enrollment_staged_topology.py	52	static-import
tests/unit/test_trusted_time_post_enrollment_persistent_topology.py	tests/unit/test_trusted_time_post_enrollment_start.py	53	static-import
tests/unit/test_trusted_time_post_enrollment_persistent_topology.py	tests/unit/test_trusted_time_post_enrollment_topology_reader.py	54	static-import
tests/unit/test_trusted_time_post_enrollment_recovery_outcome.py	packages/domain/trusted_time_enrollment_evidence.py	20	static-import
tests/unit/test_trusted_time_post_enrollment_recovery_outcome.py	scripts/trusted_time_post_enrollment_outcome.py	23	static-import
tests/unit/test_trusted_time_post_enrollment_recovery_outcome.py	scripts/trusted_time_post_enrollment_topology_reader.py	24	static-import
tests/unit/test_trusted_time_post_enrollment_recovery_outcome.py	scripts/trusted_time_post_enrollment_start.py	25	static-import
tests/unit/test_trusted_time_post_enrollment_recovery_outcome.py	tests/unit/test_trusted_time_post_enrollment_claim_persistence.py	29	static-import
tests/unit/test_trusted_time_post_enrollment_release.py	apps/trusted_time_supervisor/__init__.py	13	static-import
tests/unit/test_trusted_time_post_enrollment_release.py	apps/trusted_time_supervisor/post_enrollment_release.py	13	static-import
tests/unit/test_trusted_time_post_enrollment_release.py	apps/trusted_time_supervisor/config.py	14	static-import
tests/unit/test_trusted_time_post_enrollment_runtime_state.py	apps/trusted_time_supervisor/__init__.py	13	static-import
tests/unit/test_trusted_time_post_enrollment_runtime_state.py	apps/trusted_time_supervisor/post_enrollment_runtime_state.py	13	static-import
tests/unit/test_trusted_time_post_enrollment_runtime_state.py	apps/trusted_time_supervisor/config.py	14	static-import
tests/unit/test_trusted_time_post_enrollment_sequence_one_reauthentication.py	scripts/trusted_time_post_enrollment_sequence_one_reauthentication.py	20	static-import
tests/unit/test_trusted_time_post_enrollment_sequence_one_reauthentication.py	apps/trusted_time_supervisor/head_anchor_attempt.py	21	static-import
tests/unit/test_trusted_time_post_enrollment_sequence_one_reauthentication.py	apps/trusted_time_supervisor/head_anchor_config.py	24	static-import
tests/unit/test_trusted_time_post_enrollment_sequence_one_reauthentication.py	packages/adapters/trusted_time/ed25519_anchor.py	25	static-import
tests/unit/test_trusted_time_post_enrollment_sequence_one_reauthentication.py	packages/adapters/trusted_time/supabase_storage_anchor.py	29	static-import
tests/unit/test_trusted_time_post_enrollment_sequence_one_reauthentication.py	packages/application/trusted_time_head_anchor.py	32	static-import
tests/unit/test_trusted_time_post_enrollment_sequence_one_reauthentication.py	packages/persistence/trusted_time_head_anchor.py	37	static-import
tests/unit/test_trusted_time_post_enrollment_sequence_one_reauthentication.py	scripts/trusted_time_post_enrollment_sequence_one_reauthentication.py	40	static-import
tests/unit/test_trusted_time_post_enrollment_sequence_two_ready.py	apps/trusted_time_supervisor/__init__.py	10	static-import
tests/unit/test_trusted_time_post_enrollment_sequence_two_ready.py	apps/trusted_time_supervisor/post_enrollment_sequence_two_ready.py	10	static-import
tests/unit/test_trusted_time_post_enrollment_sequence_two_ready.py	apps/trusted_time_supervisor/config.py	11	static-import
tests/unit/test_trusted_time_post_enrollment_sequence_two_ready.py	apps/trusted_time_supervisor/head_anchor_worker.py	14	static-import
tests/unit/test_trusted_time_post_enrollment_sequence_two_verifier.py	scripts/trusted_time_post_enrollment_sequence_two_verifier.py	19	static-import
tests/unit/test_trusted_time_post_enrollment_sequence_two_verifier.py	apps/trusted_time_supervisor/head_anchor_attempt.py	20	static-import
tests/unit/test_trusted_time_post_enrollment_sequence_two_verifier.py	apps/trusted_time_supervisor/head_anchor_config.py	23	static-import
tests/unit/test_trusted_time_post_enrollment_sequence_two_verifier.py	packages/adapters/trusted_time/ed25519_anchor.py	24	static-import
tests/unit/test_trusted_time_post_enrollment_sequence_two_verifier.py	packages/adapters/trusted_time/supabase_storage_anchor.py	28	static-import
tests/unit/test_trusted_time_post_enrollment_sequence_two_verifier.py	packages/application/trusted_time_head_anchor.py	31	static-import
tests/unit/test_trusted_time_post_enrollment_sequence_two_verifier.py	scripts/trusted_time_post_enrollment_sequence_two_verifier.py	35	static-import
tests/unit/test_trusted_time_post_enrollment_sequence_two_verifier.py	tests/unit/test_trusted_time_head_anchor_attempt.py	46	static-import
tests/unit/test_trusted_time_post_enrollment_shutdown_locator.py	scripts/trusted_time_post_enrollment_shutdown_locator.py	11	static-import
tests/unit/test_trusted_time_post_enrollment_shutdown_locator.py	scripts/trusted_time_post_enrollment_topology_reader.py	12	static-import
tests/unit/test_trusted_time_post_enrollment_shutdown_locator.py	packages/domain/trusted_time_enrollment_evidence.py	13	static-import
tests/unit/test_trusted_time_post_enrollment_shutdown_locator.py	scripts/trusted_time_post_enrollment_active_controller_admission.py	17	static-import
tests/unit/test_trusted_time_post_enrollment_shutdown_locator.py	scripts/trusted_time_post_enrollment_controller_outcome.py	20	static-import
tests/unit/test_trusted_time_post_enrollment_shutdown_locator.py	scripts/trusted_time_post_enrollment_execution_admission.py	21	static-import
tests/unit/test_trusted_time_post_enrollment_shutdown_locator.py	scripts/trusted_time_post_enrollment_persistent_topology.py	22	static-import
tests/unit/test_trusted_time_post_enrollment_shutdown_locator.py	scripts/start_trusted_time_supervisor.py	23	static-import
tests/unit/test_trusted_time_post_enrollment_shutdown_locator.py	scripts/trusted_time_post_enrollment_active_controller_admission.py	27	static-import
tests/unit/test_trusted_time_post_enrollment_shutdown_locator.py	scripts/trusted_time_post_enrollment_topology.py	30	static-import
tests/unit/test_trusted_time_post_enrollment_shutdown_locator.py	tests/unit/test_trusted_time_post_enrollment_claimed_fence.py	33	static-import
tests/unit/test_trusted_time_post_enrollment_shutdown_locator.py	tests/unit/test_trusted_time_post_enrollment_persistent_topology.py	34	static-import
tests/unit/test_trusted_time_post_enrollment_staged_topology.py	apps/trusted_time_supervisor/main.py	13	static-import
tests/unit/test_trusted_time_post_enrollment_staged_topology.py	apps/trusted_time_supervisor/post_enrollment_release.py	14	static-import
tests/unit/test_trusted_time_post_enrollment_staged_topology.py	packages/domain/trusted_time_enrollment_evidence.py	18	static-import
tests/unit/test_trusted_time_post_enrollment_staged_topology.py	packages/domain/trusted_time_post_enrollment_start.py	27	static-import
tests/unit/test_trusted_time_post_enrollment_staged_topology.py	scripts/trusted_time_post_enrollment_start.py	30	static-import
tests/unit/test_trusted_time_post_enrollment_staged_topology.py	scripts/start_trusted_time_supervisor.py	31	static-import
tests/unit/test_trusted_time_post_enrollment_staged_topology.py	scripts/trusted_time_post_enrollment_staged_topology.py	45	static-import
tests/unit/test_trusted_time_post_enrollment_staged_topology.py	scripts/trusted_time_post_enrollment_topology.py	56	static-import
tests/unit/test_trusted_time_post_enrollment_staging.py	apps/trusted_time_supervisor/head_anchor_attempt.py	10	static-import
tests/unit/test_trusted_time_post_enrollment_staging.py	packages/application/trusted_time_head_anchor.py	13	static-import
tests/unit/test_trusted_time_post_enrollment_staging.py	packages/domain/trusted_time_enrollment_evidence.py	16	static-import
tests/unit/test_trusted_time_post_enrollment_staging.py	packages/domain/trusted_time_post_enrollment_start.py	23	static-import
tests/unit/test_trusted_time_post_enrollment_staging.py	scripts/trusted_time_post_enrollment_staging.py	28	static-import
tests/unit/test_trusted_time_post_enrollment_staging.py	scripts/trusted_time_post_enrollment_topology_reader.py	29	static-import
tests/unit/test_trusted_time_post_enrollment_staging.py	scripts/trusted_time_post_enrollment_staging.py	30	static-import
tests/unit/test_trusted_time_post_enrollment_staging.py	scripts/trusted_time_post_enrollment_start.py	39	static-import
tests/unit/test_trusted_time_post_enrollment_start.py	apps/trusted_time_supervisor/head_anchor_attempt.py	8	static-import
tests/unit/test_trusted_time_post_enrollment_start.py	apps/trusted_time_supervisor/post_enrollment_start.py	12	static-import
tests/unit/test_trusted_time_post_enrollment_start.py	packages/application/trusted_time_head_anchor.py	17	static-import
tests/unit/test_trusted_time_post_enrollment_start.py	packages/domain/trusted_time_enrollment_evidence.py	20	static-import
tests/unit/test_trusted_time_post_enrollment_start.py	packages/domain/trusted_time_post_enrollment_start.py	31	static-import
tests/unit/test_trusted_time_post_enrollment_topology.py	packages/domain/trusted_time_enrollment_evidence.py	12	static-import
tests/unit/test_trusted_time_post_enrollment_topology.py	packages/domain/trusted_time_post_enrollment_start.py	20	static-import
tests/unit/test_trusted_time_post_enrollment_topology.py	scripts/start_trusted_time_supervisor.py	23	static-import
tests/unit/test_trusted_time_post_enrollment_topology.py	scripts/trusted_time_post_enrollment_topology.py	35	static-import
tests/unit/test_trusted_time_post_enrollment_topology_choreography_lease.py	packages/domain/trusted_time_post_enrollment_start.py	51	static-import
tests/unit/test_trusted_time_post_enrollment_topology_choreography_lease.py	scripts/trusted_time_post_enrollment_active_controller.py	52	static-import
tests/unit/test_trusted_time_post_enrollment_topology_choreography_lease.py	scripts/trusted_time_post_enrollment_claimed_fence.py	53	static-import
tests/unit/test_trusted_time_post_enrollment_topology_choreography_lease.py	scripts/trusted_time_post_enrollment_controller_outcome.py	54	static-import
tests/unit/test_trusted_time_post_enrollment_topology_choreography_lease.py	scripts/trusted_time_post_enrollment_shutdown_locator.py	55	static-import
tests/unit/test_trusted_time_post_enrollment_topology_choreography_lease.py	scripts/trusted_time_post_enrollment_staging.py	56	static-import
tests/unit/test_trusted_time_post_enrollment_topology_choreography_lease.py	scripts/trusted_time_post_enrollment_start.py	57	static-import
tests/unit/test_trusted_time_post_enrollment_topology_choreography_lease.py	scripts/trusted_time_post_enrollment_topology_reader.py	58	static-import
tests/unit/test_trusted_time_post_enrollment_topology_choreography_lease.py	packages/adapters/trusted_time/__init__.py	59	static-import
tests/unit/test_trusted_time_post_enrollment_topology_choreography_lease.py	packages/adapters/trusted_time/_owned_file_descriptor.py	59	static-import
tests/unit/test_trusted_time_post_enrollment_topology_choreography_lease.py	packages/adapters/trusted_time/_owned_file_descriptor.py	60	static-import
tests/unit/test_trusted_time_post_enrollment_topology_choreography_lease.py	scripts/trusted_time_post_enrollment_outcome.py	66	static-import
tests/unit/test_trusted_time_post_enrollment_topology_choreography_lease.py	scripts/start_trusted_time_supervisor.py	68	static-import
tests/unit/test_trusted_time_post_enrollment_topology_choreography_lease.py	scripts/trusted_time_post_enrollment_start.py	73	static-import
tests/unit/test_trusted_time_post_enrollment_topology_choreography_lease.py	scripts/trusted_time_post_enrollment_topology.py	77	static-import
tests/unit/test_trusted_time_post_enrollment_topology_choreography_lease.py	tests/unit/test_trusted_time_post_enrollment_claimed_fence.py	80	static-import
tests/unit/test_trusted_time_post_enrollment_topology_choreography_lease.py	tests/unit/test_trusted_time_post_enrollment_shutdown_locator.py	81	static-import
tests/unit/test_trusted_time_post_enrollment_topology_choreography_lease.py	tests/unit/test_trusted_time_post_enrollment_staging.py	82	static-import
tests/unit/test_trusted_time_post_enrollment_topology_choreography_lease.py	tests/unit/test_trusted_time_post_enrollment_topology_reader.py	83	static-import
tests/unit/test_trusted_time_post_enrollment_topology_cursor_security.py	scripts/trusted_time_post_enrollment_topology_reader.py	15	static-import
tests/unit/test_trusted_time_post_enrollment_topology_cursor_security.py	packages/adapters/trusted_time/_owned_file_descriptor.py	16	static-import
tests/unit/test_trusted_time_post_enrollment_topology_cursor_security.py	scripts/start_trusted_time_supervisor.py	21	static-import
tests/unit/test_trusted_time_post_enrollment_topology_cursor_security.py	tests/unit/test_trusted_time_post_enrollment_topology_reader.py	22	static-import
tests/unit/test_trusted_time_post_enrollment_topology_fence.py	scripts/trusted_time_post_enrollment_topology_fence.py	13	static-import
tests/unit/test_trusted_time_post_enrollment_topology_fence.py	scripts/trusted_time_post_enrollment_topology_reader.py	14	static-import
tests/unit/test_trusted_time_post_enrollment_topology_fence.py	packages/domain/trusted_time_enrollment_evidence.py	15	static-import
tests/unit/test_trusted_time_post_enrollment_topology_fence.py	scripts/trusted_time_post_enrollment_staged_topology.py	20	static-import
tests/unit/test_trusted_time_post_enrollment_topology_fence.py	scripts/trusted_time_post_enrollment_topology.py	25	static-import
tests/unit/test_trusted_time_post_enrollment_topology_reader.py	scripts/trusted_time_post_enrollment_topology_reader.py	16	static-import
tests/unit/test_trusted_time_post_enrollment_topology_reader.py	apps/trusted_time_supervisor/main.py	17	static-import
tests/unit/test_trusted_time_post_enrollment_topology_reader.py	packages/adapters/trusted_time/_owned_file_descriptor.py	18	static-import
tests/unit/test_trusted_time_post_enrollment_topology_reader.py	packages/domain/trusted_time_enrollment_evidence.py	23	static-import
tests/unit/test_trusted_time_post_enrollment_topology_reader.py	packages/domain/trusted_time_post_enrollment_start.py	31	static-import
tests/unit/test_trusted_time_post_enrollment_topology_reader.py	scripts/start_trusted_time_supervisor.py	35	static-import
tests/unit/test_trusted_time_post_enrollment_topology_reader.py	scripts/trusted_time_post_enrollment_staged_topology.py	42	static-import
tests/unit/test_trusted_time_post_enrollment_topology_reader.py	scripts/trusted_time_post_enrollment_topology.py	46	static-import
tests/unit/test_trusted_time_post_enrollment_topology_reader.py	scripts/trusted_time_post_enrollment_claimed_fence.py	1104	static-import
tests/unit/test_trusted_time_post_enrollment_topology_reader.py	scripts/trusted_time_post_enrollment_action_topology_fence.py	1254	static-import
tests/unit/test_trusted_time_post_enrollment_topology_reader.py	scripts/trusted_time_post_enrollment_claimed_fence.py	1255	static-import
tests/unit/test_trusted_time_post_enrollment_topology_reader.py	scripts/trusted_time_post_enrollment_topology_fence.py	1256	static-import
tests/unit/test_trusted_time_post_enrollment_topology_reader.py	tests/unit/test_trusted_time_post_enrollment_claimed_fence.py	1259	static-import
tests/unit/test_trusted_time_post_enrollment_topology_reader.py	tests/unit/test_trusted_time_post_enrollment_topology_choreography_lease.py	1260	static-import
tests/unit/test_trusted_time_post_enrollment_topology_reader.py	tests/unit/test_trusted_time_post_enrollment_topology_choreography_lease.py	1445	static-import
tests/unit/test_trusted_time_post_enrollment_topology_reader.py	tests/unit/test_trusted_time_post_enrollment_topology_choreography_lease.py	1487	static-import
tests/unit/test_trusted_time_post_enrollment_topology_reader.py	tests/unit/test_trusted_time_post_enrollment_topology_choreography_lease.py	1524	static-import
tests/unit/test_trusted_time_post_enrollment_topology_reader.py	tests/unit/test_trusted_time_post_enrollment_topology_choreography_lease.py	1603	static-import
tests/unit/test_trusted_time_post_enrollment_topology_reader.py	tests/unit/test_trusted_time_post_enrollment_topology_choreography_lease.py	1672	static-import
tests/unit/test_trusted_time_post_enrollment_topology_reader.py	scripts/trusted_time_post_enrollment_claimed_fence.py	1701	static-import
tests/unit/test_trusted_time_supervisor.py	packages/application/durable_trusted_time_monitor.py	8	static-import
tests/unit/test_trusted_time_supervisor.py	packages/application/trusted_time_monitor.py	9	static-import
tests/unit/test_trusted_time_supervisor.py	packages/application/trusted_time_supervisor.py	13	static-import
tests/unit/test_trusted_time_supervisor.py	packages/domain/trusted_time.py	21	static-import
tests/unit/test_trusted_time_supervisor_config.py	apps/trusted_time_supervisor/config.py	10	static-import
tests/unit/test_trusted_time_supervisor_main.py	apps/trusted_time_supervisor/config.py	14	static-import
tests/unit/test_trusted_time_supervisor_main.py	apps/trusted_time_supervisor/head_anchor_attempt.py	21	static-import
tests/unit/test_trusted_time_supervisor_main.py	apps/trusted_time_supervisor/head_anchor_config.py	25	static-import
tests/unit/test_trusted_time_supervisor_main.py	apps/trusted_time_supervisor/head_anchor_worker.py	31	static-import
tests/unit/test_trusted_time_supervisor_main.py	apps/trusted_time_supervisor/main.py	35	static-import
tests/unit/test_trusted_time_supervisor_main.py	packages/application/durable_trusted_time_monitor.py	46	static-import
tests/unit/test_trusted_time_supervisor_main.py	packages/application/trusted_time_head_anchor.py	47	static-import
tests/unit/test_trusted_time_supervisor_main.py	packages/application/trusted_time_head_anchor_clean_stop.py	50	static-import
tests/unit/test_trusted_time_supervisor_main.py	packages/application/trusted_time_head_anchor_worker.py	53	static-import
tests/unit/test_trusted_time_supervisor_main.py	packages/application/trusted_time_monitor.py	61	static-import
tests/unit/test_trusted_time_supervisor_main.py	packages/application/trusted_time_supervisor.py	65	static-import
tests/unit/test_trusted_time_supervisor_main.py	packages/domain/trusted_time.py	69	static-import
tests/unit/test_trusted_time_supervisor_read_probes.py	apps/trusted_time_supervisor/__init__.py	16	static-import
tests/unit/test_trusted_time_supervisor_read_probes.py	apps/trusted_time_supervisor/image_schema_contract.py	16	static-import
tests/unit/test_trusted_time_supervisor_read_probes.py	apps/trusted_time_supervisor/__init__.py	17	static-import
tests/unit/test_trusted_time_supervisor_read_probes.py	apps/trusted_time_supervisor/post_enrollment_read_probes.py	17	static-import
tests/unit/test_trusted_time_supervisor_read_probes.py	scripts/check_architecture.py	971	static-import
tests/unit/test_trusted_time_supervisor_read_probes.py	scripts/check_architecture.py	1050	static-import
tests/unit/test_trusted_time_v2_candidate_packaging.py	build_support/build_trusted_time_v2_candidates.py	12	static-import
tests/unit/test_trusted_time_v2_candidate_packaging.py	build_support/build_trusted_time_v2_linked_role_test.py	13	static-import
tests/unit/test_trusted_time_v2_candidate_packaging.py	build_support/exercise_trusted_time_v2_exact_candidates.py	14	static-import
tests/unit/test_trusted_time_v2_native_authority.py	packages/adapters/trusted_time/graceful_stop_v2_ed25519.py	17	static-import
tests/unit/test_trusted_time_v2_native_guard_signer.py	packages/adapters/trusted_time/__init__.py	306	static-import
tests/unit/test_trusted_time_v2_native_guard_signer.py	packages/adapters/trusted_time/graceful_stop_v2_ed25519.py	306	static-import
tests/unit/test_trusted_time_v2_native_guard_signer.py	tests/unit/test_trusted_time_graceful_stop_v2_transport_contracts.py	307	static-import
tests/unit/test_trusted_time_v2_profiles_provisioning.py	build_support/build_trusted_time_v2_profile_test.py	10	static-import
tests/unit/test_trusted_time_v2_seccomp_manifests.py	build_support/trusted_time_v2_seccomp_manifests.py	10	static-import
tests/unit/test_trusted_time_watchdog.py	packages/application/trusted_time_head_anchor.py	12	static-import
tests/unit/test_trusted_time_watchdog.py	packages/application/trusted_time_watchdog.py	13	static-import
tests/unit/test_trusted_time_watchdog.py	packages/application/trusted_time_head_anchor.py	14	static-import
tests/unit/test_trusted_time_watchdog.py	packages/application/trusted_time_monitor.py	22	static-import
tests/unit/test_trusted_time_watchdog.py	packages/application/trusted_time_watchdog.py	23	static-import
tests/unit/test_trusted_time_watchdog.py	packages/domain/trusted_time.py	34	static-import
tests/unit/test_unknown_submission_recovery.py	packages/domain/account_coordinator.py	9	static-import
tests/unit/test_unknown_submission_recovery.py	packages/domain/broker_ingress.py	15	static-import
tests/unit/test_unknown_submission_recovery.py	packages/domain/submission_attempt.py	17	static-import
tests/unit/test_unknown_submission_recovery.py	packages/domain/unknown_submission_recovery.py	22	static-import
tests/unit/test_verify_trusted_time_compose.py	scripts/verify_trusted_time_compose.py	13	static-import
tests/unit/test_verify_trusted_time_compose.py	scripts/verify_trusted_time_compose.py	15	static-import
tests/unit/test_verify_trusted_time_images.py	packages/adapters/trusted_time/_bounded_process.py	28	static-import
tests/unit/test_verify_trusted_time_images.py	scripts/verify_trusted_time_images.py	29	static-import
tests/unit/test_verify_trusted_time_images.py	scripts/verify_trusted_time_images.py	30	static-import
tests/unit/test_walking_thread.py	packages/domain/models.py	4	static-import
tests/unit/test_walking_thread.py	packages/domain/walking_thread.py	5	static-import
tests/unit/test_wave5_architecture_boundaries.py	scripts/check_architecture.py	9	static-import
tests/unit/trusted_time_graceful_stop_v2_docker_fakes.py	packages/domain/trusted_time_graceful_stop_v2_docker.py	9	static-import
tests/unit/trusted_time_graceful_stop_v2_fakes.py	packages/domain/trusted_time_graceful_stop_v2.py	13	static-import
tests/unit/trusted_time_graceful_stop_v2_fakes.py	packages/persistence/trusted_time_graceful_stop_v2.py	23	static-import
