path	sha256	disposition	owner	replacement_gate	selection
.dockerignore	2ef12b61895a4144234e61332a24cd75f4e761dfa3bf597ac1758f0f7a622ef6	retain-consumer-migrate-time-or-schema-binding-if-needed	W1-runtime+W4-account+W5-operations	G-FIN+G-TIME	lexical-or-native-seed
.github/workflows/ci.yml	5af18af8b4eeb7f92a4b507eb196c9b6b30bca2a0c1a01dca09b7c93fafb637f	serialize-build-config-architecture-cutover	orchestrator+W1-runtime	G-BUILD+G-TEST	lexical-or-native-seed
Makefile	6802268c7998df71d5543feba63663e1d6d3e07d87b4ff679107b42594770e42	serialize-build-config-architecture-cutover	orchestrator+W1-runtime	G-BUILD+G-TEST	lexical-or-native-seed
README.md	fe1f45c560962c0943b2462e0991a08ebc7b6bf2011d24859b01c8ad09945dd5	history-or-supporting-doc	orchestrator	G-DOC	lexical-or-native-seed
apps/api/backtest_views.py	7e216a0226eed2ededcfd0c791f0c81f2ce1e3011efd93529b982bf4efd9c591	retain-consumer-migrate-time-or-schema-binding-if-needed	W1-runtime+W4-account+W5-operations	G-FIN+G-TIME	reverse-static-import-closure
apps/api/config.py	4f4f873b249afaa88537104c57d1488f97d4e24f78b9220ec204ee89acc35738	retain-consumer-migrate-time-or-schema-binding-if-needed	W1-runtime+W4-account+W5-operations	G-FIN+G-TIME	reverse-static-import-closure
apps/api/contracts.py	5e2f3a121b009002d8373a5b948474d6cd5cd5486c0dce9f5d839bb20731e312	retain-consumer-migrate-time-or-schema-binding-if-needed	W1-runtime+W4-account+W5-operations	G-FIN+G-TIME	reverse-static-import-closure
apps/api/data_views.py	c27a847ffd4a2f517a5d11a1549e63c011d5ce1993edfe7ba822b5f363fde152	retain-consumer-migrate-time-or-schema-binding-if-needed	W1-runtime+W4-account+W5-operations	G-FIN+G-TIME	reverse-static-import-closure
apps/api/experiment_views.py	60c214a1fffeb90255611f0b860af27be971313792dc2e0b5efc7f953cd9bdce	retain-consumer-migrate-time-or-schema-binding-if-needed	W1-runtime+W4-account+W5-operations	G-FIN+G-TIME	reverse-static-import-closure
apps/api/fixture_segment_views.py	109dc8aba1915b76221bab24448e87adda2ada09d28a6e895d555ab7186a2141	retain-consumer-migrate-time-or-schema-binding-if-needed	W1-runtime+W4-account+W5-operations	G-FIN+G-TIME	reverse-static-import-closure
apps/api/main.py	0338da242f213375b6459e0fc6ba0293f76270a224071bcdd589ac3a6b6b81d4	retain-consumer-migrate-time-or-schema-binding-if-needed	W1-runtime+W4-account+W5-operations	G-FIN+G-TIME	reverse-static-import-closure
apps/api/operations_dashboard_views.py	feca432d2e35553ae68a03b8e2c2ed53b99c7b3e74cd848810b837e6579718a5	retain-consumer-migrate-time-or-schema-binding-if-needed	W1-runtime+W4-account+W5-operations	G-FIN+G-TIME	reverse-static-import-closure
apps/api/operations_views.py	f1b39656c2c1d942469c2184ac24e8fa52b5b5fb1d87a2c57b9564b2f4f735d7	retain-consumer-migrate-time-or-schema-binding-if-needed	W1-runtime+W4-account+W5-operations	G-FIN+G-TIME	reverse-static-import-closure
apps/runtime_stub.py	c408febcea99628ee1af41492a8594d1f4dba3aa2e07d7b7ebf5fd8e34c2cc2a	retain-consumer-migrate-time-or-schema-binding-if-needed	W1-runtime+W4-account+W5-operations	G-FIN+G-TIME	reverse-static-import-closure
apps/trader/main.py	197bd8e7ffdc78216aa24fc6fcefb40878f39d0bef8581ce92a9faafa43ddfd8	retain-consumer-migrate-time-or-schema-binding-if-needed	W1-runtime+W4-account+W5-operations	G-FIN+G-TIME	reverse-static-import-closure
apps/trusted_time_supervisor/__init__.py	5389e252a1bf7c16d46ef6fb6798c9ead8ff42416a5431ba67e18d2d3483758a	retire-personal-v1-prerequisite-after-replacement	W1-runtime+W5-operations	G-TIME+G-PROCESS+G-BUILD	lexical-or-native-seed
apps/trusted_time_supervisor/config.py	355bb23045cc11f6b6e06a65d348bb7012c9263c38a2e66f48d85dc1c6df4ee0	retire-personal-v1-prerequisite-after-replacement	W1-runtime+W5-operations	G-TIME+G-PROCESS+G-BUILD	lexical-or-native-seed
apps/trusted_time_supervisor/first_enrollment.py	1906c1ce5704bb5cdf1fecdab24fcc6401db46ad55249c7527fb72bf6bd1143a	retire-personal-v1-prerequisite-after-replacement	W1-runtime+W5-operations	G-TIME+G-PROCESS+G-BUILD	lexical-or-native-seed
apps/trusted_time_supervisor/head_anchor_attempt.py	49344ff0e144e00675d6ec2968c85aa44f6d5a39310be826e5bd68d4454ad6a5	retire-personal-v1-prerequisite-after-replacement	W1-runtime+W5-operations	G-TIME+G-PROCESS+G-BUILD	lexical-or-native-seed
apps/trusted_time_supervisor/head_anchor_config.py	696a96a20e8c6cf709f44ed4d600e36fc9a8d8cc23346b7f72798b0c793b111e	retire-personal-v1-prerequisite-after-replacement	W1-runtime+W5-operations	G-TIME+G-PROCESS+G-BUILD	lexical-or-native-seed
apps/trusted_time_supervisor/head_anchor_worker.py	bc636dbd665d8c7f2a64b6bfb899b60d13a78dbd008542d58e4b2da163acb55e	retire-personal-v1-prerequisite-after-replacement	W1-runtime+W5-operations	G-TIME+G-PROCESS+G-BUILD	lexical-or-native-seed
apps/trusted_time_supervisor/image_schema_contract.py	e0adf8b291ec545f6efd1337dc6570bfa5cc14dc7cd3f9e07487529f606a5323	retire-personal-v1-prerequisite-after-replacement	W1-runtime+W5-operations	G-TIME+G-PROCESS+G-BUILD	lexical-or-native-seed
apps/trusted_time_supervisor/main.py	1af199c70cd22328bfdda7580acce308bf6ea3a4ae81f482b9403426a76f1bcf	retire-personal-v1-prerequisite-after-replacement	W1-runtime+W5-operations	G-TIME+G-PROCESS+G-BUILD	lexical-or-native-seed
apps/trusted_time_supervisor/post_enrollment_read_probes.py	de9fdab71f3cb573ba87229108a5fd2edec10984d4a32a18e98fd6ef34edcdaf	retire-personal-v1-prerequisite-after-replacement	W1-runtime+W5-operations	G-TIME+G-PROCESS+G-BUILD	lexical-or-native-seed
apps/trusted_time_supervisor/post_enrollment_release.py	4f53cb7d41f9cf0694eef4936e575182258e61cd1b51e82792d2553791f24b1a	retire-personal-v1-prerequisite-after-replacement	W1-runtime+W5-operations	G-TIME+G-PROCESS+G-BUILD	lexical-or-native-seed
apps/trusted_time_supervisor/post_enrollment_runtime_state.py	921a010e1a7d16e0b51aa5f12f1e643861037a4abda5db673e6f9a9c9e560888	retire-personal-v1-prerequisite-after-replacement	W1-runtime+W5-operations	G-TIME+G-PROCESS+G-BUILD	lexical-or-native-seed
apps/trusted_time_supervisor/post_enrollment_sequence_two_ready.py	61cda72e33da6deeaff56e3f0c59dc887c48daef67cdc5099ceceff529b0ae5a	retire-personal-v1-prerequisite-after-replacement	W1-runtime+W5-operations	G-TIME+G-PROCESS+G-BUILD	lexical-or-native-seed
apps/trusted_time_supervisor/post_enrollment_start.py	09004a7c2dc35a365ded9c32e699c28ba045d68a6186e2e1f912a993d32b333c	retire-personal-v1-prerequisite-after-replacement	W1-runtime+W5-operations	G-TIME+G-PROCESS+G-BUILD	lexical-or-native-seed
apps/worker/main.py	8dc1b586e9c2f4593726bd59825c2ad06bc3f5bedad81e66fc9878c2e004099d	retain-consumer-migrate-time-or-schema-binding-if-needed	W1-runtime+W4-account+W5-operations	G-FIN+G-TIME	reverse-static-import-closure
build_support/build_native_admission_launcher.py	f00c7032284da5d06785f265a13c3209f4fa279f0d71b828e823a9ffa75283b3	retire-personal-v1-prerequisite-after-replacement	W1-runtime+W5-operations	G-TIME+G-PROCESS+G-BUILD	lexical-or-native-seed
build_support/build_native_test_launcher.py	3df9856443020d862da78993466cd7839c689b85f44c7c1daba91cacc279d7d7	retire-personal-v1-prerequisite-after-replacement	W1-runtime+W5-operations	G-TIME+G-PROCESS+G-BUILD	lexical-or-native-seed
build_support/build_trusted_time_v2_candidates.py	15b6ce2ea51728e92a4542905550f0544bbe268b48a4ade1f5fb39f4a485090a	retire-personal-v1-prerequisite-after-replacement	W1-runtime+W5-operations	G-TIME+G-PROCESS+G-BUILD	lexical-or-native-seed
build_support/build_trusted_time_v2_endpoint_test.py	66f136fbcbf337207477ee7b264bc51e11cb9f70775a45a5a9af2507044bbe8a	retire-personal-v1-prerequisite-after-replacement	W1-runtime+W5-operations	G-TIME+G-PROCESS+G-BUILD	lexical-or-native-seed
build_support/build_trusted_time_v2_linked_role_test.py	d8032727defa5e373db6f01b87675a6ada8cd294558a569b6241313fbd04c4e6	retire-personal-v1-prerequisite-after-replacement	W1-runtime+W5-operations	G-TIME+G-PROCESS+G-BUILD	lexical-or-native-seed
build_support/build_trusted_time_v2_profile_test.py	bd7197e9f92635133e7582e4fa045e35ae437aff42ec00838840c9209ed00dc3	retire-personal-v1-prerequisite-after-replacement	W1-runtime+W5-operations	G-TIME+G-PROCESS+G-BUILD	lexical-or-native-seed
build_support/exercise_trusted_time_v2_exact_candidates.py	4d3fe8ec4ce25e802dc0c7ff84c228cc560ee7f16cbcd3895badca13505c959d	retire-personal-v1-prerequisite-after-replacement	W1-runtime+W5-operations	G-TIME+G-PROCESS+G-BUILD	lexical-or-native-seed
build_support/install_native_admission_launcher.py	7e30e28f4277500a72d9519b3b06f8845ba06de87f2b28687f5b673a607a0886	retire-personal-v1-prerequisite-after-replacement	W1-runtime+W5-operations	G-TIME+G-PROCESS+G-BUILD	lexical-or-native-seed
build_support/native_image_manifest.py	cf88bd75700af2599a8685beb507673cf69490b47b76585060548507804b097c	retire-personal-v1-prerequisite-after-replacement	W1-runtime+W5-operations	G-TIME+G-PROCESS+G-BUILD	lexical-or-native-seed
build_support/native_owned_file_descriptor_hook.py	0ce45e4e1c52f992e248bb8efb3bf6dcae40988019eb483dac03d4d41bb349e0	retire-personal-v1-prerequisite-after-replacement	W1-runtime+W5-operations	G-TIME+G-PROCESS+G-BUILD	lexical-or-native-seed
build_support/qualify_trusted_time_v2_candidates.py	63b36ac8b9ca4b0a147e0098d747614ba258e6911af0cc1beb6e45ebb99be064	retire-personal-v1-prerequisite-after-replacement	W1-runtime+W5-operations	G-TIME+G-PROCESS+G-BUILD	lexical-or-native-seed
build_support/smoke_trusted_time_v2_sdist.py	aaa1befe00aa5c87c100e094878ff230ad4f54844cae33c89385765fb4aff66c	retire-personal-v1-prerequisite-after-replacement	W1-runtime+W5-operations	G-TIME+G-PROCESS+G-BUILD	lexical-or-native-seed
build_support/trusted_time_v2_candidate_execution.Dockerfile	721feb4c11c8090fecdb1ec571d771fdb620a0fb196bbf82df8ee20f63dd6b81	retire-personal-v1-prerequisite-after-replacement	W1-runtime+W5-operations	G-TIME+G-PROCESS+G-BUILD	lexical-or-native-seed
build_support/trusted_time_v2_candidate_import_roots/host/autoquant_trusted_time_v2_host_entry.py	38d6ab7188e68a0264e54a2c02ae95d59fd20c41e1bae8c03d896af2de17c507	retire-personal-v1-prerequisite-after-replacement	W1-runtime+W5-operations	G-TIME+G-PROCESS+G-BUILD	lexical-or-native-seed
build_support/trusted_time_v2_candidate_import_roots/recovery/autoquant_trusted_time_v2_recovery_entry.py	52603ec4f339cf763f6abf2f0bc5af301ac91985d48c03dc2362a6dfef4e061a	retire-personal-v1-prerequisite-after-replacement	W1-runtime+W5-operations	G-TIME+G-PROCESS+G-BUILD	lexical-or-native-seed
build_support/trusted_time_v2_candidate_import_roots/supervisor/autoquant_trusted_time_v2_supervisor_entry.py	011d16f44da2256a45d41f2eb31e7de0ac321e5e255299b053d89c91f4f10008	retire-personal-v1-prerequisite-after-replacement	W1-runtime+W5-operations	G-TIME+G-PROCESS+G-BUILD	lexical-or-native-seed
build_support/trusted_time_v2_seccomp_manifests.py	1d638323de09563045d69064cde34b8c0f148b3273bb4860c80d26b3b9cc3cc2	retire-personal-v1-prerequisite-after-replacement	W1-runtime+W5-operations	G-TIME+G-PROCESS+G-BUILD	lexical-or-native-seed
docs/ARCHITECTURE.md	b7aab5a560655277835789e3a63db68d06d9d1a6eef5a9040b848b5c82167d06	history-or-supporting-doc	orchestrator	G-DOC	lexical-or-native-seed
docs/IMPLEMENTATION_PLAN.md	f04690d0272f5aceef7b6192dec589be59f640da4b566657f62d8c9dbdc30d23	history-or-supporting-doc	orchestrator	G-DOC	lexical-or-native-seed
docs/adr/0044-authenticated-alpaca-paper-account-binding.md	7b1484d833f843184c39d718e0ac040447e57dbe6963713db92331906fb0515d	history-or-supporting-doc	orchestrator	G-DOC	lexical-or-native-seed
docs/adr/0045-authenticated-alpaca-paper-asset-binding.md	68f2c17dbc06a6a28d61f2fa81bc54e14d9d3242ceaa991dfdd77d7c2179f43f	history-or-supporting-doc	orchestrator	G-DOC	lexical-or-native-seed
docs/adr/0068-owner-approved-moderate-paper-risk-policy.md	2419b8130e52a5313a36da6de2ac0a4b97337b94fce5caa7079e62125cff4250	history-or-supporting-doc	orchestrator	G-DOC	lexical-or-native-seed
docs/adr/0086-provider-neutral-trusted-time-monitor.md	80f4e0059d5231de972f1de92c66300d8eda921af02185a1f573f786bbd72313	history-or-supporting-doc	orchestrator	G-DOC	lexical-or-native-seed
docs/adr/0088-fail-closed-paper-smoke-deployment-profile.md	1afcc76f5c0307f2475578b60a3f6f62e4849d943d7dedca125fb190437ad5c0	history-or-supporting-doc	orchestrator	G-DOC	lexical-or-native-seed
docs/adr/0089-read-only-paper-account-enrollment-attestation.md	e0002275a76fb6ce9ac4ae424936cc818b7fb285910dc5734d50ae4d4292fdbb	history-or-supporting-doc	orchestrator	G-DOC	lexical-or-native-seed
docs/adr/0090-durable-trusted-time-persistence-and-one-shot-supervision.md	da99e6d6277ab4c5d1eae8e121911d1896a456ded7675937c8d713d8581ca698	history-or-supporting-doc	orchestrator	G-DOC	lexical-or-native-seed
docs/adr/0092-evidence-only-local-chrony-nts-trusted-time-supervision.md	429ed970c2a5c75aeec8b508fba7655afe1bf37cd2e496c41c4c3235a5c25086	history-or-supporting-doc	orchestrator	G-DOC	lexical-or-native-seed
docs/adr/0093-system76-virginia-nts-authority-rotation.md	0eb4bafc5b54509f55d747dd8e876c43397937c95d4f4ea32ded248b044a844b	history-or-supporting-doc	orchestrator	G-DOC	lexical-or-native-seed
docs/adr/0094-separate-supabase-signed-sparse-trusted-time-head-checkpoints.md	a3796d801b084c3a843334df9fb6f3fdd7ec7ec0f92ba30f3f9f8766c9349d14	history-or-supporting-doc	orchestrator	G-DOC	lexical-or-native-seed
docs/adr/0095-dormant-provider-neutral-trusted-head-watchdog-state.md	bcf551461ede103a288d990d4d072732be975eb8ff0aeef0b18a30444d2237f4	history-or-supporting-doc	orchestrator	G-DOC	lexical-or-native-seed
docs/adr/0096-etrade-live-broker-and-sandbox-qualification.md	c77c84a48f79efe3d55708e4516a5e78afbec89b64f2ab73f31915c59b0f6233	history-or-supporting-doc	orchestrator	G-DOC	lexical-or-native-seed
docs/adr/0097-approval-bound-first-trusted-time-enrollment.md	ca0668d76c7b2644a0c5892c7245c375cd60b1423f3d98fab6ab42c582d385c6	history-or-supporting-doc	orchestrator	G-DOC	lexical-or-native-seed
docs/adr/0098-canonical-post-enrollment-start-evidence-review.md	a41407e43268444601c83c0a2c8ac5d9f850853604db5fb0f1844a51011941dc	history-or-supporting-doc	orchestrator	G-DOC	lexical-or-native-seed
docs/adr/0099-approval-bound-post-enrollment-start-and-graceful-stop.md	bf05a39690dd49f6e51e30e9bbd36578a07507aa69f68c78b2c8763b811dbb0b	history-or-supporting-doc	orchestrator	G-DOC	lexical-or-native-seed
docs/adr/0100-post-enrollment-operator-public-key-provisioning.md	386f2f5f76b0d1d0d248da6e7047de79e5ba18eb9ea9687b5f9ec0d9521bf24e	history-or-supporting-doc	orchestrator	G-DOC	lexical-or-native-seed
docs/adr/0101-inert-post-enrollment-operator-attestation-verification.md	46baa0c39034c048f39fde6fda764fc926aa40d28b3d46fedd459a891c52c749	history-or-supporting-doc	orchestrator	G-DOC	lexical-or-native-seed
docs/adr/0102-offline-post-enrollment-operator-attestation-artifacts.md	6e84d2efc2f3f455ab4b6ec1259788b62b91abeb4889c7152fdf91c76ff3e18e	history-or-supporting-doc	orchestrator	G-DOC	lexical-or-native-seed
docs/adr/0103-atomic-operator-attested-post-enrollment-execution-admission.md	26e9a2cd001fd14dd776411d96cb786010886366a8c61c1bf6a542ce4679f476	history-or-supporting-doc	orchestrator	G-DOC	lexical-or-native-seed
docs/adr/0104-durable-non-authorizing-post-enrollment-graceful-stop-targeting.md	0b0de3dc1e67d22d7555808a0b112c23f8fb780a36ada0a4740cd9c4dc73049c	history-or-supporting-doc	orchestrator	G-DOC	lexical-or-native-seed
docs/adr/0105-inert-post-enrollment-graceful-stop-operator-attestation.md	38148a6ec703fce9850be70855c6a1e91b52c550979f9e7e01e0b255b8b413a0	history-or-supporting-doc	orchestrator	G-DOC	lexical-or-native-seed
docs/adr/0106-authenticated-historical-start-chain-graceful-stop-decision-candidate.md	53e48b2d0ef3c51debe2cff043359898b19637c691f9a2f17d03162749af0606	history-or-supporting-doc	orchestrator	G-DOC	lexical-or-native-seed
docs/adr/0107-fail-closed-clean-stop-completion-invariant.md	c6ba9688883647a5dad6a166e1f82d5e5e043cd9633467dfd62afbd909d2c1cb	history-or-supporting-doc	orchestrator	G-DOC	lexical-or-native-seed
docs/adr/0108-sealed-new-record-clean-stop-terminal-result.md	e6cc7a935c5837e29913838a4476bc760936f1d62102b1892250a4bc59a6a47c	history-or-supporting-doc	orchestrator	G-DOC	lexical-or-native-seed
docs/adr/0109-code-only-clean-stop-terminal-reauthentication.md	75b42f54917fa247cfce568c546cfa2dc4bc9eeca308a6e7cb97d96d9f7752e4	history-or-supporting-doc	orchestrator	G-DOC	lexical-or-native-seed
docs/adr/0110-dormant-durable-graceful-stop-lifecycle-repository.md	d47c4abdbffcbb5219819b00728fc4db60be208f1a147de0f4e0d3abdacbb1f7	history-or-supporting-doc	orchestrator	G-DOC	lexical-or-native-seed
docs/adr/0111-dormant-operation-bound-clean-stop-supervisor-bridge.md	71e26a758ea2e69210d1b11a5629c995a82594d034eee9b0edce9c4afcdabc21	history-or-supporting-doc	orchestrator	G-DOC	lexical-or-native-seed
docs/adr/0112-durable-graceful-stop-decision-artifact-receipt-reauthentication.md	37942528b2534bd144ef6c29594bdd59a29a3eea1198dd9844931d4e6c473b3a	history-or-supporting-doc	orchestrator	G-DOC	lexical-or-native-seed
docs/adr/0116-fail-closed-replay-safe-graceful-stop-composition-ordering.md	9a28cca78a26f941e93c7c16f388d9454f673e7e101fa5d5d477551860b3d100	history-or-supporting-doc	orchestrator	G-DOC	lexical-or-native-seed
docs/adr/0118-pure-etrade-oauth1-signing-and-supervised-session.md	c8d0a31ee4866cbd63fa84f38cf96c7c435de8d3cb4d7af311810125da4c265a	history-or-supporting-doc	orchestrator	G-DOC	lexical-or-native-seed
docs/adr/0120-durable-etrade-oauth-replay-session-head.md	9f3e31eae79f550c35ed703fa912e7eda08db6447fd031368c16d57326be2f94	history-or-supporting-doc	orchestrator	G-DOC	lexical-or-native-seed
docs/adr/0121-trusted-time-graceful-stop-lifecycle-v2-implementation-resolution.md	922197a9696abc091633cc9ff6f325a15cf41dcc88d82075dbb7a0ad5f0164bb	history-or-supporting-doc	orchestrator	G-DOC	lexical-or-native-seed
docs/adr/0124-trusted-time-lifecycle-v2-milestone-one.md	2c4d8abd794cf19142d45e822f68cb3c466ff8d99c9dabbf69824a62e1a8173d	history-or-supporting-doc	orchestrator	G-DOC	lexical-or-native-seed
docs/adr/0125-complete-injected-trusted-time-lifecycle-v2-milestone-one.md	3ace15815081900bbbb4e7ccaec74475a1d99a79acf0b25ee8c770d330efa007	history-or-supporting-doc	orchestrator	G-DOC	lexical-or-native-seed
docs/adr/0126-native-trusted-time-lifecycle-v2-milestone-two-owner-foundation.md	96f11b2a2d6945481d7f6b2f7e0e4a1bce315addeab76458246611bcbd2706ad	history-or-supporting-doc	orchestrator	G-DOC	lexical-or-native-seed
docs/adr/README.md	a1cc42006f2994d3df09a1b3461523a6f0edad4c0779abfc857c6b62c999f27f	history-or-supporting-doc	orchestrator	G-DOC	lexical-or-native-seed
docs/adr/evidence/0092-source-authority-v1.json	356723c84e30478f18ad99f3cfef2ee65b3bdd3fc26936a7d5c9910fd1bcb3ab	history-or-supporting-doc	orchestrator	G-DOC	lexical-or-native-seed
docs/runbooks/README.md	2ecf16bb90203878d224cd22c458d2a8f153b598105c6a0842579c769a68366c	history-or-supporting-doc	orchestrator	G-DOC	lexical-or-native-seed
docs/runbooks/paper-smoke-deployment.md	72baa3f17a9dab6cd45552b0a7a157828b621159d2e3d965d3d5f3151ad8c80d	history-or-supporting-doc	orchestrator	G-DOC	lexical-or-native-seed
docs/runbooks/trusted-time-supervisor.md	754c2e0d6b92877f05a14675f34003764387a90033fde3440034713ead7cd63a	history-or-supporting-doc	orchestrator	G-DOC	lexical-or-native-seed
infra/architecture-boundaries.toml	061f2893d22d1955b740af7a6262612af3cafc8dfda1f6c39a549dc98ad06276	serialize-build-config-architecture-cutover	orchestrator+W1-runtime	G-BUILD+G-TEST	lexical-or-native-seed
infra/compose/trusted-time.compose.yaml	20e606dc964d21e979183ba16b172832b5219c76a157b3ce5d649abd98eb75a1	retire-personal-v1-prerequisite-after-replacement	W1-runtime+W5-operations	G-TIME+G-PROCESS+G-BUILD	lexical-or-native-seed
infra/compose/trusted-time.defaults.env	8af278df8e466f898239424770a2f8a66a8c4713735eb521d8fb62e4d1e2bc82	retire-personal-v1-prerequisite-after-replacement	W1-runtime+W5-operations	G-TIME+G-PROCESS+G-BUILD	lexical-or-native-seed
infra/docker/trusted-time.Dockerfile	02dd5132e0c0a4ada03c08ee6b5e57c333a7714ce6000584d43d399ba0c05756	retire-personal-v1-prerequisite-after-replacement	W1-runtime+W5-operations	G-TIME+G-PROCESS+G-BUILD	lexical-or-native-seed
infra/docker/trusted-time.Dockerfile.dockerignore	248387fa9e91a06e8b617e997426eb745e145cc5077d2bc8ed9bc358071b81d9	retire-personal-v1-prerequisite-after-replacement	W1-runtime+W5-operations	G-TIME+G-PROCESS+G-BUILD	lexical-or-native-seed
infra/trusted-time/chrony.conf	5b59d843624fa3b1a923804e44df96a7fbce3848380bf0d5a4b888072310fa23	retire-personal-v1-prerequisite-after-replacement	W1-runtime+W5-operations	G-TIME+G-PROCESS+G-BUILD	lexical-or-native-seed
infra/trusted-time/graceful-stop-v2/seccomp/host.json	2c49e1e1c9851a295b8c4db57e9ccb1984e36040a89cb7cc3ed37f42fec92246	retire-personal-v1-prerequisite-after-replacement	W1-runtime+W5-operations	G-TIME+G-PROCESS+G-BUILD	lexical-or-native-seed
infra/trusted-time/graceful-stop-v2/seccomp/provisioner.json	e28d411caba82975334853de5bc08a2f9a855a76dee33f01273963c975c85266	retire-personal-v1-prerequisite-after-replacement	W1-runtime+W5-operations	G-TIME+G-PROCESS+G-BUILD	lexical-or-native-seed
infra/trusted-time/graceful-stop-v2/seccomp/recovery.json	597c2b935c1c68e16f678871b058c7665f42a24b01825383152d2da95185e70c	retire-personal-v1-prerequisite-after-replacement	W1-runtime+W5-operations	G-TIME+G-PROCESS+G-BUILD	lexical-or-native-seed
infra/trusted-time/graceful-stop-v2/seccomp/supervisor.json	7fe8fdf146046025bc8ad84249fade89e23ed21163d9e588dc7968053a61a965	retire-personal-v1-prerequisite-after-replacement	W1-runtime+W5-operations	G-TIME+G-PROCESS+G-BUILD	lexical-or-native-seed
infra/trusted-time/graceful-stop-v2/systemd/autoquant-trusted-time-graceful-stop-v2-host-provision.service	7f5adf8b294b418c1492eb84044eaa4230bd74708554a3009bae9cd2db6a96f0	retire-personal-v1-prerequisite-after-replacement	W1-runtime+W5-operations	G-TIME+G-PROCESS+G-BUILD	lexical-or-native-seed
infra/trusted-time/graceful-stop-v2/systemd/autoquant-trusted-time-graceful-stop-v2-host.service	7f84bdd03d8e80e571f06d02fc91b427864c0647d522e2887f99c6ffc0c3fcd1	retire-personal-v1-prerequisite-after-replacement	W1-runtime+W5-operations	G-TIME+G-PROCESS+G-BUILD	lexical-or-native-seed
infra/trusted-time/graceful-stop-v2/systemd/autoquant-trusted-time-graceful-stop-v2-recovery-provision.service	e8e02dfbdded2cdacea71d0d2205a7b43fd38ae07c27acad86dad0ae850f7093	retire-personal-v1-prerequisite-after-replacement	W1-runtime+W5-operations	G-TIME+G-PROCESS+G-BUILD	lexical-or-native-seed
infra/trusted-time/graceful-stop-v2/systemd/autoquant-trusted-time-graceful-stop-v2-recovery.service	90aeb875aaea0d690011dd44f150c9500928d04166d95b7399baad48f24fb9d8	retire-personal-v1-prerequisite-after-replacement	W1-runtime+W5-operations	G-TIME+G-PROCESS+G-BUILD	lexical-or-native-seed
infra/trusted-time/graceful-stop-v2/systemd/autoquant-trusted-time-graceful-stop-v2-supervisor-provision.service	3d5accb7fefee1a3aafa6eaba3f0fca970ce9a6bdb5cd3a030e3f8662f5646f9	retire-personal-v1-prerequisite-after-replacement	W1-runtime+W5-operations	G-TIME+G-PROCESS+G-BUILD	lexical-or-native-seed
infra/trusted-time/graceful-stop-v2/systemd/autoquant-trusted-time-graceful-stop-v2-supervisor.service	716c0acf326ba0a07e9eac84041d3b80ddcdf83c4438715121ebfc366b9eafc6	retire-personal-v1-prerequisite-after-replacement	W1-runtime+W5-operations	G-TIME+G-PROCESS+G-BUILD	lexical-or-native-seed
infra/trusted-time/graceful-stop-v2/systemd/run-autoquant-trusted\x2dtime-graceful\x2dstop\x2dv2-host\x2dsecrets.mount	0fd219ec43c6dd68eec70e1c3ff6066f18661e800d405731326aa0942ce08ecd	retire-personal-v1-prerequisite-after-replacement	W1-runtime+W5-operations	G-TIME+G-PROCESS+G-BUILD	lexical-or-native-seed
infra/trusted-time/graceful-stop-v2/systemd/run-autoquant-trusted\x2dtime-graceful\x2dstop\x2dv2-recovery\x2dsecrets.mount	b58614a9fc175f24f0503f19d8e0ad73ca56cef09f5ac69e4b2ca60e66c1b6fd	retire-personal-v1-prerequisite-after-replacement	W1-runtime+W5-operations	G-TIME+G-PROCESS+G-BUILD	lexical-or-native-seed
infra/trusted-time/graceful-stop-v2/systemd/run-autoquant-trusted\x2dtime-graceful\x2dstop\x2dv2-supervisor\x2dsecrets.mount	374194dc36000573bb98a897811b0c238375c46100767ce3ede5b00d044e9a6d	retire-personal-v1-prerequisite-after-replacement	W1-runtime+W5-operations	G-TIME+G-PROCESS+G-BUILD	lexical-or-native-seed
infra/trusted-time/graceful-stop-v2/systemd/run-autoquant-trusted\x2dtime-graceful\x2dstop\x2dv2-transport.mount	34a419c7614574186f4b4419c1cf42a75015a0d85378d1d4e4c33f4b7ad4fd18	retire-personal-v1-prerequisite-after-replacement	W1-runtime+W5-operations	G-TIME+G-PROCESS+G-BUILD	lexical-or-native-seed
infra/trusted-time/source-authority.json	9b514dc25b0cd084aedf1841b305260f22b070b70e396defc9ecce2f9545506c	retire-personal-v1-prerequisite-after-replacement	W1-runtime+W5-operations	G-TIME+G-PROCESS+G-BUILD	lexical-or-native-seed
migrations/env.py	37881ff3d8e5a133a5d9542cc4f53957ac8903a85e7c1b2830d1cf7806bb9c79	preserve-historical-schema	orchestrator	G-DB	reverse-static-import-closure
migrations/versions/0034_phase6_trusted_time.py	f7bb19912beb1326e2d1145fe5ac781741f46c02a9783b458312077ad4b60897	preserve-historical-schema	orchestrator	G-DB	lexical-or-native-seed
migrations/versions/0035_phase6_trusted_time_uncertainty.py	2e06332674859670d0e1b3237a3551f7ad91dc78956c06aaff33524ac8909545	preserve-historical-schema	orchestrator	G-DB	lexical-or-native-seed
migrations/versions/0036_phase6_trusted_time_head_anchors.py	9928c457f2593c7b3b4d6f3520eec716bb63375edb1dba3226d44d88cddcdda4	preserve-historical-schema	orchestrator	G-DB	lexical-or-native-seed
native/bounded_process.c	be08d5c95a2a5ce6aa9b06a4434c09473ee74ad941a417b8022885a7ef1f5cbd	retire-personal-v1-prerequisite-after-replacement	W1-runtime+W5-operations	G-TIME+G-PROCESS+G-BUILD	lexical-or-native-seed
native/owned_file_descriptor.c	adc6312bc4ff313e22888f4601804f43bd1ca9ea18a72b1e6a6a329c61d59865	retire-personal-v1-prerequisite-after-replacement	W1-runtime+W5-operations	G-TIME+G-PROCESS+G-BUILD	lexical-or-native-seed
native/trusted_time_graceful_stop_v2_endpoint.c	8347445c546ddcdadbb5545594514e7b94a7c4dbe52dac322be926399bca96b2	retire-personal-v1-prerequisite-after-replacement	W1-runtime+W5-operations	G-TIME+G-PROCESS+G-BUILD	lexical-or-native-seed
native/trusted_time_graceful_stop_v2_endpoint.h	15b026ac776bc10b534e56822f248e293d6a64df2c1902d31a2fbaf3d25769a1	retire-personal-v1-prerequisite-after-replacement	W1-runtime+W5-operations	G-TIME+G-PROCESS+G-BUILD	lexical-or-native-seed
native/trusted_time_graceful_stop_v2_resources.c	fe6fb98b904d02f8f8113ecb2926af45fbea8b756db30244e849f1f9ed7198a3	retire-personal-v1-prerequisite-after-replacement	W1-runtime+W5-operations	G-TIME+G-PROCESS+G-BUILD	lexical-or-native-seed
native/trusted_time_graceful_stop_v2_resources.h	9b4552f311cd8a45476e3dde80b204bd7906259580f8c3f32b523a1eb347c53d	retire-personal-v1-prerequisite-after-replacement	W1-runtime+W5-operations	G-TIME+G-PROCESS+G-BUILD	lexical-or-native-seed
native/trusted_time_graceful_stop_v2_signer.c	4cca6bed3f027196017e82ede530863401cb13a87e3b6cb4b157c8fa23df1bf6	retire-personal-v1-prerequisite-after-replacement	W1-runtime+W5-operations	G-TIME+G-PROCESS+G-BUILD	lexical-or-native-seed
native/trusted_time_graceful_stop_v2_signer.h	f6e517ab896ee98ff6d4754e7d9b8484f2ad9d014045422bc1d9842df8df1cec	retire-personal-v1-prerequisite-after-replacement	W1-runtime+W5-operations	G-TIME+G-PROCESS+G-BUILD	lexical-or-native-seed
native/trusted_time_python_launcher.c	8f21c008571b4ed04166ae120cea9be2da73955c891a7c026833779dca3381f8	retire-personal-v1-prerequisite-after-replacement	W1-runtime+W5-operations	G-TIME+G-PROCESS+G-BUILD	lexical-or-native-seed
native/trusted_time_v2_authority.c	80552833f322ad783cd629d39e63c8e89b2d767158a5e0b024ec77bd32226eca	retire-personal-v1-prerequisite-after-replacement	W1-runtime+W5-operations	G-TIME+G-PROCESS+G-BUILD	lexical-or-native-seed
native/trusted_time_v2_authority.h	26bfc57d2d15b39be7f989ad962fb91ff232d5113ce31c5ad8fad9c4ae0d95b9	retire-personal-v1-prerequisite-after-replacement	W1-runtime+W5-operations	G-TIME+G-PROCESS+G-BUILD	lexical-or-native-seed
native/trusted_time_v2_descriptor_baseline.c	e18087251283c64b3bd37f87f2c986b2d3732622d03a0ac714175f330bfba38e	retire-personal-v1-prerequisite-after-replacement	W1-runtime+W5-operations	G-TIME+G-PROCESS+G-BUILD	lexical-or-native-seed
native/trusted_time_v2_descriptor_baseline.h	983797ec1dd8db5281cc06867968fce669f8ceec61f08d6c0eb98c7e47c5bde5	retire-personal-v1-prerequisite-after-replacement	W1-runtime+W5-operations	G-TIME+G-PROCESS+G-BUILD	lexical-or-native-seed
native/trusted_time_v2_fork_guard.c	2e8481f55d18fa09174923270310105ae06dbcfa8ca26b9bf34c4c67dd266a87	retire-personal-v1-prerequisite-after-replacement	W1-runtime+W5-operations	G-TIME+G-PROCESS+G-BUILD	lexical-or-native-seed
native/trusted_time_v2_fork_guard.h	96140e98f6664197179c88d3bdba836d642f0919646e7872d3d9c0cbaa87b075	retire-personal-v1-prerequisite-after-replacement	W1-runtime+W5-operations	G-TIME+G-PROCESS+G-BUILD	lexical-or-native-seed
native/trusted_time_v2_provisioner.c	768687749c57ea7b62a5e3fb63351aea372ead19e63090ce268a650fa009a9f5	retire-personal-v1-prerequisite-after-replacement	W1-runtime+W5-operations	G-TIME+G-PROCESS+G-BUILD	lexical-or-native-seed
native/trusted_time_v2_provisioner.h	6c3c312ddb1404fde16f165025f8ebb1a934de2ed34b14755ce35877f834b954	retire-personal-v1-prerequisite-after-replacement	W1-runtime+W5-operations	G-TIME+G-PROCESS+G-BUILD	lexical-or-native-seed
native/trusted_time_v2_role_launcher.c	0585fa148672ca21d0fc220d5027b6dc2e6de30c672fe2d415181555471acd0f	retire-personal-v1-prerequisite-after-replacement	W1-runtime+W5-operations	G-TIME+G-PROCESS+G-BUILD	lexical-or-native-seed
native/trusted_time_v2_role_launcher.h	041dab1c541519709f4d7896e930a77268d3e392e058c79f4c64571983f43cac	retire-personal-v1-prerequisite-after-replacement	W1-runtime+W5-operations	G-TIME+G-PROCESS+G-BUILD	lexical-or-native-seed
native/trusted_time_v2_seccomp.c	6b844bb8fcea31235b2ea3eeaf4626924019c388e1472a75b401130f2ef95875	retire-personal-v1-prerequisite-after-replacement	W1-runtime+W5-operations	G-TIME+G-PROCESS+G-BUILD	lexical-or-native-seed
native/trusted_time_v2_seccomp.h	1490c4b9f93f388a1f0fd47c63264f83ab4b7e4064a79808e7610b324f119b76	retire-personal-v1-prerequisite-after-replacement	W1-runtime+W5-operations	G-TIME+G-PROCESS+G-BUILD	lexical-or-native-seed
native/trusted_time_v2_secret_mount_admission.c	b3b76c7551aac1eb7329020de89d5b2ef6bde7af4f9cd6bb04ce2a9ce0a8268f	retire-personal-v1-prerequisite-after-replacement	W1-runtime+W5-operations	G-TIME+G-PROCESS+G-BUILD	lexical-or-native-seed
native/trusted_time_v2_secret_mount_admission.h	be40f88e8535bd6f0c26da19378059ad444e7b53ec20fe184e021d829dda8d8b	retire-personal-v1-prerequisite-after-replacement	W1-runtime+W5-operations	G-TIME+G-PROCESS+G-BUILD	lexical-or-native-seed
packages/adapters/broker/__init__.py	cd46b264f0c9d97a9601a07b54c2e6080f613ddaccdb889f754b9202296d0d04	retain-consumer-migrate-time-or-schema-binding-if-needed	W1-runtime+W4-account+W5-operations	G-FIN+G-TIME	lexical-or-native-seed
packages/adapters/broker/alpaca_paper.py	fb2429e1afb859485d2bc3466126813536a739263bd33225139032e3230f54d9	retain-consumer-migrate-time-or-schema-binding-if-needed	W1-runtime+W4-account+W5-operations	G-FIN+G-TIME	reverse-static-import-closure
packages/adapters/broker/alpaca_paper_account_activities.py	124e1affba0a1eea02ec9b007124a657e877801a8fe4970c94daf9fcf02e6b89	retain-consumer-migrate-time-or-schema-binding-if-needed	W1-runtime+W4-account+W5-operations	G-FIN+G-TIME	reverse-static-import-closure
packages/adapters/broker/alpaca_paper_account_activity_comparison.py	9433e61690178bcf4b3ee059892a92ea2412ba74642d7d0d8e457c83a73b4b3b	retain-consumer-migrate-time-or-schema-binding-if-needed	W1-runtime+W4-account+W5-operations	G-FIN+G-TIME	reverse-static-import-closure
packages/adapters/broker/alpaca_paper_account_activity_runtime.py	deb0edb423cbdeca793627ee4013e950243da4ad8c6c7f0638a0883662e9b47d	retain-consumer-migrate-time-or-schema-binding-if-needed	W1-runtime+W4-account+W5-operations	G-FIN+G-TIME	reverse-static-import-closure
packages/adapters/broker/alpaca_paper_account_assets.py	60e725a34fb25d929eb1c825b58ecb334df5d6170f96e6119af64720263732c5	retain-consumer-migrate-time-or-schema-binding-if-needed	W1-runtime+W4-account+W5-operations	G-FIN+G-TIME	reverse-static-import-closure
packages/adapters/broker/alpaca_paper_account_runtime.py	25042852bbbe4b7c01bdc7a9cd7c91019131f913284075779faaf67deb974331	retain-consumer-migrate-time-or-schema-binding-if-needed	W1-runtime+W4-account+W5-operations	G-FIN+G-TIME	lexical-or-native-seed
packages/adapters/broker/alpaca_paper_asset_runtime.py	26b999491c8ac99918e715c9fd95784e656ff4e91b8798e54827ce98c0782ec7	retain-consumer-migrate-time-or-schema-binding-if-needed	W1-runtime+W4-account+W5-operations	G-FIN+G-TIME	lexical-or-native-seed
packages/adapters/broker/alpaca_paper_budget.py	546010bea34545712ba368dc7ba8c587ae3f9bb9dccd8ae822385f8e640cba88	retain-consumer-migrate-time-or-schema-binding-if-needed	W1-runtime+W4-account+W5-operations	G-FIN+G-TIME	reverse-static-import-closure
packages/adapters/broker/alpaca_paper_inbox.py	5621e0bf1a56092fd060af8e7f34fbb2e7cb1231596420f1dc404c06ecc10814	retain-consumer-migrate-time-or-schema-binding-if-needed	W1-runtime+W4-account+W5-operations	G-FIN+G-TIME	reverse-static-import-closure
packages/adapters/broker/alpaca_paper_ingress.py	68090295bc1201a32e00c3490b07832073263eb23dbf3fb4db8ad7c5240bc121	retain-consumer-migrate-time-or-schema-binding-if-needed	W1-runtime+W4-account+W5-operations	G-FIN+G-TIME	reverse-static-import-closure
packages/adapters/broker/alpaca_paper_lookup_runtime.py	f034f026b63d7b95f8e66f4f01291bf130d0aeb01f822fd4a65a08939b3d4359	retain-consumer-migrate-time-or-schema-binding-if-needed	W1-runtime+W4-account+W5-operations	G-FIN+G-TIME	lexical-or-native-seed
packages/adapters/broker/alpaca_paper_observations.py	4324fd880b0e5ed641bf4ca213a6062a7e9aece296360d843b8a90bb3ff37460	retain-consumer-migrate-time-or-schema-binding-if-needed	W1-runtime+W4-account+W5-operations	G-FIN+G-TIME	reverse-static-import-closure
packages/adapters/broker/alpaca_paper_order_snapshot_comparison.py	8bfb87ced263a990565a8cba00d3de251eaeda49e6a57ca5c9b543ec8b6bce6a	retain-consumer-migrate-time-or-schema-binding-if-needed	W1-runtime+W4-account+W5-operations	G-FIN+G-TIME	reverse-static-import-closure
packages/adapters/broker/alpaca_paper_order_snapshot_runtime.py	3b2b465f2751ad6826e4def68ba0e0965bc6a89611e2f6573e6a33332323501e	retain-consumer-migrate-time-or-schema-binding-if-needed	W1-runtime+W4-account+W5-operations	G-FIN+G-TIME	reverse-static-import-closure
packages/adapters/broker/alpaca_paper_order_snapshots.py	a7bae94bb0e456dd2f540d90652db6794cb688b1a8e25451396ac46223e7fe25	retain-consumer-migrate-time-or-schema-binding-if-needed	W1-runtime+W4-account+W5-operations	G-FIN+G-TIME	reverse-static-import-closure
packages/adapters/broker/alpaca_paper_position_snapshot_comparison.py	1e658a6eca0f81c2e42b4138bf80731aa5fabd86742084779c79605dc4be0c87	retain-consumer-migrate-time-or-schema-binding-if-needed	W1-runtime+W4-account+W5-operations	G-FIN+G-TIME	reverse-static-import-closure
packages/adapters/broker/alpaca_paper_position_snapshot_runtime.py	440e58f09a81582941befadb6b98855db201126f9b295528dbca64271327b2c5	retain-consumer-migrate-time-or-schema-binding-if-needed	W1-runtime+W4-account+W5-operations	G-FIN+G-TIME	reverse-static-import-closure
packages/adapters/broker/alpaca_paper_positions.py	72647f66d2b7c025302c8463ccb8bcabfcd4062be8cc451b5d82b3d1d4243328	retain-consumer-migrate-time-or-schema-binding-if-needed	W1-runtime+W4-account+W5-operations	G-FIN+G-TIME	reverse-static-import-closure
packages/adapters/broker/alpaca_paper_preflight.py	abbf43743f79e9d3733be60602b8073ab58b7c308bcee8b645cc6bb9b1a3a30c	retain-consumer-migrate-time-or-schema-binding-if-needed	W1-runtime+W4-account+W5-operations	G-FIN+G-TIME	reverse-static-import-closure
packages/adapters/broker/alpaca_paper_reconciliation.py	577c78ec8f09d9d531fcae1bbb01847b9d5ebe53a3af006a6f79eee0c6716f3d	retain-consumer-migrate-time-or-schema-binding-if-needed	W1-runtime+W4-account+W5-operations	G-FIN+G-TIME	reverse-static-import-closure
packages/adapters/broker/etrade_oauth.py	87c8b30219f29f45cfd9b5060daa2332679f08cfcdebd2fe3feabee84f1c9a33	retain-consumer-migrate-time-or-schema-binding-if-needed	W1-runtime+W4-account+W5-operations	G-FIN+G-TIME	lexical-or-native-seed
packages/adapters/trusted_time/__init__.py	bd6aca84473b5fb0633dc93c58a67b30eebd8be0538fc2a8481ff15c066c8b53	retire-personal-v1-prerequisite-after-replacement	W1-runtime+W5-operations	G-TIME+G-PROCESS+G-BUILD	lexical-or-native-seed
packages/adapters/trusted_time/_bounded_process.py	0bdf6cda1f0ab75d08df768d0d75bb40f2c8ef0cb490d09a18d843fb96a2a006	retire-personal-v1-prerequisite-after-replacement	W1-runtime+W5-operations	G-TIME+G-PROCESS+G-BUILD	lexical-or-native-seed
packages/adapters/trusted_time/_lifecycle_v2_artifact_store.py	e5912f439bfc82186f21239d8e48620afe19a383435ac7eb27326eff251dc3fd	retire-personal-v1-prerequisite-after-replacement	W1-runtime+W5-operations	G-TIME+G-PROCESS+G-BUILD	lexical-or-native-seed
packages/adapters/trusted_time/_owned_file_descriptor.py	df55443464eaf448be1677cafadff601e73e0c4890b6702250e386affe420ed2	retire-personal-v1-prerequisite-after-replacement	W1-runtime+W5-operations	G-TIME+G-PROCESS+G-BUILD	lexical-or-native-seed
packages/adapters/trusted_time/chrony_nts.py	b21c796af282fb7ed918b7756256a4264732b95cec4429498ec7b0330a45732e	retire-personal-v1-prerequisite-after-replacement	W1-runtime+W5-operations	G-TIME+G-PROCESS+G-BUILD	lexical-or-native-seed
packages/adapters/trusted_time/ed25519_anchor.py	a2bc6875e2c615c1a828c9becef855d51e613380b1b06752d9d0941d26046c24	retire-personal-v1-prerequisite-after-replacement	W1-runtime+W5-operations	G-TIME+G-PROCESS+G-BUILD	lexical-or-native-seed
packages/adapters/trusted_time/ed25519_graceful_stop_operator_attestation.py	06f9c0d8962bfe401f4e72ba8066bd374af15a28d1df59820889145faec60c42	retire-personal-v1-prerequisite-after-replacement	W1-runtime+W5-operations	G-TIME+G-PROCESS+G-BUILD	lexical-or-native-seed
packages/adapters/trusted_time/ed25519_operator_attestation.py	82e329858c670fc23bf1bb8a651ab49839649d893b0d265277a95ec6a129e47e	retire-personal-v1-prerequisite-after-replacement	W1-runtime+W5-operations	G-TIME+G-PROCESS+G-BUILD	lexical-or-native-seed
packages/adapters/trusted_time/graceful_stop_v2_ed25519.py	c79357ddcb8bc588367b06990e5739fffea5e16e8e1828597312b11709ab1509	retire-personal-v1-prerequisite-after-replacement	W1-runtime+W5-operations	G-TIME+G-PROCESS+G-BUILD	lexical-or-native-seed
packages/adapters/trusted_time/graceful_stop_v2_reauthentication.py	b2f233aed0e07f1105d34bf4fc85b74d90b4d38128987b2df987d44910a36890	retire-personal-v1-prerequisite-after-replacement	W1-runtime+W5-operations	G-TIME+G-PROCESS+G-BUILD	lexical-or-native-seed
packages/adapters/trusted_time/supabase_storage_anchor.py	98ad782e7e2974f7f2fba98daa4c9930ab4cc83c6bd0e486c740960698cbaba1	retire-personal-v1-prerequisite-after-replacement	W1-runtime+W5-operations	G-TIME+G-PROCESS+G-BUILD	lexical-or-native-seed
packages/application/alpaca_paper_account_activity_comparison.py	37a8e6cf0b533f106538fbf62a7099ef8d2182ee9929b3182c46ac9709fdc6a1	retain-consumer-migrate-time-or-schema-binding-if-needed	W1-runtime+W4-account+W5-operations	G-FIN+G-TIME	reverse-static-import-closure
packages/application/alpaca_paper_account_activity_supervisor.py	c95bde4e5522c848e3e0ae30eeb3f1e8fcac7a7655a556daba565a69db12b463	retain-consumer-migrate-time-or-schema-binding-if-needed	W1-runtime+W4-account+W5-operations	G-FIN+G-TIME	reverse-static-import-closure
packages/application/alpaca_paper_order_snapshot_comparison.py	8e9a41773e533a86d59fa30a3d52405d187855242dc5db3135761bc769f3f5c2	retain-consumer-migrate-time-or-schema-binding-if-needed	W1-runtime+W4-account+W5-operations	G-FIN+G-TIME	reverse-static-import-closure
packages/application/alpaca_paper_order_view_runtime.py	b1d3687cc706e3f3a645e14c8ac0e1a76f752420d42ffc96358a49cd4d929118	retain-consumer-migrate-time-or-schema-binding-if-needed	W1-runtime+W4-account+W5-operations	G-FIN+G-TIME	reverse-static-import-closure
packages/application/alpaca_paper_order_view_supervisor.py	e17747942debc9d480f25a64caa5222bea70274ff344282904969992aefa6e94	retain-consumer-migrate-time-or-schema-binding-if-needed	W1-runtime+W4-account+W5-operations	G-FIN+G-TIME	reverse-static-import-closure
packages/application/alpaca_paper_order_view_transition.py	d2d5e2f253e213f81ae30303dcb185386ce7f24df16e7cc69d2f18e9b1882cc5	retain-consumer-migrate-time-or-schema-binding-if-needed	W1-runtime+W4-account+W5-operations	G-FIN+G-TIME	reverse-static-import-closure
packages/application/alpaca_paper_position_snapshot_comparison.py	c88c5cf2e0f580f2319c6fe979de0e3415d90ce940461441ff9b4b346d20dfde	retain-consumer-migrate-time-or-schema-binding-if-needed	W1-runtime+W4-account+W5-operations	G-FIN+G-TIME	reverse-static-import-closure
packages/application/alpaca_paper_position_view_runtime.py	430f940be9791ceacdcc9c8e42d2069de9d9749ccd8ded22b18d7bc0798e8163	retain-consumer-migrate-time-or-schema-binding-if-needed	W1-runtime+W4-account+W5-operations	G-FIN+G-TIME	reverse-static-import-closure
packages/application/alpaca_paper_position_view_supervisor.py	56960bf5c6268efeb43c571ba5d08ba23b653b645cb60cbdc69a9bec6057a283	retain-consumer-migrate-time-or-schema-binding-if-needed	W1-runtime+W4-account+W5-operations	G-FIN+G-TIME	reverse-static-import-closure
packages/application/alpaca_paper_position_view_transition.py	4103444a86c1721e79a59c3984f28b2394883c93bced130fb0dc0fc19056ab5e	retain-consumer-migrate-time-or-schema-binding-if-needed	W1-runtime+W4-account+W5-operations	G-FIN+G-TIME	reverse-static-import-closure
packages/application/alpaca_paper_reconciliation_normalization.py	ce292c5161c299caa09a6b80ea1953855947fa828fda40fed165a9b983f4e167	retain-consumer-migrate-time-or-schema-binding-if-needed	W1-runtime+W4-account+W5-operations	G-FIN+G-TIME	reverse-static-import-closure
packages/application/alpaca_paper_unknown_recovery.py	375c1476c528fd51a196ce2b9bdbc0146b4b91b0cd902bd97c93e31eddf43ee3	retain-consumer-migrate-time-or-schema-binding-if-needed	W1-runtime+W4-account+W5-operations	G-FIN+G-TIME	lexical-or-native-seed
packages/application/alpaca_paper_unknown_recovery_pipeline.py	aff29d54be332b1feceeb6296386b18a1551c1b1be07502c7c7fbcb909f23498	retain-consumer-migrate-time-or-schema-binding-if-needed	W1-runtime+W4-account+W5-operations	G-FIN+G-TIME	reverse-static-import-closure
packages/application/backtest_worker.py	b9716a3ba8274eff2c1cb5e3ad3cf807c562619632c96e53d341e425dacb9cd0	retain-consumer-migrate-time-or-schema-binding-if-needed	W1-runtime+W4-account+W5-operations	G-FIN+G-TIME	reverse-static-import-closure
packages/application/broker_inbox_admission.py	fdbc3a3f70b057274ec01a62a95afc854fe26abf28ba4efe047f850a821963d0	retain-consumer-migrate-time-or-schema-binding-if-needed	W1-runtime+W4-account+W5-operations	G-FIN+G-TIME	reverse-static-import-closure
packages/application/critical_alert_atomic_worker.py	ee3e719f9a276f494c0831936c731ba2e5953f648f21b33654f28340e5dfd35c	retain-consumer-migrate-time-or-schema-binding-if-needed	W1-runtime+W4-account+W5-operations	G-FIN+G-TIME	reverse-static-import-closure
packages/application/critical_alert_scheduler.py	747daac813bed38cd6ae9b33787df0c1b0683a73e9836a27dd709caeb8870f88	retain-consumer-migrate-time-or-schema-binding-if-needed	W1-runtime+W4-account+W5-operations	G-FIN+G-TIME	reverse-static-import-closure
packages/application/critical_alert_supervisor_failure_control.py	4c558c4a13d67eecab1a526a6dc7199f1faf906090778caeef5b0ce33744e01c	retain-consumer-migrate-time-or-schema-binding-if-needed	W1-runtime+W4-account+W5-operations	G-FIN+G-TIME	reverse-static-import-closure
packages/application/durable_supervised_strategy.py	d0fed2e2fc3d6d80ecb302e1eb1184f6f2679c005bc0996e55c62909e2db2e12	retain-consumer-migrate-time-or-schema-binding-if-needed	W1-runtime+W4-account+W5-operations	G-FIN+G-TIME	reverse-static-import-closure
packages/application/durable_trusted_time_monitor.py	61e9188a624b3ec7fae56c3723f8a7c6bbce8b7000a72803ac802b736f295164	retire-personal-v1-prerequisite-after-replacement	W1-runtime+W5-operations	G-TIME+G-PROCESS+G-BUILD	lexical-or-native-seed
packages/application/etrade_oauth_token_runtime.py	6e775bb220764a850c2a3024bbedfa50d6b3299e35e2566883adbc393658e0ad	retain-consumer-migrate-time-or-schema-binding-if-needed	W1-runtime+W4-account+W5-operations	G-FIN+G-TIME	lexical-or-native-seed
packages/application/fixture_segment_economics.py	11d1dc9542c60d719f98d433ed7d8c687a0cc8c590999dd33aa25a6a47cfa5f1	retain-consumer-migrate-time-or-schema-binding-if-needed	W1-runtime+W4-account+W5-operations	G-FIN+G-TIME	reverse-static-import-closure
packages/application/fixture_segment_worker.py	78d96ef8963e229886ca9ea1cc25077e1c8f504ccec92f87776aca8c5326c50e	retain-consumer-migrate-time-or-schema-binding-if-needed	W1-runtime+W4-account+W5-operations	G-FIN+G-TIME	reverse-static-import-closure
packages/application/local_operations.py	f19c723bbd891f193daa9ddf671848844e15b12c6777baaa7b928b425d4cdcdd	retain-consumer-migrate-time-or-schema-binding-if-needed	W1-runtime+W4-account+W5-operations	G-FIN+G-TIME	reverse-static-import-closure
packages/application/manifest_replay.py	ea0c1ca3a23a43b0458fb783220a0987a0090ea194ed5c266d73996e67ee8cbe	retain-consumer-migrate-time-or-schema-binding-if-needed	W1-runtime+W4-account+W5-operations	G-FIN+G-TIME	reverse-static-import-closure
packages/application/market_data_ingestion.py	6388c6702c7ed1d0620b98acc52852c0ecd52c4fcf7d554766c298f4a7c0bbe5	retain-consumer-migrate-time-or-schema-binding-if-needed	W1-runtime+W4-account+W5-operations	G-FIN+G-TIME	reverse-static-import-closure
packages/application/no_exposure_smoke_strategy.py	72944015175290bda281205a7546867a8fd711b5e95314bbd20daa03f1e48ade	retain-consumer-migrate-time-or-schema-binding-if-needed	W1-runtime+W4-account+W5-operations	G-FIN+G-TIME	reverse-static-import-closure
packages/application/operational_rearm.py	028ac551cae4de04f08348278fd36f83933055c42eac9b560cdbb4417ce1684f	retain-consumer-migrate-time-or-schema-binding-if-needed	W1-runtime+W4-account+W5-operations	G-FIN+G-TIME	reverse-static-import-closure
packages/application/paper_account_enrollment.py	c45bc421c7ab53025ff3b00c3a57844dcde60c586c2344ff7711f1e3149b7c81	retain-consumer-migrate-time-or-schema-binding-if-needed	W1-runtime+W4-account+W5-operations	G-FIN+G-TIME	reverse-static-import-closure
packages/application/paper_deployment.py	d1f89117b3e8b446ff696645e3565330f6cb73875e125df1dbe81ee197f67c9e	retain-consumer-migrate-time-or-schema-binding-if-needed	W1-runtime+W4-account+W5-operations	G-FIN+G-TIME	lexical-or-native-seed
packages/application/supervised_strategy.py	2ccaa6e25c431e39db09e1bdb5c0bcd99ddaf2305a3cd61b4e3fc3a1573abffd	retain-consumer-migrate-time-or-schema-binding-if-needed	W1-runtime+W4-account+W5-operations	G-FIN+G-TIME	reverse-static-import-closure
packages/application/trading_trace.py	090c260e5cb3b17df135d7b4ad3e98ea9605db530a7b83019e0af3dece8c177f	retain-consumer-migrate-time-or-schema-binding-if-needed	W1-runtime+W4-account+W5-operations	G-FIN+G-TIME	reverse-static-import-closure
packages/application/trusted_time_graceful_stop_v2_admission.py	7d632c6f48a4c963ef6d9f0a80ff47558001f25f2e9d8d10ae28c99351ebd382	retire-personal-v1-prerequisite-after-replacement	W1-runtime+W5-operations	G-TIME+G-PROCESS+G-BUILD	lexical-or-native-seed
packages/application/trusted_time_head_anchor.py	f8900e49c92b5c9dd759422811537847d1722f3f79a76f93797ae7c45d896f68	retire-personal-v1-prerequisite-after-replacement	W1-runtime+W5-operations	G-TIME+G-PROCESS+G-BUILD	lexical-or-native-seed
packages/application/trusted_time_head_anchor_clean_stop.py	d6dc7ae7c4d9a4dc4088712eed03f9066c536d05f8e5e6a4f9a44fe29a4d80b9	retire-personal-v1-prerequisite-after-replacement	W1-runtime+W5-operations	G-TIME+G-PROCESS+G-BUILD	lexical-or-native-seed
packages/application/trusted_time_head_anchor_clean_stop_supervisor_bridge.py	471459479b6817c24f6dcac7ac0f56d00191a45f88ce62b4c594ff606dbb9432	retire-personal-v1-prerequisite-after-replacement	W1-runtime+W5-operations	G-TIME+G-PROCESS+G-BUILD	lexical-or-native-seed
packages/application/trusted_time_head_anchor_worker.py	2574d27662ad3bc05b75f83d194ba3b5c63cc3fee38e3b1fade3e11126716dc9	retire-personal-v1-prerequisite-after-replacement	W1-runtime+W5-operations	G-TIME+G-PROCESS+G-BUILD	lexical-or-native-seed
packages/application/trusted_time_monitor.py	67c7eff805d457cd1770b47faf63ea6e7e8d037313b41cbd638f7a2a04eea3c9	retain-pure-time-contract-refactor-producer	W1-runtime	G-TIME	lexical-or-native-seed
packages/application/trusted_time_supervisor.py	512c5e047f578207dbbf983aec6f5fe43677d47f721515b06f82f82dc30cb2ae	retire-personal-v1-prerequisite-after-replacement	W1-runtime+W5-operations	G-TIME+G-PROCESS+G-BUILD	lexical-or-native-seed
packages/application/trusted_time_watchdog.py	ea354a18f2d3ebad03ec603fa44b7736fbe132eb310ad6a61e2347699ca5f6d8	retire-personal-v1-prerequisite-after-replacement	W1-runtime+W5-operations	G-TIME+G-PROCESS+G-BUILD	lexical-or-native-seed
packages/backtest/__init__.py	3ab7df87b11eceb08e62310719df5ec8c5e206fe928df72ab48ca1b2e2533732	retain-consumer-migrate-time-or-schema-binding-if-needed	W1-runtime+W4-account+W5-operations	G-FIN+G-TIME	reverse-static-import-closure
packages/backtest/golden_runner.py	2193e0c86d2c3036362e3137e531cb210bb2796e4c601f304cb37e053c9b3776	retain-consumer-migrate-time-or-schema-binding-if-needed	W1-runtime+W4-account+W5-operations	G-FIN+G-TIME	reverse-static-import-closure
packages/backtest/simulated_broker.py	642e497e48c1a2c2743537f7ca52e9718f159a7f1e919d543438d3b18996e134	retain-consumer-migrate-time-or-schema-binding-if-needed	W1-runtime+W4-account+W5-operations	G-FIN+G-TIME	reverse-static-import-closure
packages/backtest/simulation_horizon.py	d73262a83bdd46f39bb4c37c9307481cbb7f6269d0f33c8713e8e237913a38f0	retain-consumer-migrate-time-or-schema-binding-if-needed	W1-runtime+W4-account+W5-operations	G-FIN+G-TIME	reverse-static-import-closure
packages/datasets/__init__.py	1af30dcc04df5dd82e3052b7c30b06942a4f50e669f2d3722129fdbc92c8924f	retain-consumer-migrate-time-or-schema-binding-if-needed	W1-runtime+W4-account+W5-operations	G-FIN+G-TIME	reverse-static-import-closure
packages/datasets/feature_artifact.py	1c56e6651989b15ad950b06d0d00823637b9a17c92702f419f14d489e3c50052	retain-consumer-migrate-time-or-schema-binding-if-needed	W1-runtime+W4-account+W5-operations	G-FIN+G-TIME	reverse-static-import-closure
packages/datasets/reader.py	3fa8b41ed44b348af91e6c0eddc7cb73ec7ec688d3512e9813e04d798fec83d6	retain-consumer-migrate-time-or-schema-binding-if-needed	W1-runtime+W4-account+W5-operations	G-FIN+G-TIME	reverse-static-import-closure
packages/datasets/replay_tape.py	7f07c40be8c6c21df5a9e1f45d118302a6290be5a119669fd4ebb4d9fd2c1a9a	retain-consumer-migrate-time-or-schema-binding-if-needed	W1-runtime+W4-account+W5-operations	G-FIN+G-TIME	reverse-static-import-closure
packages/domain/__init__.py	3281dc484e4c88e7a94382ee6718b182561db1fda020c1b6c78162109d75810c	retain-consumer-migrate-time-or-schema-binding-if-needed	W1-runtime+W4-account+W5-operations	G-FIN+G-TIME	reverse-static-import-closure
packages/domain/_trusted_time_post_enrollment_projection_bootstrap.py	97bddf39a5ea5614587793731aa93801532a7082f89cbbf8bb299c62560674c8	retire-personal-v1-prerequisite-after-replacement	W1-runtime+W5-operations	G-TIME+G-PROCESS+G-BUILD	lexical-or-native-seed
packages/domain/account_coordinator.py	8c5da5b73d0efc3aea31a253ab346041fcdfc05955c8652d7f95cded2c1ec6e6	retain-consumer-migrate-time-or-schema-binding-if-needed	W1-runtime+W4-account+W5-operations	G-FIN+G-TIME	reverse-static-import-closure
packages/domain/account_projection.py	d996f66df2914dbfa7ba62e26eb38b37f88725dcbfa30ec280c6a7b050c499fc	retain-consumer-migrate-time-or-schema-binding-if-needed	W1-runtime+W4-account+W5-operations	G-FIN+G-TIME	reverse-static-import-closure
packages/domain/accounting.py	615e8bc8b730058334875160f75fdf39ef3c7c939d038749eb17f8b7ae6e3e79	retain-consumer-migrate-time-or-schema-binding-if-needed	W1-runtime+W4-account+W5-operations	G-FIN+G-TIME	reverse-static-import-closure
packages/domain/advanced_risk_admission.py	773df8fb927e1dc550915e0a2d33ac5902d888caa8ac16c764f935e77bce1737	retain-consumer-migrate-time-or-schema-binding-if-needed	W1-runtime+W4-account+W5-operations	G-FIN+G-TIME	reverse-static-import-closure
packages/domain/advanced_risk_enforcement.py	f0e17b6fba10ea2f8ba3cd390f81503caaf94be0cf49c317bdfaad89da8676a6	retain-consumer-migrate-time-or-schema-binding-if-needed	W1-runtime+W4-account+W5-operations	G-FIN+G-TIME	reverse-static-import-closure
packages/domain/advanced_risk_metrics.py	96ceab232aeb8b4a35ffc69667911b8a6821a756f8d5fd10a2292e7c9aee6f35	retain-consumer-migrate-time-or-schema-binding-if-needed	W1-runtime+W4-account+W5-operations	G-FIN+G-TIME	reverse-static-import-closure
packages/domain/advanced_risk_sources.py	cc7ec421d9da63cf68ba7b5e6a7175929bbb3e6b5c51ddb58193e7be16d013cf	retain-consumer-migrate-time-or-schema-binding-if-needed	W1-runtime+W4-account+W5-operations	G-FIN+G-TIME	reverse-static-import-closure
packages/domain/batch_risk.py	0e0c44c5551e8a9d0b6a3280520fdc01941106b10c814e8715d21401a254c32c	retain-consumer-migrate-time-or-schema-binding-if-needed	W1-runtime+W4-account+W5-operations	G-FIN+G-TIME	reverse-static-import-closure
packages/domain/broker_inbox.py	6e66bebcbaf5cf4bef165abcffa66b516a819afe98b2797cb19d0eeb651a04a2	retain-consumer-migrate-time-or-schema-binding-if-needed	W1-runtime+W4-account+W5-operations	G-FIN+G-TIME	reverse-static-import-closure
packages/domain/broker_ingress.py	47ced53fb5232240a0832a00c340561e35ef31a4b405eca790f394917420c130	retain-consumer-migrate-time-or-schema-binding-if-needed	W1-runtime+W4-account+W5-operations	G-FIN+G-TIME	reverse-static-import-closure
packages/domain/broker_reconciliation.py	98fdf2985aa659f4a73eb1c9418a823ae4b6c296f3330c1aedd8941f6c059fa1	retain-consumer-migrate-time-or-schema-binding-if-needed	W1-runtime+W4-account+W5-operations	G-FIN+G-TIME	lexical-or-native-seed
packages/domain/clock.py	2d1f0904d71773acd2a2088c711126bdd0f0a71cb91f2cf6b20a277da8ac812b	retain-pure-time-contract-refactor-producer	W1-runtime	G-TIME	lexical-or-native-seed
packages/domain/corporate_action_ledger.py	01d22eee3c3515df0dc47dea0c68006f4e576848aa1393ded42f50920c222a34	retain-consumer-migrate-time-or-schema-binding-if-needed	W1-runtime+W4-account+W5-operations	G-FIN+G-TIME	reverse-static-import-closure
packages/domain/decision.py	1c1a18469a693890e940b33aac2f883a21672f0a7326d0b9d7e61f576f0665f3	retain-consumer-migrate-time-or-schema-binding-if-needed	W1-runtime+W4-account+W5-operations	G-FIN+G-TIME	reverse-static-import-closure
packages/domain/execution.py	00295b3015949ee071c17d10e8aea8512eb4d393ed2e4956850ff59804d117a9	retain-consumer-migrate-time-or-schema-binding-if-needed	W1-runtime+W4-account+W5-operations	G-FIN+G-TIME	reverse-static-import-closure
packages/domain/experiment_governance.py	cf8a8f1b54d84c6c20046d336136acbef412fad0425e69084fe6bddc6ed3b7e9	retain-consumer-migrate-time-or-schema-binding-if-needed	W1-runtime+W4-account+W5-operations	G-FIN+G-TIME	reverse-static-import-closure
packages/domain/feature.py	19775fbc4bf3c767a93b9d8c03b97dbc832de5c572157ddfc060326114e42d25	retain-consumer-migrate-time-or-schema-binding-if-needed	W1-runtime+W4-account+W5-operations	G-FIN+G-TIME	reverse-static-import-closure
packages/domain/feature_replay.py	569892e2e50a4f1c42a9ec04d898f2932189861678276aebe455adc2e66b6b70	retain-consumer-migrate-time-or-schema-binding-if-needed	W1-runtime+W4-account+W5-operations	G-FIN+G-TIME	reverse-static-import-closure
packages/domain/feature_target.py	80f8f4eccfaadda219a5c2390ed919558286c9a0d8972cb9b9522dc616a3ac81	retain-consumer-migrate-time-or-schema-binding-if-needed	W1-runtime+W4-account+W5-operations	G-FIN+G-TIME	reverse-static-import-closure
packages/domain/feature_target_replay.py	d3cb217a85264880200b9946a5e96d22a74c3e43a198f812d7d32a3884b5c1a3	retain-consumer-migrate-time-or-schema-binding-if-needed	W1-runtime+W4-account+W5-operations	G-FIN+G-TIME	reverse-static-import-closure
packages/domain/fixture_segment_economics.py	31224535f586e3fee0c23fd21fce9fff79035678bdda99fcbc3505db23e35c3f	retain-consumer-migrate-time-or-schema-binding-if-needed	W1-runtime+W4-account+W5-operations	G-FIN+G-TIME	reverse-static-import-closure
packages/domain/fixture_segment_worker.py	09183d67fc549e8d32a293e0cb52854e55fee4f2d3be5a9e3c7d9c078d060ede	retain-consumer-migrate-time-or-schema-binding-if-needed	W1-runtime+W4-account+W5-operations	G-FIN+G-TIME	reverse-static-import-closure
packages/domain/ledger_reducer.py	4b17f0a7a611eff4dfe9a36466042734ef1e963633f1d469524b2493f7c41cbb	retain-consumer-migrate-time-or-schema-binding-if-needed	W1-runtime+W4-account+W5-operations	G-FIN+G-TIME	reverse-static-import-closure
packages/domain/market_batch.py	3d306fc6d23e546d9d5d7482df7e365c48f0a5336ee181f58230cd778f0175f7	retain-consumer-migrate-time-or-schema-binding-if-needed	W1-runtime+W4-account+W5-operations	G-FIN+G-TIME	reverse-static-import-closure
packages/domain/models.py	3e20b0ea1dec7504e5a49dd613cc66ac5db9c34913725458e38769ccda5912c4	retain-consumer-migrate-time-or-schema-binding-if-needed	W1-runtime+W4-account+W5-operations	G-FIN+G-TIME	reverse-static-import-closure
packages/domain/operational_control.py	0054f0b1c9bfb008f4f5d4605daeda83a96d4a832d542482406c81cc037fd609	retain-consumer-migrate-time-or-schema-binding-if-needed	W1-runtime+W4-account+W5-operations	G-FIN+G-TIME	reverse-static-import-closure
packages/domain/operational_drill.py	0c6b0379d0ed73318778a07866ec44260a50e9ff3a4c209bab7909bb20e70766	retain-consumer-migrate-time-or-schema-binding-if-needed	W1-runtime+W4-account+W5-operations	G-FIN+G-TIME	reverse-static-import-closure
packages/domain/order_reducer.py	e4a2dbf4d57c98358403525dc23aaed556607a51e71e0b3af7249fcb848e777a	retain-consumer-migrate-time-or-schema-binding-if-needed	W1-runtime+W4-account+W5-operations	G-FIN+G-TIME	reverse-static-import-closure
packages/domain/portfolio.py	73cdcdfb51d288a7a22f3bb1b9c5893520df4a2278b88a57d1ed13cb2104b637	retain-consumer-migrate-time-or-schema-binding-if-needed	W1-runtime+W4-account+W5-operations	G-FIN+G-TIME	reverse-static-import-closure
packages/domain/replay.py	fffd78a2540d6e7a79f1c900a73d953a8584be4c89edd0b9390e500547c5fe14	retain-consumer-migrate-time-or-schema-binding-if-needed	W1-runtime+W4-account+W5-operations	G-FIN+G-TIME	reverse-static-import-closure
packages/domain/replay_manifest.py	43f583d51158fe03b54cc395c4836286e132d42a874e6715a5f099971e7fa0f2	retain-consumer-migrate-time-or-schema-binding-if-needed	W1-runtime+W4-account+W5-operations	G-FIN+G-TIME	reverse-static-import-closure
packages/domain/reservation_lifecycle.py	e54b19289a848e7a98951d960f46ed6e3845995906d98624245e5b8b4f2c71ab	retain-consumer-migrate-time-or-schema-binding-if-needed	W1-runtime+W4-account+W5-operations	G-FIN+G-TIME	reverse-static-import-closure
packages/domain/risk.py	5bcd35d4b1aa9f387a7c3aab6aeb4c4b29377d5bcf78da110f3254bfad7998f0	retain-consumer-migrate-time-or-schema-binding-if-needed	W1-runtime+W4-account+W5-operations	G-FIN+G-TIME	reverse-static-import-closure
packages/domain/settlement_ledger.py	8e5d99094800821e2c77de2431693b3d1823e8b449397dd425fb540bf447fa9e	retain-consumer-migrate-time-or-schema-binding-if-needed	W1-runtime+W4-account+W5-operations	G-FIN+G-TIME	reverse-static-import-closure
packages/domain/strategy.py	4c1546040212a7f2d5a7356f47353b1022ebbe987effcb06634575dfebfed008	retain-consumer-migrate-time-or-schema-binding-if-needed	W1-runtime+W4-account+W5-operations	G-FIN+G-TIME	reverse-static-import-closure
packages/domain/strategy_invocation_lifecycle.py	0e8ca82e38ce01e39fe16d71116206d4a5e48e06e0165cea91e929b4315c6174	retain-consumer-migrate-time-or-schema-binding-if-needed	W1-runtime+W4-account+W5-operations	G-FIN+G-TIME	reverse-static-import-closure
packages/domain/strategy_replay.py	ebb155383fa11861dfb407811e74df8a37cca503b109ece2d361045aa3b4ed20	retain-consumer-migrate-time-or-schema-binding-if-needed	W1-runtime+W4-account+W5-operations	G-FIN+G-TIME	reverse-static-import-closure
packages/domain/strategy_state.py	f1425388d470b86ac7455ffaa8752141beae6cedd2dd8efbcd26abb4a251cf5c	retain-consumer-migrate-time-or-schema-binding-if-needed	W1-runtime+W4-account+W5-operations	G-FIN+G-TIME	reverse-static-import-closure
packages/domain/strategy_supervision.py	ce7164bf89ffea6e9f173e021211da0eb5fc1555b2fc1fc82a575dfa1dbd884c	retain-consumer-migrate-time-or-schema-binding-if-needed	W1-runtime+W4-account+W5-operations	G-FIN+G-TIME	reverse-static-import-closure
packages/domain/strategy_supervision_alert.py	513a5934e24dcff8dccf5e20f6a79a3af7f0ef73eaf5624d284527b7f1453d2d	retain-consumer-migrate-time-or-schema-binding-if-needed	W1-runtime+W4-account+W5-operations	G-FIN+G-TIME	reverse-static-import-closure
packages/domain/strategy_supervision_control.py	6421b0eea95bce48769850c98569a9cdeca2514b9834e6aebd85a289abb89213	retain-consumer-migrate-time-or-schema-binding-if-needed	W1-runtime+W4-account+W5-operations	G-FIN+G-TIME	reverse-static-import-closure
packages/domain/submission_attempt.py	8989cb160d3c143d8156dcd8145c868ea211e03be06319b6f79a598d30903986	retain-consumer-migrate-time-or-schema-binding-if-needed	W1-runtime+W4-account+W5-operations	G-FIN+G-TIME	reverse-static-import-closure
packages/domain/trusted_time.py	1e94c9ec0249551b1c34f1cfa20b1a180b9534c22ea6f577a560795588382e92	retain-pure-time-contract-refactor-producer	W1-runtime	G-TIME	lexical-or-native-seed
packages/domain/trusted_time_enrollment_evidence.py	18fae9f7a30ea11da14ea4aa32a2b98c47cba099a6c2daa520505973e5d15047	retire-personal-v1-prerequisite-after-replacement	W1-runtime+W5-operations	G-TIME+G-PROCESS+G-BUILD	lexical-or-native-seed
packages/domain/trusted_time_graceful_stop_v2.py	6512368b75895ee407c06042a2ba552aa37699778165539de1093bc404866e19	retire-personal-v1-prerequisite-after-replacement	W1-runtime+W5-operations	G-TIME+G-PROCESS+G-BUILD	lexical-or-native-seed
packages/domain/trusted_time_graceful_stop_v2_docker.py	d071b5b082d6b5db4abf9f1bf4be7aad4c5950a6fb4be70f3342f09b4ebb2cf8	retire-personal-v1-prerequisite-after-replacement	W1-runtime+W5-operations	G-TIME+G-PROCESS+G-BUILD	lexical-or-native-seed
packages/domain/trusted_time_graceful_stop_v2_lifecycle_semantics.py	ffbafa19e99903d4af6f2e4a1e50bab8c50d6b4831accef80bba487c90edd23a	retire-personal-v1-prerequisite-after-replacement	W1-runtime+W5-operations	G-TIME+G-PROCESS+G-BUILD	lexical-or-native-seed
packages/domain/trusted_time_graceful_stop_v2_reauthentication.py	6598e8baf1ef721c3739bfec7e3be928948e6ddb1e493e7c5cee8edcb2da7ecd	retire-personal-v1-prerequisite-after-replacement	W1-runtime+W5-operations	G-TIME+G-PROCESS+G-BUILD	lexical-or-native-seed
packages/domain/trusted_time_graceful_stop_v2_recovery.py	7032ab117733749085598b255a065f17b51a4ee6b619a0e4f9ddd7d9de369d5f	retire-personal-v1-prerequisite-after-replacement	W1-runtime+W5-operations	G-TIME+G-PROCESS+G-BUILD	lexical-or-native-seed
packages/domain/trusted_time_graceful_stop_v2_runtime_seal.py	e2ba1c540e29572ff9a99e0ea81cebdb22583e9d1e8b9f98fd3f84ea264d175c	retire-personal-v1-prerequisite-after-replacement	W1-runtime+W5-operations	G-TIME+G-PROCESS+G-BUILD	lexical-or-native-seed
packages/domain/trusted_time_graceful_stop_v2_terminal.py	c391c6fc576dd55b6aae716f217d46a96d133199e4a315f35ef0cfe1adc636aa	retire-personal-v1-prerequisite-after-replacement	W1-runtime+W5-operations	G-TIME+G-PROCESS+G-BUILD	lexical-or-native-seed
packages/domain/trusted_time_graceful_stop_v2_transport.py	184cbface42dfd5c201a459a977a34e1606b26540e256defc95d075917c10639	retire-personal-v1-prerequisite-after-replacement	W1-runtime+W5-operations	G-TIME+G-PROCESS+G-BUILD	lexical-or-native-seed
packages/domain/trusted_time_post_enrollment_graceful_stop_operator_attestation.py	d4ad1bc1c3bf16b19e08c2b2f7ea1f0d44155f5f3b5b5ec72db1f7fc57fdfca9	retire-personal-v1-prerequisite-after-replacement	W1-runtime+W5-operations	G-TIME+G-PROCESS+G-BUILD	lexical-or-native-seed
packages/domain/trusted_time_post_enrollment_graceful_stop_operator_authority.py	4021e8ba02b418537a9ccda861af5bde6aa26ed5febad17be3829a997939fa34	retire-personal-v1-prerequisite-after-replacement	W1-runtime+W5-operations	G-TIME+G-PROCESS+G-BUILD	lexical-or-native-seed
packages/domain/trusted_time_post_enrollment_operator_attestation.py	c294e3639b5e130e344beb54b2e331cc60989138cbe5ce3b85fd2d0c2ac141d4	retire-personal-v1-prerequisite-after-replacement	W1-runtime+W5-operations	G-TIME+G-PROCESS+G-BUILD	lexical-or-native-seed
packages/domain/trusted_time_post_enrollment_operator_authority.py	6e26b1e98387667fe47fb8160749ec8f4ba173aea802f04cf0f3cc7a3eabae1f	retire-personal-v1-prerequisite-after-replacement	W1-runtime+W5-operations	G-TIME+G-PROCESS+G-BUILD	lexical-or-native-seed
packages/domain/trusted_time_post_enrollment_start.py	c74e416d9471b19736e5b454d9e67e741d45b9ed787d1441c9f9d5e85353af26	retire-personal-v1-prerequisite-after-replacement	W1-runtime+W5-operations	G-TIME+G-PROCESS+G-BUILD	lexical-or-native-seed
packages/domain/unknown_submission_recovery.py	efb40305f1b8cb42112ca2a3cbe4e8595f202d621c8f26fd45d31aa85fd958e3	retain-consumer-migrate-time-or-schema-binding-if-needed	W1-runtime+W4-account+W5-operations	G-FIN+G-TIME	lexical-or-native-seed
packages/domain/walking_thread.py	d0450b560f9c492ce8feb6ee7e1da88401fb3844ee1455ac9eaf44c33070ac7b	retain-consumer-migrate-time-or-schema-binding-if-needed	W1-runtime+W4-account+W5-operations	G-FIN+G-TIME	reverse-static-import-closure
packages/execution/__init__.py	7c8a496f4fcd1a9ec44644fb53f810f258944213dcfb6ed37cedd7bd1e23fe2a	retain-consumer-migrate-time-or-schema-binding-if-needed	W1-runtime+W4-account+W5-operations	G-FIN+G-TIME	reverse-static-import-closure
packages/execution/account_coordinator.py	3d07ed24ceafe78961c58d903eb7d2d9c2880ddfcd40f6cdaf5336298621bf6f	retain-consumer-migrate-time-or-schema-binding-if-needed	W1-runtime+W4-account+W5-operations	G-FIN+G-TIME	reverse-static-import-closure
packages/execution/ports.py	d66a29d8d1625a6044d31bf480eb2bda09709c9b181724a5b9de779c285048dd	retain-consumer-migrate-time-or-schema-binding-if-needed	W1-runtime+W4-account+W5-operations	G-FIN+G-TIME	reverse-static-import-closure
packages/persistence/__init__.py	e8f8b436442331619c5e5ca30010671b1bb9e6e0c5b06915b398f5a3e57e38cb	retain-consumer-migrate-time-or-schema-binding-if-needed	W1-runtime+W4-account+W5-operations	G-FIN+G-TIME	reverse-static-import-closure
packages/persistence/account_coordinator.py	3fbf46f9a8688952d07bcb3de620148e9c8b986f05477e9c51c0dfb7a6d08c22	retain-consumer-migrate-time-or-schema-binding-if-needed	W1-runtime+W4-account+W5-operations	G-FIN+G-TIME	reverse-static-import-closure
packages/persistence/advanced_batch_risk.py	d9602d65b64aca15acee94b3cb56fc335de1b205be3a85fde6a5b08b6cc1a517	retain-consumer-migrate-time-or-schema-binding-if-needed	W1-runtime+W4-account+W5-operations	G-FIN+G-TIME	reverse-static-import-closure
packages/persistence/advanced_risk.py	fad09eaecc4880621e38a8fbf7c26776a2837e1741c4f7f4b7266c91ac72e583	retain-consumer-migrate-time-or-schema-binding-if-needed	W1-runtime+W4-account+W5-operations	G-FIN+G-TIME	reverse-static-import-closure
packages/persistence/alpaca_paper_account_activity.py	69f1fe9f3440c63c027fa5e6c6b8fe9938b7edaafa558281d5673161ced99743	retain-consumer-migrate-time-or-schema-binding-if-needed	W1-runtime+W4-account+W5-operations	G-FIN+G-TIME	reverse-static-import-closure
packages/persistence/alpaca_paper_account_activity_comparison.py	6d62e99edcc71a2e32a7711a868ce3feb947268483795d10c142a9e1f5ddd026	retain-consumer-migrate-time-or-schema-binding-if-needed	W1-runtime+W4-account+W5-operations	G-FIN+G-TIME	reverse-static-import-closure
packages/persistence/alpaca_paper_account_binding.py	e28b4e2e1ab6406b8af1a807a4a9ede070b6aabbf3fae724c55e84859bfb143a	retain-consumer-migrate-time-or-schema-binding-if-needed	W1-runtime+W4-account+W5-operations	G-FIN+G-TIME	reverse-static-import-closure
packages/persistence/alpaca_paper_asset_binding.py	36c34b27345bbf2e587c625ceb3e5467b1596d9b81c26782bbfee18b75f1c99f	retain-consumer-migrate-time-or-schema-binding-if-needed	W1-runtime+W4-account+W5-operations	G-FIN+G-TIME	reverse-static-import-closure
packages/persistence/alpaca_paper_lookup_observation.py	aa8cd79b80cdc62672d0aa7a251f53be716fca23ed265df78411bd44e515f5a5	retain-consumer-migrate-time-or-schema-binding-if-needed	W1-runtime+W4-account+W5-operations	G-FIN+G-TIME	reverse-static-import-closure
packages/persistence/alpaca_paper_order_snapshot.py	4fc22c79f9ae8bf1b55ba63d9436296d73c068bf8efcb9e6e87816b102e908e1	retain-consumer-migrate-time-or-schema-binding-if-needed	W1-runtime+W4-account+W5-operations	G-FIN+G-TIME	reverse-static-import-closure
packages/persistence/alpaca_paper_order_view_comparison.py	8b171c288807a8d6f8b8dc8d9d1c33b6b78e5eb210925792c6d3d7914b0ae8df	retain-consumer-migrate-time-or-schema-binding-if-needed	W1-runtime+W4-account+W5-operations	G-FIN+G-TIME	reverse-static-import-closure
packages/persistence/alpaca_paper_order_view_transition.py	9167471bc2e61b7ef9df35abdb6f932c40e1ca4ff354a6965c86087e3dfea5d0	retain-consumer-migrate-time-or-schema-binding-if-needed	W1-runtime+W4-account+W5-operations	G-FIN+G-TIME	reverse-static-import-closure
packages/persistence/alpaca_paper_position_snapshot.py	e5993e2a3ce9029c68c0a18d14e95e67e95428f6d7be4d2c15fa07babc44a7e2	retain-consumer-migrate-time-or-schema-binding-if-needed	W1-runtime+W4-account+W5-operations	G-FIN+G-TIME	reverse-static-import-closure
packages/persistence/alpaca_paper_position_view_comparison.py	3ffa9cdc71d016d493cf3ac9972ec07b866a6e026f5f360f14bd5bcab3a2285c	retain-consumer-migrate-time-or-schema-binding-if-needed	W1-runtime+W4-account+W5-operations	G-FIN+G-TIME	reverse-static-import-closure
packages/persistence/alpaca_paper_position_view_transition.py	fa59c93e26e098ad3cd14e872499b8b3360c884e085225bfa929c528cb1ce084	retain-consumer-migrate-time-or-schema-binding-if-needed	W1-runtime+W4-account+W5-operations	G-FIN+G-TIME	reverse-static-import-closure
packages/persistence/backtest_workflow.py	1a160f89ab47b41e8a7d18770c2a7826570b33934635790c23e03384188720a0	retain-consumer-migrate-time-or-schema-binding-if-needed	W1-runtime+W4-account+W5-operations	G-FIN+G-TIME	reverse-static-import-closure
packages/persistence/batch_risk.py	aeb539ae829b07da66f63e707a410b4f0f3b6f74a75fe874fcc8b38cfcc1e75e	retain-consumer-migrate-time-or-schema-binding-if-needed	W1-runtime+W4-account+W5-operations	G-FIN+G-TIME	reverse-static-import-closure
packages/persistence/broker_inbox.py	701bd1a84f00c5d1cc5fb23ed8b83cba69e107116a499820b18e60e8175c4621	retain-consumer-migrate-time-or-schema-binding-if-needed	W1-runtime+W4-account+W5-operations	G-FIN+G-TIME	reverse-static-import-closure
packages/persistence/broker_ingress.py	d7e88f5a27374258eb48ba95b1d3ad09debab96470433c7157f8c0991040637b	retain-consumer-migrate-time-or-schema-binding-if-needed	W1-runtime+W4-account+W5-operations	G-FIN+G-TIME	reverse-static-import-closure
packages/persistence/broker_reconciliation.py	fb116f4f3ae498280a281d17752e3db7094a23e67beb5830575e6b7aef685cd6	retain-consumer-migrate-time-or-schema-binding-if-needed	W1-runtime+W4-account+W5-operations	G-FIN+G-TIME	reverse-static-import-closure
packages/persistence/broker_request_budget.py	4405c7bc4599b32c15ecc7b39a1cbe87deec2920c66fe098cb11c3fa9cd32d3a	retain-consumer-migrate-time-or-schema-binding-if-needed	W1-runtime+W4-account+W5-operations	G-FIN+G-TIME	lexical-or-native-seed
packages/persistence/critical_alert.py	46f345f2f16f2da2dbeea018d93f41bc57c5d1a5a898aff045ec8126dedae46c	retain-consumer-migrate-time-or-schema-binding-if-needed	W1-runtime+W4-account+W5-operations	G-FIN+G-TIME	lexical-or-native-seed
packages/persistence/critical_alert_failure_control.py	f304f187de358d0c5ab18dc3bacc63f40f770e0f5a43945e68bf3bfcb6919f47	retain-consumer-migrate-time-or-schema-binding-if-needed	W1-runtime+W4-account+W5-operations	G-FIN+G-TIME	reverse-static-import-closure
packages/persistence/database.py	530fc7f98be5321e11ca9cc3bdb726ef6b79e90927b4ccae598066416e8dda6a	retain-schema-refactor-active-composition	orchestrator	G-DB	lexical-or-native-seed
packages/persistence/etrade_oauth_coordinator.py	ef0e15c316ebe59f9bab50f8369ebf89467d1524b05f9bf8861033626249ec4d	retain-consumer-migrate-time-or-schema-binding-if-needed	W1-runtime+W4-account+W5-operations	G-FIN+G-TIME	lexical-or-native-seed
packages/persistence/experiment_governance.py	33b8e666770c3106b661b6acfec3d6b65a16e1964d62ec997158c0c8faa74b5f	retain-consumer-migrate-time-or-schema-binding-if-needed	W1-runtime+W4-account+W5-operations	G-FIN+G-TIME	reverse-static-import-closure
packages/persistence/fixture_segment_worker.py	4967df0d71ad93bee1259c1b004415a4319d7468c57f488662fd6b9412f4e911	retain-consumer-migrate-time-or-schema-binding-if-needed	W1-runtime+W4-account+W5-operations	G-FIN+G-TIME	reverse-static-import-closure
packages/persistence/local_operations.py	b1276ab2ba5f6cb207725c2154c5c758f74a2a9582e8ca0507a3ae4c4a4f918e	retain-consumer-migrate-time-or-schema-binding-if-needed	W1-runtime+W4-account+W5-operations	G-FIN+G-TIME	reverse-static-import-closure
packages/persistence/market_data.py	a90b17e737a07e8a18ff72589afda687119e4fc7e1d478c57763feffd432341c	retain-consumer-migrate-time-or-schema-binding-if-needed	W1-runtime+W4-account+W5-operations	G-FIN+G-TIME	reverse-static-import-closure
packages/persistence/operational_control.py	4eb85519969f0dad62577603f7e8ef2ea817f1e32964cf3bde2b04fd3e721853	retain-consumer-migrate-time-or-schema-binding-if-needed	W1-runtime+W4-account+W5-operations	G-FIN+G-TIME	lexical-or-native-seed
packages/persistence/phase2_ledger.py	bcffc5db91dff12a8aab81915cac168f741217c17dd1e7d17fb710c5652cdd52	retain-consumer-migrate-time-or-schema-binding-if-needed	W1-runtime+W4-account+W5-operations	G-FIN+G-TIME	reverse-static-import-closure
packages/persistence/replay.py	2b72cec287343f50b6658d12270dc7f580711ab956255a474cc01ee8c57e703c	retain-consumer-migrate-time-or-schema-binding-if-needed	W1-runtime+W4-account+W5-operations	G-FIN+G-TIME	reverse-static-import-closure
packages/persistence/reservation_lifecycle.py	c562984ed592e457d3821bdccc3a6e99a70bdbf68aeede214be72da995981599	retain-consumer-migrate-time-or-schema-binding-if-needed	W1-runtime+W4-account+W5-operations	G-FIN+G-TIME	reverse-static-import-closure
packages/persistence/risk.py	3a1c1307308472b57ab87fb832196e27610a872b4bbaf8f11b54331d12610950	retain-consumer-migrate-time-or-schema-binding-if-needed	W1-runtime+W4-account+W5-operations	G-FIN+G-TIME	reverse-static-import-closure
packages/persistence/schema.py	500f00534db3af78351e7ae8b9156d2f4b587f72cd3621c9b0df48501c7732f5	retain-schema-refactor-active-composition	orchestrator	G-DB	lexical-or-native-seed
packages/persistence/simulation_horizon.py	a83f6c2fa86352275f69007df6a0b742e7dede54b77712f08533f4ea98460ad4	retain-consumer-migrate-time-or-schema-binding-if-needed	W1-runtime+W4-account+W5-operations	G-FIN+G-TIME	reverse-static-import-closure
packages/persistence/strategy_invocation_lifecycle.py	981c915db201d045a6f8de45aa49a882a3410112a1ce674777885ca649808309	retain-consumer-migrate-time-or-schema-binding-if-needed	W1-runtime+W4-account+W5-operations	G-FIN+G-TIME	reverse-static-import-closure
packages/persistence/strategy_supervision.py	dc2d4f694efc0d12044d74b96afb223e9fe5f98fc4944cfe7ce07f2e8882eed9	retain-consumer-migrate-time-or-schema-binding-if-needed	W1-runtime+W4-account+W5-operations	G-FIN+G-TIME	reverse-static-import-closure
packages/persistence/submission_attempt.py	a0c9187f7fe78bb6f620148aecbdc37e8c4016d86df298801124db182492a20d	retain-consumer-migrate-time-or-schema-binding-if-needed	W1-runtime+W4-account+W5-operations	G-FIN+G-TIME	reverse-static-import-closure
packages/persistence/trusted_time.py	ee55bc5ece682e9a0e011bd837ae11a20815f38fd02b4a9ffa98499dc0bb9179	retire-personal-v1-prerequisite-after-replacement	W1-runtime+W5-operations	G-TIME+G-PROCESS+G-BUILD	lexical-or-native-seed
packages/persistence/trusted_time_graceful_stop_v2.py	bb40d1fcde84848a3a44d318d690a11a30e3ba9b2267eeb65eadee288d9d9dd2	retire-personal-v1-prerequisite-after-replacement	W1-runtime+W5-operations	G-TIME+G-PROCESS+G-BUILD	lexical-or-native-seed
packages/persistence/trusted_time_head_anchor.py	10f433a9e196f129f4364e839e3ce8db98fe0ad5eba63aeaf6a4d84c60763dc6	retire-personal-v1-prerequisite-after-replacement	W1-runtime+W5-operations	G-TIME+G-PROCESS+G-BUILD	lexical-or-native-seed
packages/persistence/unknown_submission_recovery.py	a5674c871515bab895edc8f03dddf064995663029215865f6438827f2855ad03	retain-consumer-migrate-time-or-schema-binding-if-needed	W1-runtime+W4-account+W5-operations	G-FIN+G-TIME	reverse-static-import-closure
packages/persistence/walking_thread.py	529ae2383cdf0c318c4a9051b59794d30393a8c350b9eae028defd2d03466135	retain-consumer-migrate-time-or-schema-binding-if-needed	W1-runtime+W4-account+W5-operations	G-FIN+G-TIME	reverse-static-import-closure
packages/risk/__init__.py	bf53a679fc23d59e7b07924674b94d8b0b09ee9e52036d4b54ad528849d84bc2	retain-consumer-migrate-time-or-schema-binding-if-needed	W1-runtime+W4-account+W5-operations	G-FIN+G-TIME	reverse-static-import-closure
packages/risk/batch_repository.py	411ad2fc1512f0ababd0b5b1b025ee071fe2ef5a52f8657f5a9f2f3d56672377	retain-consumer-migrate-time-or-schema-binding-if-needed	W1-runtime+W4-account+W5-operations	G-FIN+G-TIME	reverse-static-import-closure
pyproject.toml	137a911173dd96b42bee4820f837494b7bd84240d279eb04302323ee4d73bfb4	serialize-build-config-architecture-cutover	orchestrator+W1-runtime	G-BUILD+G-TEST	lexical-or-native-seed
scripts/bind_alpaca_paper_account.py	819dc909976d5c99fd9cebdb43ea539ec3372db291c006880abfa75fda7e2413	retain-consumer-migrate-time-or-schema-binding-if-needed	W1-runtime+W4-account+W5-operations	G-FIN+G-TIME	reverse-static-import-closure
scripts/check_architecture.py	e62760ab658a1dbe35cae14ee3a9cb235a5b09c4bc2271550369807f184bd7c1	serialize-build-config-architecture-cutover	orchestrator+W1-runtime	G-BUILD+G-TEST	lexical-or-native-seed
scripts/diagnose_trusted_time_runtime.py	f8a002765ea78757fdef57c1d19b1ea59ccbb6e908846c11578d8c539644aa02	retire-personal-v1-prerequisite-after-replacement	W1-runtime+W5-operations	G-TIME+G-PROCESS+G-BUILD	lexical-or-native-seed
scripts/enroll_trusted_time_head_anchor.py	96f5d50712c10f8654a11cadbb39e85e7033769a01c71e6c67094e2a66924ff1	retire-personal-v1-prerequisite-after-replacement	W1-runtime+W5-operations	G-TIME+G-PROCESS+G-BUILD	lexical-or-native-seed
scripts/generate_api_contracts.py	941dc313580c59278c69f778173801424276aa8b2e6a2a32675f84ed9818aa37	retain-consumer-migrate-time-or-schema-binding-if-needed	W1-runtime+W4-account+W5-operations	G-FIN+G-TIME	reverse-static-import-closure
scripts/generate_trusted_time_anchor_artifacts.py	bf3675d7654838b4069b31d3632219a06dd87aabfeca13c2e02ff68ef3777d2b	retire-personal-v1-prerequisite-after-replacement	W1-runtime+W5-operations	G-TIME+G-PROCESS+G-BUILD	lexical-or-native-seed
scripts/inspect_trusted_time_qualification.py	a810b05dc446f2ee25ed3dc4e9e518a2513eb7da5f78706753475d13497ada6d	retire-personal-v1-prerequisite-after-replacement	W1-runtime+W5-operations	G-TIME+G-PROCESS+G-BUILD	lexical-or-native-seed
scripts/migrate_phase6_trusted_time_head_anchors.py	34fd038ef015ae49bcab90c87d7ece68d338602dbdbdca7f4b06861574a5a3c2	retire-personal-v1-prerequisite-after-replacement	W1-runtime+W5-operations	G-TIME+G-PROCESS+G-BUILD	lexical-or-native-seed
scripts/migrate_phase6_trusted_time_uncertainty.py	ddc9e2f5c77dbaa9a2a206a14d823ba37796b76676cfd8ead6f9f3dde9fd1715	retire-personal-v1-prerequisite-after-replacement	W1-runtime+W5-operations	G-TIME+G-PROCESS+G-BUILD	lexical-or-native-seed
scripts/prove_trusted_time_anchor_storage.py	2a69b58e2457db63111382ae43e6152414d6902f7ba02f198cca73276afd957f	retire-personal-v1-prerequisite-after-replacement	W1-runtime+W5-operations	G-TIME+G-PROCESS+G-BUILD	lexical-or-native-seed
scripts/provision_trusted_time_anchor_project.py	ceadc8e595bde265a4bbebc176b82171b349b81a4ff8715a472199b764fca638	retire-personal-v1-prerequisite-after-replacement	W1-runtime+W5-operations	G-TIME+G-PROCESS+G-BUILD	lexical-or-native-seed
scripts/provision_trusted_time_post_enrollment_graceful_stop_operator_authority.py	558272a121d17cdc896b9db8e090c681dd29d0476e650414eea46c58e6e7e324	retire-personal-v1-prerequisite-after-replacement	W1-runtime+W5-operations	G-TIME+G-PROCESS+G-BUILD	lexical-or-native-seed
scripts/provision_trusted_time_post_enrollment_operator_authority.py	1f01d1f618a03ec845389b0feee82a3a003d75d5843ac15102329b3006ad0df8	retire-personal-v1-prerequisite-after-replacement	W1-runtime+W5-operations	G-TIME+G-PROCESS+G-BUILD	lexical-or-native-seed
scripts/start_trusted_time_supervisor.py	071bdc210b1f2ceb7ed4e2614de1b5f47511f869999606236868c5cb1c2aad96	retire-personal-v1-prerequisite-after-replacement	W1-runtime+W5-operations	G-TIME+G-PROCESS+G-BUILD	lexical-or-native-seed
scripts/trusted_time_post_enrollment_action_topology_fence.py	86069982f95d0c9315c352ed12f56bbf219a1ec3fd9fd56aaa4cd923beadf935	retire-personal-v1-prerequisite-after-replacement	W1-runtime+W5-operations	G-TIME+G-PROCESS+G-BUILD	lexical-or-native-seed
scripts/trusted_time_post_enrollment_active_controller.py	eb968f80505c495577a2d1be94ae23316d91ac689253439e29f4c465b2865694	retire-personal-v1-prerequisite-after-replacement	W1-runtime+W5-operations	G-TIME+G-PROCESS+G-BUILD	lexical-or-native-seed
scripts/trusted_time_post_enrollment_active_controller_admission.py	affbb236b2edf0d19095bdec4cc11ea8ce6f31dd6a8486cf5b0fe3ede9cd8679	retire-personal-v1-prerequisite-after-replacement	W1-runtime+W5-operations	G-TIME+G-PROCESS+G-BUILD	lexical-or-native-seed
scripts/trusted_time_post_enrollment_claimed_fence.py	a24bf51914c31fc4fc94226c49339164686b43c0aef4481ef66b369f5b33e500	retire-personal-v1-prerequisite-after-replacement	W1-runtime+W5-operations	G-TIME+G-PROCESS+G-BUILD	lexical-or-native-seed
scripts/trusted_time_post_enrollment_clean_stop_terminal_reauthentication.py	2748c642a2bb6f0f5093166dfd161b45d982a7f5095b662dcd58100c1d9107e7	retire-personal-v1-prerequisite-after-replacement	W1-runtime+W5-operations	G-TIME+G-PROCESS+G-BUILD	lexical-or-native-seed
scripts/trusted_time_post_enrollment_controller_outcome.py	36a2258f7fa64f79773e42d9eab1c9e6ef56f655b13016d0ba75ff62bd9d0d23	retire-personal-v1-prerequisite-after-replacement	W1-runtime+W5-operations	G-TIME+G-PROCESS+G-BUILD	lexical-or-native-seed
scripts/trusted_time_post_enrollment_evidence.py	38b1dd443278f80197c4f85dd71e015166bc88d189fdac815a3cfc6bba7ec5cf	retire-personal-v1-prerequisite-after-replacement	W1-runtime+W5-operations	G-TIME+G-PROCESS+G-BUILD	lexical-or-native-seed
scripts/trusted_time_post_enrollment_execution_admission.py	4695a8c516c93ce56d2d87c169eea60a00e4e237b25d8953460fd83ce4958daa	retire-personal-v1-prerequisite-after-replacement	W1-runtime+W5-operations	G-TIME+G-PROCESS+G-BUILD	lexical-or-native-seed
scripts/trusted_time_post_enrollment_graceful_stop.py	ebe7b10dbce20cbda7e6de408ebf228e800897ae3c350b68f6094ede18dfbd04	retire-personal-v1-prerequisite-after-replacement	W1-runtime+W5-operations	G-TIME+G-PROCESS+G-BUILD	lexical-or-native-seed
scripts/trusted_time_post_enrollment_graceful_stop_decision_artifacts.py	23e057abf4358be2ed5dbb5ed0b225c5eff1954877012f405195a4711650bd0f	retire-personal-v1-prerequisite-after-replacement	W1-runtime+W5-operations	G-TIME+G-PROCESS+G-BUILD	lexical-or-native-seed
scripts/trusted_time_post_enrollment_graceful_stop_lifecycle.py	f0a35bf2f694f065434efd40da791157a9254a68ce7db97b3cdedbc3f86f089e	retire-personal-v1-prerequisite-after-replacement	W1-runtime+W5-operations	G-TIME+G-PROCESS+G-BUILD	lexical-or-native-seed
scripts/trusted_time_post_enrollment_graceful_stop_operator_attestation_artifacts.py	0ac95e66ad4521a0773b526bf60630063d299993de851f3a5154980daae08faa	retire-personal-v1-prerequisite-after-replacement	W1-runtime+W5-operations	G-TIME+G-PROCESS+G-BUILD	lexical-or-native-seed
scripts/trusted_time_post_enrollment_graceful_stop_supervisor_bridge.py	34301dcf95dc27d0fa7f1fb119559cb3cbd16cd94269c6e302400b7be1ccf77e	retire-personal-v1-prerequisite-after-replacement	W1-runtime+W5-operations	G-TIME+G-PROCESS+G-BUILD	lexical-or-native-seed
scripts/trusted_time_post_enrollment_host_orchestrator.py	e5d2ebd5b6acca0fc7d9ef5d89ce17c0c53bd30b2052ce4fb1a323409b1dcbfd	retire-personal-v1-prerequisite-after-replacement	W1-runtime+W5-operations	G-TIME+G-PROCESS+G-BUILD	lexical-or-native-seed
scripts/trusted_time_post_enrollment_operator_attestation_artifacts.py	a35e701e9f38895ce828b89c355554448df4fff98d90747d406d394435628cbf	retire-personal-v1-prerequisite-after-replacement	W1-runtime+W5-operations	G-TIME+G-PROCESS+G-BUILD	lexical-or-native-seed
scripts/trusted_time_post_enrollment_outcome.py	0dc15928628f0582f44614372749fe11395278fd3126cf9ed2e85476ce19f18b	retire-personal-v1-prerequisite-after-replacement	W1-runtime+W5-operations	G-TIME+G-PROCESS+G-BUILD	lexical-or-native-seed
scripts/trusted_time_post_enrollment_persistent_topology.py	9710a8876a28ecdf3a7e668e9738d286d2cde02449d601d528d3cd7950ec75b5	retire-personal-v1-prerequisite-after-replacement	W1-runtime+W5-operations	G-TIME+G-PROCESS+G-BUILD	lexical-or-native-seed
scripts/trusted_time_post_enrollment_sequence_one_reauthentication.py	3fd748d0e5936444582b194a0bec323723acdb62cff21375547b04716daafe54	retire-personal-v1-prerequisite-after-replacement	W1-runtime+W5-operations	G-TIME+G-PROCESS+G-BUILD	lexical-or-native-seed
scripts/trusted_time_post_enrollment_sequence_two_verifier.py	5d3e32662b6177997925375146414aaabe4272b2cffebaab2dacf77dde058d38	retire-personal-v1-prerequisite-after-replacement	W1-runtime+W5-operations	G-TIME+G-PROCESS+G-BUILD	lexical-or-native-seed
scripts/trusted_time_post_enrollment_shutdown_locator.py	93f54221e62c8c40da6ecd7061a2b6391e480ec131d7725ac215006dd60a6056	retire-personal-v1-prerequisite-after-replacement	W1-runtime+W5-operations	G-TIME+G-PROCESS+G-BUILD	lexical-or-native-seed
scripts/trusted_time_post_enrollment_staged_topology.py	b06a982058275e3017bd7499386e12bf40c25d8f29dba3caa06b33c58bd95556	retire-personal-v1-prerequisite-after-replacement	W1-runtime+W5-operations	G-TIME+G-PROCESS+G-BUILD	lexical-or-native-seed
scripts/trusted_time_post_enrollment_staging.py	1bda74485a17ed762be39d3de754c1eee2fbcd3d54b1be2acdca8df018367007	retire-personal-v1-prerequisite-after-replacement	W1-runtime+W5-operations	G-TIME+G-PROCESS+G-BUILD	lexical-or-native-seed
scripts/trusted_time_post_enrollment_start.py	496451b70ea9ebad8ad811903ac868e91aa92fe7f6a7bc3d3a48cae233281970	retire-personal-v1-prerequisite-after-replacement	W1-runtime+W5-operations	G-TIME+G-PROCESS+G-BUILD	lexical-or-native-seed
scripts/trusted_time_post_enrollment_topology.py	cbd2d5be3fdfde76020a255bdd7629fdbd9d686c884d8dce60574159ec0ed17b	retire-personal-v1-prerequisite-after-replacement	W1-runtime+W5-operations	G-TIME+G-PROCESS+G-BUILD	lexical-or-native-seed
scripts/trusted_time_post_enrollment_topology_fence.py	17730681304f914f5d22c919c778322fb587f0aede62d0684c47fbffc1f44a2f	retire-personal-v1-prerequisite-after-replacement	W1-runtime+W5-operations	G-TIME+G-PROCESS+G-BUILD	lexical-or-native-seed
scripts/trusted_time_post_enrollment_topology_reader.py	83388f760937947f284426ae8803acbb49617e11c549fc116d92b81696be2553	retire-personal-v1-prerequisite-after-replacement	W1-runtime+W5-operations	G-TIME+G-PROCESS+G-BUILD	lexical-or-native-seed
scripts/verify_local_paper_smoke_preflight.py	f600d1c335fb918c64c741e108f996167be9e6abefacb7e7d082193c52746352	retain-consumer-migrate-time-or-schema-binding-if-needed	W1-runtime+W4-account+W5-operations	G-FIN+G-TIME	reverse-static-import-closure
scripts/verify_no_exposure_smoke_strategy.py	b2c72432e51aa5d925039e6eb471f2e7db4480d8cff76d20eea7f286f249ab9d	retain-consumer-migrate-time-or-schema-binding-if-needed	W1-runtime+W4-account+W5-operations	G-FIN+G-TIME	reverse-static-import-closure
scripts/verify_trusted_time_compose.py	f899551c4e54513bcca3d9dda8a9eefe3224a3a71df4e5200d24e75b780f769d	retire-personal-v1-prerequisite-after-replacement	W1-runtime+W5-operations	G-TIME+G-PROCESS+G-BUILD	lexical-or-native-seed
scripts/verify_trusted_time_images.py	f3ba7bd76be899f84e620fd83ed174a0e67b8cfac261cb3581b7cdb57538a196	retire-personal-v1-prerequisite-after-replacement	W1-runtime+W5-operations	G-TIME+G-PROCESS+G-BUILD	lexical-or-native-seed
tests/fixtures/native/trusted-time-v2/import-roots/host/autoquant_trusted_time_v2_host_entry.py	38b96101c5b3413d592f9ecf28ecea0d322b411bb59942b77184e2ea6b390800	review-behavior-versus-lifecycle-test	owning-lane+orchestrator	G-TEST	lexical-or-native-seed
tests/fixtures/native/trusted-time-v2/import-roots/recovery/autoquant_trusted_time_v2_recovery_entry.py	70d7a91471fd0ba531204148b0daf3de93d6ad22cc9b55466d298c1c8f0fe315	review-behavior-versus-lifecycle-test	owning-lane+orchestrator	G-TEST	lexical-or-native-seed
tests/fixtures/native/trusted-time-v2/import-roots/supervisor/autoquant_trusted_time_v2_supervisor_entry.py	5e8da9f0b7eac7838fb380a4e38ee37e03c7b6134649db8c33bbf133cc3f7e18	review-behavior-versus-lifecycle-test	owning-lane+orchestrator	G-TEST	lexical-or-native-seed
tests/fixtures/native/trusted-time-v2/profile_stubs.c	d2f1ca659c08f85cd00b625b7e2c8d8667de20488bbe73fa6d0107873d2d6c4d	review-behavior-versus-lifecycle-test	owning-lane+orchestrator	G-TEST	lexical-or-native-seed
tests/fixtures/native/trusted-time-v2/provisioner_contract_harness.c	9307e1c593ff94c852272248e2b7c05fec656bd635dedff61e56e9e693bfbfbf	review-behavior-versus-lifecycle-test	owning-lane+orchestrator	G-TEST	lexical-or-native-seed
tests/fixtures/native/trusted-time-v2/provisioner_positive_child.c	9650d39ac7796ee4a99406b4f51acdece2b891dea1541ccfff6ac7300316e038	review-behavior-versus-lifecycle-test	owning-lane+orchestrator	G-TEST	lexical-or-native-seed
tests/fixtures/native/trusted-time-v2/provisioner_positive_stubs.c	262d879efb8fa098c3d6248a5900f76ae54c2d032a7a4ab268e41a01b3f4a69c	review-behavior-versus-lifecycle-test	owning-lane+orchestrator	G-TEST	lexical-or-native-seed
tests/fixtures/native/trusted-time-v2/trusted_time_graceful_stop_v2_endpoint.h	aac248c6269cffa4313d7a5b8c1c206478b105efbbbaf9ca169f56ef379b06d0	review-behavior-versus-lifecycle-test	owning-lane+orchestrator	G-TEST	lexical-or-native-seed
tests/fixtures/native/trusted-time-v2/trusted_time_graceful_stop_v2_signer.h	2be92521d193cbf67505c2e71b3756e3d9fb85ebb8b9192fc40423f4d8dbe8ad	review-behavior-versus-lifecycle-test	owning-lane+orchestrator	G-TEST	lexical-or-native-seed
tests/fixtures/native/trusted-time-v2/trusted_time_v2_fork_guard.h	8269ca20d4b489bcfd869db0f8da54f00f83dec15d20044f6861f0b65ae001b4	review-behavior-versus-lifecycle-test	owning-lane+orchestrator	G-TEST	lexical-or-native-seed
tests/integration/phase4_postgres_cleanup.py	78fd5b72c31c91d9d84151405afb6fcd45a7a81cce489d588300be4e8a3e39d2	review-behavior-versus-lifecycle-test	owning-lane+orchestrator	G-TEST	reverse-static-import-closure
tests/integration/test_api.py	92c6d7416e4c30c42469ec420edd93765e88154e981a2756302725edc7ef4665	review-behavior-versus-lifecycle-test	owning-lane+orchestrator	G-TEST	reverse-static-import-closure
tests/integration/test_captured_tape_research_validity_gate.py	18b127989b3805472c0508f275826f6f2c60e40ad7fff2f71c4628c65121eb91	review-behavior-versus-lifecycle-test	owning-lane+orchestrator	G-TEST	reverse-static-import-closure
tests/integration/test_experiment_governance_persistence.py	38dae83edd58e5b26e03325cf8a5bb19285af858eb8ac4813becd666e39cbbf0	review-behavior-versus-lifecycle-test	owning-lane+orchestrator	G-TEST	reverse-static-import-closure
tests/integration/test_fixture_segment_worker_persistence.py	900cac0f8cacc448f577fa0de9e63aefe893f9e2bd642a8945a01ae1fdfe1dc2	review-behavior-versus-lifecycle-test	owning-lane+orchestrator	G-TEST	reverse-static-import-closure
tests/integration/test_manifest_replay_tape.py	a016de1d4e4ac1bf89d02abe49ea58f1c4e39e13b846464b98cf3c83941f30c5	review-behavior-versus-lifecycle-test	owning-lane+orchestrator	G-TEST	reverse-static-import-closure
tests/integration/test_market_data_ingestion.py	2dc27ca8dac6d23ef284c6cab37c3a05651e12c096b7cbb43ce639363ef162b1	review-behavior-versus-lifecycle-test	owning-lane+orchestrator	G-TEST	reverse-static-import-closure
tests/integration/test_persistence.py	0714eae0d31de75e0e3fdacac5540dfd81d31b11e238e0c8da4311a35adb1a3d	review-behavior-versus-lifecycle-test	owning-lane+orchestrator	G-TEST	reverse-static-import-closure
tests/integration/test_phase2_backtest_api.py	067f97bd9b1ff5043b7af7072c6080b36434947f116bc016a3c89215439630b9	review-behavior-versus-lifecycle-test	owning-lane+orchestrator	G-TEST	reverse-static-import-closure
tests/integration/test_phase2_backtest_worker.py	b3f35060dfd5b40506ef9089e64ceb66e0e2d0412b07bb0c49137baede07e708	review-behavior-versus-lifecycle-test	owning-lane+orchestrator	G-TEST	reverse-static-import-closure
tests/integration/test_phase2_backtest_workflow.py	f1d5a8b9b55243a9e16e1f015c0edda94260afb3f5789ca99289e58d7b80fd37	review-behavior-versus-lifecycle-test	owning-lane+orchestrator	G-TEST	reverse-static-import-closure
tests/integration/test_phase2_batch_risk_persistence.py	e2b75c2c1621333e8951033778dd5546620b9973074edaf3fddcbaefdec51376	review-behavior-versus-lifecycle-test	owning-lane+orchestrator	G-TEST	reverse-static-import-closure
tests/integration/test_phase2_postgres_exit.py	a1d63dd7159f5ec02e4e8d73bd5d2caeb2e806fa0d1ea8f717d476899603b39a	review-behavior-versus-lifecycle-test	owning-lane+orchestrator	G-TEST	reverse-static-import-closure
tests/integration/test_phase2_reservation_lifecycle_persistence.py	31fa608d5a038a3880ae34dcedfa57b2accbfcbf3b8cfb205004e196c3ec8006	review-behavior-versus-lifecycle-test	owning-lane+orchestrator	G-TEST	reverse-static-import-closure
tests/integration/test_phase2_simulation_horizon_persistence.py	dbed9e28769354b4d76c3469902da12709afa0da159806a800aa56aece369189	review-behavior-versus-lifecycle-test	owning-lane+orchestrator	G-TEST	reverse-static-import-closure
tests/integration/test_phase2_submission_attempt_persistence.py	0fab59389f551d3e0724b2a17ccf35c84c9bbc1641e94d66a5ff668725587778	review-behavior-versus-lifecycle-test	owning-lane+orchestrator	G-TEST	reverse-static-import-closure
tests/integration/test_phase3_experiment_api.py	2b215fde2b91710f787bfd9d4d26c5a47d628511f70b64cbfd25b93cb09a4a5f	review-behavior-versus-lifecycle-test	owning-lane+orchestrator	G-TEST	reverse-static-import-closure
tests/integration/test_phase3_fixture_segment_api.py	d06a7fae0d8cd35d40bf68201d415b2f87a392653c6187be3b61aa9c64fe7aa2	review-behavior-versus-lifecycle-test	owning-lane+orchestrator	G-TEST	reverse-static-import-closure
tests/integration/test_phase4_alpaca_paper_account_activity_comparison_persistence.py	43cf16b85017c26ee8d7092cba8a42c19ca6ca1d456946327b6b16a4c3d498a2	review-behavior-versus-lifecycle-test	owning-lane+orchestrator	G-TEST	reverse-static-import-closure
tests/integration/test_phase4_alpaca_paper_account_activity_persistence.py	9b6c37436b7762cdd56838d9c4ecbc761e277052d929992b0408ff257d0a8bf6	review-behavior-versus-lifecycle-test	owning-lane+orchestrator	G-TEST	reverse-static-import-closure
tests/integration/test_phase4_alpaca_paper_account_binding_persistence.py	4fb71d5b4864a6f06d3718944afbea24a6505d9b913dc92b210e070a7a00b2fe	review-behavior-versus-lifecycle-test	owning-lane+orchestrator	G-TEST	reverse-static-import-closure
tests/integration/test_phase4_alpaca_paper_asset_binding_persistence.py	c1325bd1fababaf204ad09d49b95d7baef698d160444c06ad99b738755673e4b	review-behavior-versus-lifecycle-test	owning-lane+orchestrator	G-TEST	reverse-static-import-closure
tests/integration/test_phase4_alpaca_paper_lookup_observation_persistence.py	10942f02f28951486bdfe8d47ae3ab7f35e6039ba9b2da0ff4f49348fa6a6d44	review-behavior-versus-lifecycle-test	owning-lane+orchestrator	G-TEST	reverse-static-import-closure
tests/integration/test_phase4_alpaca_paper_order_snapshot_persistence.py	645abf023005a606b647cec698c3ad9c356a9b35f32c00811829454c31dc253d	review-behavior-versus-lifecycle-test	owning-lane+orchestrator	G-TEST	reverse-static-import-closure
tests/integration/test_phase4_alpaca_paper_order_view_comparison_persistence.py	af1485d45062679e36ed98b39b1b5ead339c504f980c310c29793d4fddec437a	review-behavior-versus-lifecycle-test	owning-lane+orchestrator	G-TEST	reverse-static-import-closure
tests/integration/test_phase4_alpaca_paper_order_view_transition_persistence.py	bc1140e7d31cee6b9a876660f54e36d20794b5228dce9a5d267bbc7c131dbcb4	review-behavior-versus-lifecycle-test	owning-lane+orchestrator	G-TEST	reverse-static-import-closure
tests/integration/test_phase4_alpaca_paper_position_snapshot_persistence.py	33f9e6c9c819627c5739d917b2499b7a2b512ff2ff980c2653003b624a03ce87	review-behavior-versus-lifecycle-test	owning-lane+orchestrator	G-TEST	reverse-static-import-closure
tests/integration/test_phase4_alpaca_paper_position_view_comparison_persistence.py	4ebac98d021fbf56cd2a7900acabfc9cf44ff8de473055213d4f8ce9badebbc8	review-behavior-versus-lifecycle-test	owning-lane+orchestrator	G-TEST	reverse-static-import-closure
tests/integration/test_phase4_alpaca_paper_position_view_transition_persistence.py	5b79e026111966c3199a5a10fcda0e98cbbc23ce05392da009e5a609861a4148	review-behavior-versus-lifecycle-test	owning-lane+orchestrator	G-TEST	reverse-static-import-closure
tests/integration/test_phase4_broker_inbox_persistence.py	49b713ca7ba2c9253ad8f4f2efed1aa1a8d8f5213804a4d9ce482f2ce206bea4	review-behavior-versus-lifecycle-test	owning-lane+orchestrator	G-TEST	reverse-static-import-closure
tests/integration/test_phase4_broker_ingress_persistence.py	cc02db31c73992c724e2b6be0c260ba6389bcce145139a39c53bac67191db8ed	review-behavior-versus-lifecycle-test	owning-lane+orchestrator	G-TEST	reverse-static-import-closure
tests/integration/test_phase4_broker_request_budget_persistence.py	0d5da2b3c87faf74c8a47e01672b01d90c0cb73df4b50a8435650dbb98e1584d	review-behavior-versus-lifecycle-test	owning-lane+orchestrator	G-TEST	reverse-static-import-closure
tests/integration/test_phase4_etrade_oauth_coordinator_persistence.py	bf4727b737ac04ebb615d8fc271826fc0d5c1e99ce26db2a73947538b4cdbf7d	review-behavior-versus-lifecycle-test	owning-lane+orchestrator	G-TEST	lexical-or-native-seed
tests/integration/test_phase4_lookup_reconciliation_persistence.py	e55c77c6b60b5310cd2e84f8ca981c3a3ac8d15245f191b7521590afbddbfbd5	review-behavior-versus-lifecycle-test	owning-lane+orchestrator	G-TEST	reverse-static-import-closure
tests/integration/test_phase4_unknown_lookup_schedule_persistence.py	bf0149465f478598dcb4b5c69148fe966b735b92541bfded4603d12038fee588	review-behavior-versus-lifecycle-test	owning-lane+orchestrator	G-TEST	reverse-static-import-closure
tests/integration/test_phase4_unknown_recovery_pipeline.py	cc129f62fdf5a4035163430f88ecdc17fbec3adc823db838e50766d2e4d0b291	review-behavior-versus-lifecycle-test	owning-lane+orchestrator	G-TEST	reverse-static-import-closure
tests/integration/test_phase5_advanced_batch_risk.py	96d52abb0d6fba8a7c261a1d04e6bcf5ca15d67ded2073b35d8e755076ccbb6b	review-behavior-versus-lifecycle-test	owning-lane+orchestrator	G-TEST	reverse-static-import-closure
tests/integration/test_phase5_advanced_risk_persistence.py	77869261e06e83aee941342238d541ed6345c0db7a4c1fc4279696e8b21dccca	review-behavior-versus-lifecycle-test	owning-lane+orchestrator	G-TEST	reverse-static-import-closure
tests/integration/test_phase5_advanced_risk_schema.py	86dbe917df770caf0d19febef48b9f9ef74ebbddeab2daff286bae0c3f1142ea	review-behavior-versus-lifecycle-test	owning-lane+orchestrator	G-TEST	reverse-static-import-closure
tests/integration/test_phase5_critical_alert_atomic_worker.py	5e636979b96d191ee8034cb4cc4adb7bef6d62a44e8cf4c171e224edacee1fe6	review-behavior-versus-lifecycle-test	owning-lane+orchestrator	G-TEST	reverse-static-import-closure
tests/integration/test_phase5_critical_alert_failure_control_persistence.py	62b2344cdc2486551faba7cab6614ae181c98f95c72e62d3d151cc04935f1ce7	review-behavior-versus-lifecycle-test	owning-lane+orchestrator	G-TEST	reverse-static-import-closure
tests/integration/test_phase5_critical_alert_failure_control_schema.py	b16f4515fb75f770f2e2893bf482d0be1595e52739de7ffeb55d658db7201f91	review-behavior-versus-lifecycle-test	owning-lane+orchestrator	G-TEST	reverse-static-import-closure
tests/integration/test_phase5_critical_alert_persistence.py	7eb098d634af5a613cd65511428dc789b2bfb8aa05bb78836fa8dc555932d028	review-behavior-versus-lifecycle-test	owning-lane+orchestrator	G-TEST	reverse-static-import-closure
tests/integration/test_phase5_critical_alert_supervisor.py	670785e0acf74bdf57bb1c0f77c270911cc6712e8d552f10c813d1ce0ac09268	review-behavior-versus-lifecycle-test	owning-lane+orchestrator	G-TEST	reverse-static-import-closure
tests/integration/test_phase5_local_operations_composition.py	d001d150911e704981327ad64423882896ea3f9dace4b1ec706c3567599a527b	review-behavior-versus-lifecycle-test	owning-lane+orchestrator	G-TEST	reverse-static-import-closure
tests/integration/test_phase5_operational_control_persistence.py	42a9f762f2c01ec5f48e32051c86aa285e04fd7bf18010f3c0080688880bb6fd	review-behavior-versus-lifecycle-test	owning-lane+orchestrator	G-TEST	reverse-static-import-closure
tests/integration/test_phase5_operations_api.py	d6ea0c3e15fa325c86e95514c51f1601b2bdab302c24b380551078281794c139	review-behavior-versus-lifecycle-test	owning-lane+orchestrator	G-TEST	reverse-static-import-closure
tests/integration/test_phase5_strategy_invocation_lifecycle_persistence.py	69767f5449f7d538fac72b44181c6224723344ae11be63e2286331b0c7978e16	review-behavior-versus-lifecycle-test	owning-lane+orchestrator	G-TEST	reverse-static-import-closure
tests/integration/test_phase5_strategy_invocation_lifecycle_schema.py	2a39116ab5b1ea8bb972fa08a8ee782a6709a05992e01573aad584a95928643a	review-behavior-versus-lifecycle-test	owning-lane+orchestrator	G-TEST	reverse-static-import-closure
tests/integration/test_phase5_strategy_supervision_persistence.py	df79795678e36ebc2ad918e64a2f285c801053678f13900b5b712d141ff42752	review-behavior-versus-lifecycle-test	owning-lane+orchestrator	G-TEST	reverse-static-import-closure
tests/integration/test_phase5_trading_trace_composition.py	dd8ea4abed5e266d8f50834d44ddcb08c9fa77130a5a369b67c573bb6653fa01	review-behavior-versus-lifecycle-test	owning-lane+orchestrator	G-TEST	reverse-static-import-closure
tests/integration/test_phase6_trusted_time_head_anchor_migration_postgres.py	2e0df8f597f41367005314a762b742be85d37442da431fa40cf25d53d7a4f445	review-behavior-versus-lifecycle-test	owning-lane+orchestrator	G-TEST	lexical-or-native-seed
tests/integration/test_phase6_trusted_time_head_anchor_persistence.py	a8ef894109e21fbbd3c28ca00d8de1317b2041de8f8aa0d448012dcf540b22d6	review-behavior-versus-lifecycle-test	owning-lane+orchestrator	G-TEST	lexical-or-native-seed
tests/integration/test_phase6_trusted_time_persistence.py	d7951109d7d4e38440cc32c11355bbb1b265da0aecbae8a6bc688cb4aea9c8a2	review-behavior-versus-lifecycle-test	owning-lane+orchestrator	G-TEST	lexical-or-native-seed
tests/integration/test_phase6_trusted_time_postgres.py	15fe280f3dc566bd2456cc2b39914fffd5d4291df1a2cc79af809956e20ce5ed	review-behavior-versus-lifecycle-test	owning-lane+orchestrator	G-TEST	lexical-or-native-seed
tests/integration/test_phase6_trusted_time_repository_security.py	d28f2ecdebffec26ba1052a6c88c1e22c908c94af7434c974101ef0bf69a6875	review-behavior-versus-lifecycle-test	owning-lane+orchestrator	G-TEST	lexical-or-native-seed
tests/integration/test_phase6_trusted_time_schema.py	feaa33a9362b3b3e51cb16c360c8d59b40eae86a7d5a8ba2bc2bf50f6cf47d4a	review-behavior-versus-lifecycle-test	owning-lane+orchestrator	G-TEST	lexical-or-native-seed
tests/integration/test_postgres_risk_concurrency.py	73c0982a0d5e9f4f1af46948388fc184793c30b26478cf129599a110791e3c87	review-behavior-versus-lifecycle-test	owning-lane+orchestrator	G-TEST	reverse-static-import-closure
tests/integration/test_replay_run_persistence.py	4d4d6e3602310dfee3205ad5931d287af0cdf4310a52d7873c3e71a06616601b	review-behavior-versus-lifecycle-test	owning-lane+orchestrator	G-TEST	reverse-static-import-closure
tests/integration/test_schema.py	edbe4af3f18c4d43f97fb606ef08dda8ecf7ee2013f47afa26bf2f109b218cba	review-behavior-versus-lifecycle-test	owning-lane+orchestrator	G-TEST	lexical-or-native-seed
tests/integration/test_sql_account_coordinator.py	416358473c1b01ab3bf0af23ade7139d7c581fb3a5b2d89c11b99f0b7017d4ae	review-behavior-versus-lifecycle-test	owning-lane+orchestrator	G-TEST	reverse-static-import-closure
tests/integration/test_submission_attempt_migration.py	7e1ef652c1fc35808848ff3edd25c639ae1945ed4e526f5dc8d6bf131724fdf5	review-behavior-versus-lifecycle-test	owning-lane+orchestrator	G-TEST	reverse-static-import-closure
tests/native/trusted_time_v2_authority_harness.c	22d1034fdb5e80ba79efb84fd651616e2bcb2ccbe3a30b95945c1ea0d058a026	review-behavior-versus-lifecycle-test	owning-lane+orchestrator	G-TEST	lexical-or-native-seed
tests/native/trusted_time_v2_authority_no_pin_harness.c	0355ea14467105c9d7355e8563c44dcfbafd6ffdc061817285610f7b8e48317b	review-behavior-versus-lifecycle-test	owning-lane+orchestrator	G-TEST	lexical-or-native-seed
tests/native/trusted_time_v2_descriptor_baseline_harness.c	491404ddebb15182aa2756ea26c94828260be7bb50692a8655b85358a44db165	review-behavior-versus-lifecycle-test	owning-lane+orchestrator	G-TEST	lexical-or-native-seed
tests/native/trusted_time_v2_endpoint_resources_harness.c	cfd6ad1c98aafaad324ba6a2cc233b13634050c8152590044718c4625a6efd0f	review-behavior-versus-lifecycle-test	owning-lane+orchestrator	G-TEST	lexical-or-native-seed
tests/native/trusted_time_v2_guard_signer_harness.c	da9ceaf4fc5a7aa6b693ea693befe1710fb4bdef75a92e2feb5452fcf32b7471	review-behavior-versus-lifecycle-test	owning-lane+orchestrator	G-TEST	lexical-or-native-seed
tests/native/trusted_time_v2_seccomp_harness.c	0ae93e375189519a1aede844bb44adb9416b7f92d1bfb6a2387a88b708dc27a4	review-behavior-versus-lifecycle-test	owning-lane+orchestrator	G-TEST	lexical-or-native-seed
tests/native/trusted_time_v2_seccomp_manifest_harness.c	3d187b752d98798dc84a10a174545b8d4c1ae4475b961b26e076fbed9fc5cb59	review-behavior-versus-lifecycle-test	owning-lane+orchestrator	G-TEST	lexical-or-native-seed
tests/unit/test_account_coordinator.py	e2c958a8e0feff8a82edd8592e27e71f39163e7b93ba09dfa2f653f5f2b67faf	review-behavior-versus-lifecycle-test	owning-lane+orchestrator	G-TEST	reverse-static-import-closure
tests/unit/test_account_projection.py	06d9607d402a0872003c51266136e1dce3c1e93ac603ba6b1701aba1a57bd273	review-behavior-versus-lifecycle-test	owning-lane+orchestrator	G-TEST	reverse-static-import-closure
tests/unit/test_accounting.py	e31e2bee2708c4a9f05d274fc6d173d11ab2d4c85dd9a269fa339efae4bdfbf5	review-behavior-versus-lifecycle-test	owning-lane+orchestrator	G-TEST	reverse-static-import-closure
tests/unit/test_advanced_risk.py	0632121e538ad5b757183507f21d3d67b99de3717cc5e4fddc6ebd0d6863cbb3	review-behavior-versus-lifecycle-test	owning-lane+orchestrator	G-TEST	reverse-static-import-closure
tests/unit/test_advanced_risk_admission.py	40c25d32c6d9af8d51a3874a64e6ef9ba4f054af0fdd900403c87a633ab880ee	review-behavior-versus-lifecycle-test	owning-lane+orchestrator	G-TEST	reverse-static-import-closure
tests/unit/test_advanced_risk_enforcement.py	91afb1443df0cda48cfcc91f78775ba75e6aab4e67710ebb43d3aebd036d07cd	review-behavior-versus-lifecycle-test	owning-lane+orchestrator	G-TEST	reverse-static-import-closure
tests/unit/test_advanced_risk_metrics.py	565bf5f1b85a85e6c60482715944d62e8fbf738a48100851bbb86dcac7ce68c2	review-behavior-versus-lifecycle-test	owning-lane+orchestrator	G-TEST	reverse-static-import-closure
tests/unit/test_advanced_risk_sources.py	0aeed3005f81104b45719a9662d231115d6bc7e977af1f539ccdcf1b1799d669	review-behavior-versus-lifecycle-test	owning-lane+orchestrator	G-TEST	reverse-static-import-closure
tests/unit/test_alpaca_paper.py	0cc822df8b73544fd1c05416f63fe278bae937e99252ebdc60cc40cd96763cdc	review-behavior-versus-lifecycle-test	owning-lane+orchestrator	G-TEST	reverse-static-import-closure
tests/unit/test_alpaca_paper_account_activities.py	81f67baa881745743b239f13709e67f4123d0af2af9badfe2c2ac20158bc61ee	review-behavior-versus-lifecycle-test	owning-lane+orchestrator	G-TEST	reverse-static-import-closure
tests/unit/test_alpaca_paper_account_activity_comparison.py	930ee7f1a8227c374fdf93d2272715a6e1d29c71a092bb55d176b24bbbbfc4ec	review-behavior-versus-lifecycle-test	owning-lane+orchestrator	G-TEST	reverse-static-import-closure
tests/unit/test_alpaca_paper_account_activity_comparison_application.py	3017c0a44a282a1b280b12417389d892a023aed7123a1c54ce9672a5ee904ef0	review-behavior-versus-lifecycle-test	owning-lane+orchestrator	G-TEST	reverse-static-import-closure
tests/unit/test_alpaca_paper_account_activity_runtime.py	3ed98b26ac34382da7bd0a31a3b404cb2c041ca286c0a89d8bc09f3d3d86e6c3	review-behavior-versus-lifecycle-test	owning-lane+orchestrator	G-TEST	reverse-static-import-closure
tests/unit/test_alpaca_paper_account_activity_supervisor.py	69fc1eb375c4ed7ba558ee7f8126284aeaeaf14859608760310a0bce63bc85dd	review-behavior-versus-lifecycle-test	owning-lane+orchestrator	G-TEST	reverse-static-import-closure
tests/unit/test_alpaca_paper_account_asset_fixtures.py	afcacbcd8100cd89131ef684c70bc6dc645a6da92c6e43badbdce3622adf60b0	review-behavior-versus-lifecycle-test	owning-lane+orchestrator	G-TEST	reverse-static-import-closure
tests/unit/test_alpaca_paper_account_asset_ingress.py	0f3276ffd161cb8ff6620073abb1ca551a374ea46da1a083091a2e74355cae53	review-behavior-versus-lifecycle-test	owning-lane+orchestrator	G-TEST	reverse-static-import-closure
tests/unit/test_alpaca_paper_account_assets.py	1ea8fb1db8e15f67d136f5b547d0559f231d16702743d663d7bb64fa20ebfa05	review-behavior-versus-lifecycle-test	owning-lane+orchestrator	G-TEST	reverse-static-import-closure
tests/unit/test_alpaca_paper_account_runtime.py	013bb06cc408800b628358d797f35b7de35342f50c79bbe58050fcd1cfc4985b	review-behavior-versus-lifecycle-test	owning-lane+orchestrator	G-TEST	reverse-static-import-closure
tests/unit/test_alpaca_paper_asset_runtime.py	ac255fd469005b0d5c80116fea2a070c0034d34a14bc15fe3f666e7efaf680a3	review-behavior-versus-lifecycle-test	owning-lane+orchestrator	G-TEST	reverse-static-import-closure
tests/unit/test_alpaca_paper_budget.py	8641608674ab3257451d1249e0056de508e382477a65834f8f11b98c2f289cae	review-behavior-versus-lifecycle-test	owning-lane+orchestrator	G-TEST	reverse-static-import-closure
tests/unit/test_alpaca_paper_inbox.py	d133a890acf19e79a01a99675a536fa2f5f09d914514365f1421446ea66848c0	review-behavior-versus-lifecycle-test	owning-lane+orchestrator	G-TEST	reverse-static-import-closure
tests/unit/test_alpaca_paper_lookup_runtime.py	2c90c8a1f918057974ba882b09b599ac209b0ec6b50d21c8adebf6710d8eb1bd	review-behavior-versus-lifecycle-test	owning-lane+orchestrator	G-TEST	reverse-static-import-closure
tests/unit/test_alpaca_paper_observations.py	b91971743fea0d5fb8f727f40fb0766dbac4878594e94cd0c25625265040ef8a	review-behavior-versus-lifecycle-test	owning-lane+orchestrator	G-TEST	reverse-static-import-closure
tests/unit/test_alpaca_paper_order_snapshot_comparison.py	843a48eef0ba8968109b7577d358cbcfb9221092cbc39be280fe57b06334064f	review-behavior-versus-lifecycle-test	owning-lane+orchestrator	G-TEST	reverse-static-import-closure
tests/unit/test_alpaca_paper_order_snapshot_comparison_application.py	e90043849460f0ecfbcfca91c1a35ded216382670178958f96fab3307d960e63	review-behavior-versus-lifecycle-test	owning-lane+orchestrator	G-TEST	reverse-static-import-closure
tests/unit/test_alpaca_paper_order_snapshot_runtime.py	b238d82015df84ce874cb6a5c16a1c225902fcb9f8dccd12d15ec170db32d0e8	review-behavior-versus-lifecycle-test	owning-lane+orchestrator	G-TEST	reverse-static-import-closure
tests/unit/test_alpaca_paper_order_snapshots.py	8b5ae16b1dbbaa029a4ccce2b043c161b1cc34bd2fd620d11b67ae055637d767	review-behavior-versus-lifecycle-test	owning-lane+orchestrator	G-TEST	reverse-static-import-closure
tests/unit/test_alpaca_paper_order_view_runtime.py	d3b28a4dfdbc412f492154674a264fff9063363aaa66e1727d9da20d83a82310	review-behavior-versus-lifecycle-test	owning-lane+orchestrator	G-TEST	reverse-static-import-closure
tests/unit/test_alpaca_paper_order_view_supervisor.py	102d3eec53fd849fb309f25d8ce7d355b91a90e26d986f53409ae30cc5730ae2	review-behavior-versus-lifecycle-test	owning-lane+orchestrator	G-TEST	reverse-static-import-closure
tests/unit/test_alpaca_paper_order_view_transition.py	4efb01723982d7f8faab39d00f97436246d5a66e14e9b14ed37bf9b90f1e7342	review-behavior-versus-lifecycle-test	owning-lane+orchestrator	G-TEST	reverse-static-import-closure
tests/unit/test_alpaca_paper_position_snapshot_comparison.py	e54b3bef320a4114ba78222311ecf3cb20b51a662120c070ba35dbbb9dc22542	review-behavior-versus-lifecycle-test	owning-lane+orchestrator	G-TEST	reverse-static-import-closure
tests/unit/test_alpaca_paper_position_snapshot_comparison_application.py	d50bfeaac0d17a764ae631358a17a4e9cce551c084a6a277cc1b2f1da921c160	review-behavior-versus-lifecycle-test	owning-lane+orchestrator	G-TEST	reverse-static-import-closure
tests/unit/test_alpaca_paper_position_snapshot_runtime.py	21e4b294bff16dd4a3a1d6130118af89b0269f452a28d204e3af3dcfc16576f5	review-behavior-versus-lifecycle-test	owning-lane+orchestrator	G-TEST	reverse-static-import-closure
tests/unit/test_alpaca_paper_position_view_runtime.py	67bc811fbc186e205e0568ac74bc90aa15a4a30f74456f5d7c01a3d2709b0130	review-behavior-versus-lifecycle-test	owning-lane+orchestrator	G-TEST	reverse-static-import-closure
tests/unit/test_alpaca_paper_position_view_supervisor.py	3bc418dcc0f9b5a800eeb8f87839655968302c3c6ffdcdc638794b5724e16906	review-behavior-versus-lifecycle-test	owning-lane+orchestrator	G-TEST	reverse-static-import-closure
tests/unit/test_alpaca_paper_position_view_transition.py	60028ff590957a4b83a5c60dc04eea467b43764187e912095e3681896ec39fbe	review-behavior-versus-lifecycle-test	owning-lane+orchestrator	G-TEST	reverse-static-import-closure
tests/unit/test_alpaca_paper_positions.py	d76c2777e7886fdbde3d9d78131c8231a9cb5b31071daafcb04cab3e48519adc	review-behavior-versus-lifecycle-test	owning-lane+orchestrator	G-TEST	reverse-static-import-closure
tests/unit/test_alpaca_paper_preflight.py	5423d884a669c21e96d469d31419bc03458afa437410fdbef7dd6defd4746fd7	review-behavior-versus-lifecycle-test	owning-lane+orchestrator	G-TEST	reverse-static-import-closure
tests/unit/test_alpaca_paper_reconciliation_normalization.py	ac3c30644d7d10406384cb3d88ebb9beb79a043326fae65e9ec23aa634bfa032	review-behavior-versus-lifecycle-test	owning-lane+orchestrator	G-TEST	reverse-static-import-closure
tests/unit/test_alpaca_paper_unknown_recovery.py	57eb4c288a9eec7fe68fbc1ff7f71d832821755b5848f2d242fb62c80617835f	review-behavior-versus-lifecycle-test	owning-lane+orchestrator	G-TEST	reverse-static-import-closure
tests/unit/test_alpaca_paper_unknown_recovery_pipeline.py	9e8636dcbc062aa954d063bd686da93606c9e077d5d61022531f832e390c7f15	review-behavior-versus-lifecycle-test	owning-lane+orchestrator	G-TEST	reverse-static-import-closure
tests/unit/test_api_contract_generator.py	a0a62fc4866bdf55629568793a67111b9478a45be080762057a5bd28613b80aa	review-behavior-versus-lifecycle-test	owning-lane+orchestrator	G-TEST	reverse-static-import-closure
tests/unit/test_batch_risk.py	4e0ecae69993a6bcd4176edc9e9f315fd8332ed45cf3dcc1d2a63c233fb3c202	review-behavior-versus-lifecycle-test	owning-lane+orchestrator	G-TEST	reverse-static-import-closure
tests/unit/test_bind_alpaca_paper_account.py	5b853880d7ba1dd238700f62b3b8f150cc8dad559cecf8e8eb592bae6739de07	review-behavior-versus-lifecycle-test	owning-lane+orchestrator	G-TEST	reverse-static-import-closure
tests/unit/test_broker_ingress.py	ba2416b86f42bdcedb37d4511859162ff4304af62fb9cf379999e375a0678734	review-behavior-versus-lifecycle-test	owning-lane+orchestrator	G-TEST	reverse-static-import-closure
tests/unit/test_canonical.py	196375113d7abdae179228ab88213ce7ab49b9e0827c9afed1b05e11bef13448	review-behavior-versus-lifecycle-test	owning-lane+orchestrator	G-TEST	reverse-static-import-closure
tests/unit/test_chrony_nts.py	27a2b76167789fb313ffaa23c175eb7d21204b0d72fd278987cc30b347acb62e	review-behavior-versus-lifecycle-test	owning-lane+orchestrator	G-TEST	lexical-or-native-seed
tests/unit/test_config.py	8f8bf93835502772d780c216801c6fd8a5105e7ef32143ee98ed13f467fabd4d	review-behavior-versus-lifecycle-test	owning-lane+orchestrator	G-TEST	reverse-static-import-closure
tests/unit/test_corporate_action_ledger.py	b7db00554be06d56ca6d5ab55d07fc421dc912dd6c203b239f56e881695d0095	review-behavior-versus-lifecycle-test	owning-lane+orchestrator	G-TEST	reverse-static-import-closure
tests/unit/test_critical_alert_atomic_worker.py	3e3a465e09e39a82702f8f631833826d72b2dbed96807b94175aba67051c7f03	review-behavior-versus-lifecycle-test	owning-lane+orchestrator	G-TEST	reverse-static-import-closure
tests/unit/test_critical_alert_scheduler.py	47dd4e51638f8eab4e93f871259360db99461cbc8752fa2256678d4d2df63c95	review-behavior-versus-lifecycle-test	owning-lane+orchestrator	G-TEST	reverse-static-import-closure
tests/unit/test_critical_alert_supervisor_failure_control.py	471266c2bedd0dfcfb115c1e2d7be8d9ff49178bbb8b11fe88832c9c5762f4a1	review-behavior-versus-lifecycle-test	owning-lane+orchestrator	G-TEST	reverse-static-import-closure
tests/unit/test_diagnose_trusted_time_runtime.py	623b86e9eae7069351467ea103b8e377c7177088cfa32e4c184c0c8ac55d7bd2	review-behavior-versus-lifecycle-test	owning-lane+orchestrator	G-TEST	lexical-or-native-seed
tests/unit/test_durable_supervised_strategy.py	9692cde161f9448911140ee148c71e6f67739226915dbb24d9ee44f1a60d6c89	review-behavior-versus-lifecycle-test	owning-lane+orchestrator	G-TEST	reverse-static-import-closure
tests/unit/test_durable_trusted_time_monitor.py	fee89e49d0c5dfbe5fe750e652088ffed61c6794cc17bc53c9f167d3e24daea6	review-behavior-versus-lifecycle-test	owning-lane+orchestrator	G-TEST	lexical-or-native-seed
tests/unit/test_ed25519_graceful_stop_operator_attestation.py	77a809a0b4eb130ff77945ce2d12d570310cdd98d1b2d3f9fbf0ac243f4d8a83	review-behavior-versus-lifecycle-test	owning-lane+orchestrator	G-TEST	lexical-or-native-seed
tests/unit/test_ed25519_operator_attestation.py	6c90f623e412857c6e98019ef98e92069e165e31ac7c1120030f13b367e012c3	review-behavior-versus-lifecycle-test	owning-lane+orchestrator	G-TEST	lexical-or-native-seed
tests/unit/test_ed25519_trusted_time_anchor.py	11bf8f4bdaf9427f86f2d198c2cee77f5cad51c3e79ba9c4cda1ddb33a5a8e88	review-behavior-versus-lifecycle-test	owning-lane+orchestrator	G-TEST	lexical-or-native-seed
tests/unit/test_enroll_trusted_time_head_anchor.py	7a86e6f124f9b38631d0ea8a01880f88084346cb5f202a1bf7052538f520da1d	review-behavior-versus-lifecycle-test	owning-lane+orchestrator	G-TEST	lexical-or-native-seed
tests/unit/test_etrade.py	8ad9007b5ceabe05cb44f71da320f823759796065766915fc1e8a0709e927743	review-behavior-versus-lifecycle-test	owning-lane+orchestrator	G-TEST	reverse-static-import-closure
tests/unit/test_etrade_accounts.py	24f7bd65aab7dc04d69f6cdaacaf76b51cf538769eb95516e8bf32940cbe8d5a	review-behavior-versus-lifecycle-test	owning-lane+orchestrator	G-TEST	reverse-static-import-closure
tests/unit/test_etrade_oauth.py	12b752c1b6046f5aa07ce47f944f89d2e7dbea22a6a7ffeb06e9911fd3437be0	review-behavior-versus-lifecycle-test	owning-lane+orchestrator	G-TEST	lexical-or-native-seed
tests/unit/test_etrade_oauth_token_runtime.py	22de32fe62963c7212b880bc62b9f8eb27d0afcf615c9a5e5edf81ffea5c12e9	review-behavior-versus-lifecycle-test	owning-lane+orchestrator	G-TEST	lexical-or-native-seed
tests/unit/test_experiment_governance.py	f08872af8fefc32175a45c2d6c2bf8923d2e2651201228887b362ef414cd1c87	review-behavior-versus-lifecycle-test	owning-lane+orchestrator	G-TEST	reverse-static-import-closure
tests/unit/test_feature_replay.py	de1f9a4a5966d57ae3c4caa822a10939cf02a5f490dbc07b265abd7fca46adb7	review-behavior-versus-lifecycle-test	owning-lane+orchestrator	G-TEST	reverse-static-import-closure
tests/unit/test_feature_target_replay.py	636f9b188486420ae372bf22f6e9182f6ee292f15bbd3908d2f4f7b67e6ec388	review-behavior-versus-lifecycle-test	owning-lane+orchestrator	G-TEST	reverse-static-import-closure
tests/unit/test_fixture_segment_economics.py	fd801cc3b762f551f343bb4511662d4726e923e1abedb242c2aa0cbda6183f4e	review-behavior-versus-lifecycle-test	owning-lane+orchestrator	G-TEST	lexical-or-native-seed
tests/unit/test_fixture_segment_worker.py	c3c6ed5a4d0fbae5985842cb910db66d67c3ce107548248d65cefab74beda2b4	review-behavior-versus-lifecycle-test	owning-lane+orchestrator	G-TEST	reverse-static-import-closure
tests/unit/test_generate_trusted_time_anchor_artifacts.py	2ab0836fc8201ffc5ad6612de0fc742db6fd5b92e83b1032c094bad1caa53ae8	review-behavior-versus-lifecycle-test	owning-lane+orchestrator	G-TEST	lexical-or-native-seed
tests/unit/test_golden_runner.py	3642e5621dcf4a696987a898b20f983a3bc09be542661f5f3204d25f71c6ec7e	review-behavior-versus-lifecycle-test	owning-lane+orchestrator	G-TEST	reverse-static-import-closure
tests/unit/test_inspect_trusted_time_qualification.py	14478d373bfad70cd8002b3aa30e9cf84a9e9627931c94441b4fa35dbc7515f0	review-behavior-versus-lifecycle-test	owning-lane+orchestrator	G-TEST	lexical-or-native-seed
tests/unit/test_ledger_reducer.py	7029f8b99dd06ce79d4107142147d5705637dbec671e9d8ea7da9a80bd638f4c	review-behavior-versus-lifecycle-test	owning-lane+orchestrator	G-TEST	reverse-static-import-closure
tests/unit/test_local_paper_smoke_preflight.py	3f8153b3cd040adc15bfc2db512e020f0f750e0152d2a81db1077adfa6f779a0	review-behavior-versus-lifecycle-test	owning-lane+orchestrator	G-TEST	reverse-static-import-closure
tests/unit/test_migrate_phase6_trusted_time_head_anchors.py	34958c9a804b03c0ba54b31a5430ab11c9cbfc07a07d29b8246cf6baab533793	review-behavior-versus-lifecycle-test	owning-lane+orchestrator	G-TEST	lexical-or-native-seed
tests/unit/test_migrate_phase6_trusted_time_uncertainty.py	fd14c9e60fdc06eae8329e6c542e5e05e70712857f64988ee7ca5f0f46fa8bac	review-behavior-versus-lifecycle-test	owning-lane+orchestrator	G-TEST	lexical-or-native-seed
tests/unit/test_native_admission_launcher.py	8f705dadba8c39cda3e1e0cb289498ed22daa7ae20dee141e619a1cd4206174b	review-behavior-versus-lifecycle-test	owning-lane+orchestrator	G-TEST	lexical-or-native-seed
tests/unit/test_native_bounded_process.py	6761bda65d5c1dc9d31260fd3243c8a266c613aa5ec697bbb3105459264beb07	review-behavior-versus-lifecycle-test	owning-lane+orchestrator	G-TEST	lexical-or-native-seed
tests/unit/test_native_owned_file_descriptor.py	3469cb2c14f0be4cd3eb1ff90429e2c03bd70b499cb5f7ef09fcb7cf5f6fecd0	review-behavior-versus-lifecycle-test	owning-lane+orchestrator	G-TEST	lexical-or-native-seed
tests/unit/test_no_exposure_smoke_strategy.py	ee36cf19c5e782b0b363c35b38a35d74e6dcf648cc5f256cadbff2579c7f5a01	review-behavior-versus-lifecycle-test	owning-lane+orchestrator	G-TEST	reverse-static-import-closure
tests/unit/test_operational_control.py	1a87d01af6946e03b28d53c1aa442779b5faa53b5f6ecc48fe1146a8fd78013b	review-behavior-versus-lifecycle-test	owning-lane+orchestrator	G-TEST	reverse-static-import-closure
tests/unit/test_operational_drill.py	4d94350306f1209f14c696476cd491bdc5d5d1b5fd4b397f33feb06218c7354d	review-behavior-versus-lifecycle-test	owning-lane+orchestrator	G-TEST	reverse-static-import-closure
tests/unit/test_operational_rearm.py	544f8fe6003e20424e72b9a70f40c226cdc261a978c0ea0e3920173a73e2c6d5	review-behavior-versus-lifecycle-test	owning-lane+orchestrator	G-TEST	reverse-static-import-closure
tests/unit/test_operations_dashboard_views.py	2e8f18b79a3d1b30bc3e4e7f377a3a669d654d3c912f89899a6f622dbfcb66d1	review-behavior-versus-lifecycle-test	owning-lane+orchestrator	G-TEST	reverse-static-import-closure
tests/unit/test_order_reducer.py	9768c3defc4fd29fb8fbba43109b2052f20051032c6192d8a6188f9c38dc1d8d	review-behavior-versus-lifecycle-test	owning-lane+orchestrator	G-TEST	reverse-static-import-closure
tests/unit/test_paper_account_enrollment.py	0509b7b9ebf46ee622cf5a1747c6063d122a3f91bde5dc99fe32948ddf036283	review-behavior-versus-lifecycle-test	owning-lane+orchestrator	G-TEST	reverse-static-import-closure
tests/unit/test_paper_deployment.py	6366a55161ffd561c2845729e9f83225c67ae2cde27be195d745bad732853822	review-behavior-versus-lifecycle-test	owning-lane+orchestrator	G-TEST	lexical-or-native-seed
tests/unit/test_parquet_store.py	acf7da9572ac531b70f6db3c798c3616abf6a09483abf877750347e8f1dfd571	review-behavior-versus-lifecycle-test	owning-lane+orchestrator	G-TEST	reverse-static-import-closure
tests/unit/test_portfolio_intent_batches.py	c846aa81701910949fda9f08cac206bf1f77edd6b5bbd7c26cd60cae33c786c6	review-behavior-versus-lifecycle-test	owning-lane+orchestrator	G-TEST	reverse-static-import-closure
tests/unit/test_postgres_tls.py	b0aaa22855c3c4293265d98fdba435e0ee366291f784996bb7fb1ddec393e5f8	review-behavior-versus-lifecycle-test	owning-lane+orchestrator	G-TEST	reverse-static-import-closure
tests/unit/test_prove_trusted_time_anchor_storage.py	6c24e2a73495f86f47af43235449ded2f1e75669a36d2ac81f48134fa5efd345	review-behavior-versus-lifecycle-test	owning-lane+orchestrator	G-TEST	lexical-or-native-seed
tests/unit/test_provision_trusted_time_anchor_project.py	e8907632cc45dfbba75bce3adbc2b2506a75cecbf2aa316f3ef5783234657684	review-behavior-versus-lifecycle-test	owning-lane+orchestrator	G-TEST	lexical-or-native-seed
tests/unit/test_provision_trusted_time_post_enrollment_graceful_stop_operator_authority.py	870293a63ef67afb00acb5d59e14573a0b845818eb1d88e2eccf4158457e3a2d	review-behavior-versus-lifecycle-test	owning-lane+orchestrator	G-TEST	lexical-or-native-seed
tests/unit/test_provision_trusted_time_post_enrollment_operator_authority.py	6f8cbd3539e53d2a22a865d9fd0f1d754fd67eb3736ba55660eac43e5d35180d	review-behavior-versus-lifecycle-test	owning-lane+orchestrator	G-TEST	lexical-or-native-seed
tests/unit/test_replay.py	6236acb935df8ddf2a1cf354f9f621921c6db2a017e98c61a3f122023b040bf0	review-behavior-versus-lifecycle-test	owning-lane+orchestrator	G-TEST	reverse-static-import-closure
tests/unit/test_replay_manifest.py	aad1cbc459e2a1bc804b9d35be482eff1dbe17cd15132062b8d8029ce490aa35	review-behavior-versus-lifecycle-test	owning-lane+orchestrator	G-TEST	reverse-static-import-closure
tests/unit/test_reservation_lifecycle.py	d5d81b3c005be9761306edc42b9844e6a7716b7d1d6649b9d19aa2935f96d12e	review-behavior-versus-lifecycle-test	owning-lane+orchestrator	G-TEST	reverse-static-import-closure
tests/unit/test_risk_and_execution.py	7bc1618bea05e1c00696ae60826efefc7d675a25a42927a57ae499f3396b8c4d	review-behavior-versus-lifecycle-test	owning-lane+orchestrator	G-TEST	reverse-static-import-closure
tests/unit/test_runtime_stub.py	904f25cc2f819516842fe521d14ad1df9f0fd351207492ec53e0ea050ff4c5a4	review-behavior-versus-lifecycle-test	owning-lane+orchestrator	G-TEST	reverse-static-import-closure
tests/unit/test_settlement_ledger.py	b7cd9ceb5321c9df6ce1d994e9307cf39bc57dfe61c09c3f80fd2ad42a745e7a	review-behavior-versus-lifecycle-test	owning-lane+orchestrator	G-TEST	reverse-static-import-closure
tests/unit/test_simulated_broker.py	92964facd82fb493b6a51a82fe62f28d3bcc9980273e26f318d10594964ecccb	review-behavior-versus-lifecycle-test	owning-lane+orchestrator	G-TEST	reverse-static-import-closure
tests/unit/test_simulation_horizon.py	594f9b1de74c1d3cbe55922a224b1f53b4e7fc9da59481128efe2b26e22c6047	review-behavior-versus-lifecycle-test	owning-lane+orchestrator	G-TEST	reverse-static-import-closure
tests/unit/test_start_trusted_time_supervisor.py	72226cd5b44bcc9193e3308380196bc875fd840cad1bee729b8622b2f8c8c7f8	review-behavior-versus-lifecycle-test	owning-lane+orchestrator	G-TEST	lexical-or-native-seed
tests/unit/test_strategy_replay.py	d6243e004856b734acd4f104d9ae5fc4649b67cc48342d895b6fbb0738c833d7	review-behavior-versus-lifecycle-test	owning-lane+orchestrator	G-TEST	reverse-static-import-closure
tests/unit/test_strategy_supervision.py	74d657e6f4be0ba69e5cf34320168c15a892628d7eee094dc3fd11e28611ba81	review-behavior-versus-lifecycle-test	owning-lane+orchestrator	G-TEST	reverse-static-import-closure
tests/unit/test_strategy_supervision_alert.py	8903dc627d2ed9f1a19d2282454e35bdb4cb4837692ae0c89cc8661d38341f34	review-behavior-versus-lifecycle-test	owning-lane+orchestrator	G-TEST	reverse-static-import-closure
tests/unit/test_strategy_supervision_control.py	09548123a7b95b3414586b36f0731e97e046c28f2b43164672a03b0c3e37ae4e	review-behavior-versus-lifecycle-test	owning-lane+orchestrator	G-TEST	reverse-static-import-closure
tests/unit/test_submission_attempt.py	027672f17bbe1bf6e3ae84c4eb3fbae6ec5578bf233ecac0c979f489998416be	review-behavior-versus-lifecycle-test	owning-lane+orchestrator	G-TEST	reverse-static-import-closure
tests/unit/test_supabase_storage_anchor.py	cb4931606a57de5436f6765fafd213215842b4e5e7e94308aa04a57fb3f62473	review-behavior-versus-lifecycle-test	owning-lane+orchestrator	G-TEST	lexical-or-native-seed
tests/unit/test_supervised_strategy.py	6a12e97da332293d1962702d85e659d2b9b530d715cb08e4ac42dd91c2d6b4db	review-behavior-versus-lifecycle-test	owning-lane+orchestrator	G-TEST	reverse-static-import-closure
tests/unit/test_trader_paper_preflight.py	3856366a35fba92ae20415b5be8f5a8624a3f94bf019ce1e9844e02e0b848e09	review-behavior-versus-lifecycle-test	owning-lane+orchestrator	G-TEST	reverse-static-import-closure
tests/unit/test_trusted_time.py	33be291f762a7851f84d1118b97e5fcb7734857e30dd8bed0340e955de99d470	review-behavior-versus-lifecycle-test	owning-lane+orchestrator	G-TEST	lexical-or-native-seed
tests/unit/test_trusted_time_enrollment_evidence.py	e8fb58f05b786bf86c943b60cac2536002dcdaf72df7f96c3d56a84cf9026c4f	review-behavior-versus-lifecycle-test	owning-lane+orchestrator	G-TEST	lexical-or-native-seed
tests/unit/test_trusted_time_first_enrollment.py	8452e423f14972f96ebaf6862932500e636b3b59a0c0c59b74decd2d3c2aa043	review-behavior-versus-lifecycle-test	owning-lane+orchestrator	G-TEST	lexical-or-native-seed
tests/unit/test_trusted_time_graceful_stop_v2.py	3a369799e7a016a4b41a6446650ccd235d28929c24ff85a5b357eca0205a8fea	review-behavior-versus-lifecycle-test	owning-lane+orchestrator	G-TEST	lexical-or-native-seed
tests/unit/test_trusted_time_graceful_stop_v2_docker_evidence.py	9474ddc26a7ad66f2b91b1eb5855ad604e3e4863c89c64d3e0cb54819248b547	review-behavior-versus-lifecycle-test	owning-lane+orchestrator	G-TEST	lexical-or-native-seed
tests/unit/test_trusted_time_graceful_stop_v2_lifecycle_semantics.py	2b8857708f866c70ac8abaa823b00f2966785b0d10b647ec5abd290fb91254ba	review-behavior-versus-lifecycle-test	owning-lane+orchestrator	G-TEST	lexical-or-native-seed
tests/unit/test_trusted_time_graceful_stop_v2_outcome_recovery.py	c0743e03b621d1afb9737a487492e1c95bdc9b14b361c8de5039edf42e0140a4	review-behavior-versus-lifecycle-test	owning-lane+orchestrator	G-TEST	lexical-or-native-seed
tests/unit/test_trusted_time_graceful_stop_v2_physical_store.py	0c414afd346aeb0262303b61146fa0e28e9de9769e5d636dda2aaf4f6e54ae9f	review-behavior-versus-lifecycle-test	owning-lane+orchestrator	G-TEST	lexical-or-native-seed
tests/unit/test_trusted_time_graceful_stop_v2_reauthentication_bindings.py	85a08d836196376b3ea3d684e98034dba46d27f0a3efab81432ca27cec29ead8	review-behavior-versus-lifecycle-test	owning-lane+orchestrator	G-TEST	lexical-or-native-seed
tests/unit/test_trusted_time_graceful_stop_v2_runtime_seal_preseed.py	ebd433467666e0910363ad14747505a41004795c7b3b8a6d4f0cc6c7d4799ce4	review-behavior-versus-lifecycle-test	owning-lane+orchestrator	G-TEST	lexical-or-native-seed
tests/unit/test_trusted_time_graceful_stop_v2_terminal_hardening.py	2384d5f28f589168959ca848503b1798bfbb994a1d63fae9b3b70790f5ce98f3	review-behavior-versus-lifecycle-test	owning-lane+orchestrator	G-TEST	lexical-or-native-seed
tests/unit/test_trusted_time_graceful_stop_v2_transport_contracts.py	268d5e15b4bf50411022465611748b6b3ef4d886ad9b78e5f4b54e43f1ab1fe4	review-behavior-versus-lifecycle-test	owning-lane+orchestrator	G-TEST	lexical-or-native-seed
tests/unit/test_trusted_time_head_anchor.py	2aeef97af6b1bb9417ecbdf15dd342ebb62370f4f5269663d3c63ca8eeb628aa	review-behavior-versus-lifecycle-test	owning-lane+orchestrator	G-TEST	lexical-or-native-seed
tests/unit/test_trusted_time_head_anchor_attempt.py	2c41aa91eaf9d3cdcbfd76cad932e8ee6d752457d03b4f843afab3dfd8a14a96	review-behavior-versus-lifecycle-test	owning-lane+orchestrator	G-TEST	lexical-or-native-seed
tests/unit/test_trusted_time_head_anchor_clean_stop.py	bcab4b85210df25241257176e07fdaea499caa80eb92061ecbd5bdcad735d076	review-behavior-versus-lifecycle-test	owning-lane+orchestrator	G-TEST	lexical-or-native-seed
tests/unit/test_trusted_time_head_anchor_clean_stop_supervisor_bridge.py	bbbdadb02e0b505aa09fac8b610e422b21990eefbbc378bbe3b5fb24f64464e9	review-behavior-versus-lifecycle-test	owning-lane+orchestrator	G-TEST	lexical-or-native-seed
tests/unit/test_trusted_time_head_anchor_config.py	4aed1719b619f3dfb432be82272f69b17421563ff09dee5a2bc08b3ede513786	review-behavior-versus-lifecycle-test	owning-lane+orchestrator	G-TEST	lexical-or-native-seed
tests/unit/test_trusted_time_head_anchor_worker.py	475936927ae2c1a5f8a539e1b2d39c5ed1e685e5e8a98018458bdee38d22fa04	review-behavior-versus-lifecycle-test	owning-lane+orchestrator	G-TEST	lexical-or-native-seed
tests/unit/test_trusted_time_make_contract.py	335e4c6718a92cfe914d7dce26f48d83c4d5e6b7dba528e72dcbb2175189ebb3	review-behavior-versus-lifecycle-test	owning-lane+orchestrator	G-TEST	lexical-or-native-seed
tests/unit/test_trusted_time_monitor.py	788f8828b0ad1e9d0d71fc2110d0c55652e563a21021f71b0a9aeadfa274e164	review-behavior-versus-lifecycle-test	owning-lane+orchestrator	G-TEST	lexical-or-native-seed
tests/unit/test_trusted_time_post_enrollment_action_topology_fence.py	b5e77475b36fdd58d5123af5412650a0d4e9dbbedd5c0b752a848d690fc89cf8	review-behavior-versus-lifecycle-test	owning-lane+orchestrator	G-TEST	lexical-or-native-seed
tests/unit/test_trusted_time_post_enrollment_active_controller.py	3a0f5408eec57332ee10e3c67ef3c214b76750a30f52b376a713ae8f2cf76d53	review-behavior-versus-lifecycle-test	owning-lane+orchestrator	G-TEST	lexical-or-native-seed
tests/unit/test_trusted_time_post_enrollment_active_controller_admission.py	c737001dbc7e6bf85c7ee56e0bcced5402f4ed8ca65483b6daaf2c1f4cf73fce	review-behavior-versus-lifecycle-test	owning-lane+orchestrator	G-TEST	lexical-or-native-seed
tests/unit/test_trusted_time_post_enrollment_claim_persistence.py	55429f5a671ba34f5d4bebafdb470c3173cacf731453feb561563bdea3ed6ac9	review-behavior-versus-lifecycle-test	owning-lane+orchestrator	G-TEST	lexical-or-native-seed
tests/unit/test_trusted_time_post_enrollment_claimed_fence.py	830ab190e877d870d57d9bb02980ee865cbc726a2479d76c6f7a29510a9b5f4a	review-behavior-versus-lifecycle-test	owning-lane+orchestrator	G-TEST	lexical-or-native-seed
tests/unit/test_trusted_time_post_enrollment_clean_stop_terminal_reauthentication.py	1da91a4e120c675dfd6bdb996a13f2c19b745c54036036896299dd091495d90a	review-behavior-versus-lifecycle-test	owning-lane+orchestrator	G-TEST	lexical-or-native-seed
tests/unit/test_trusted_time_post_enrollment_controller_outcome.py	c3817c13ac3efd25cb3633f8c0e209a37f9921ba7c0670c5729cfee9fb65691d	review-behavior-versus-lifecycle-test	owning-lane+orchestrator	G-TEST	lexical-or-native-seed
tests/unit/test_trusted_time_post_enrollment_execution_admission.py	c055acfa7379a62fb32f89e99ac630b9e619ba592a3e3ce82de397f1eb47619e	review-behavior-versus-lifecycle-test	owning-lane+orchestrator	G-TEST	lexical-or-native-seed
tests/unit/test_trusted_time_post_enrollment_graceful_stop.py	25144b6f1a080c206d64dcfd283e151fcf1943905999cd296253d003be2af320	review-behavior-versus-lifecycle-test	owning-lane+orchestrator	G-TEST	lexical-or-native-seed
tests/unit/test_trusted_time_post_enrollment_graceful_stop_decision_artifacts.py	357c482a25767483fd157f938c8be60b97589cd73ad06104dbdf176420e9d27d	review-behavior-versus-lifecycle-test	owning-lane+orchestrator	G-TEST	lexical-or-native-seed
tests/unit/test_trusted_time_post_enrollment_graceful_stop_lifecycle.py	6686135a334570794c8a6685689ad98fe4fe23bc20bb2d831d3e90f9706b3618	review-behavior-versus-lifecycle-test	owning-lane+orchestrator	G-TEST	lexical-or-native-seed
tests/unit/test_trusted_time_post_enrollment_graceful_stop_operator_attestation.py	b8e34c16c7c4a289d6fe8810ee170189164577753317b444d4bd69f730d23422	review-behavior-versus-lifecycle-test	owning-lane+orchestrator	G-TEST	lexical-or-native-seed
tests/unit/test_trusted_time_post_enrollment_graceful_stop_operator_attestation_artifacts.py	50062465df4d19d2cd4c7946d4328568f9558f9bc69a1a8b37132f0b7cc67501	review-behavior-versus-lifecycle-test	owning-lane+orchestrator	G-TEST	lexical-or-native-seed
tests/unit/test_trusted_time_post_enrollment_graceful_stop_operator_authority.py	79ca7118d6626ecc538c460c66ae1debd2416254af71e00aad2aaad3e20e74da	review-behavior-versus-lifecycle-test	owning-lane+orchestrator	G-TEST	lexical-or-native-seed
tests/unit/test_trusted_time_post_enrollment_graceful_stop_supervisor_bridge.py	9f5cf0ba0d1b8155d56e7e0363d2ed5ece4629192e07d7e38c9f7fd16a4e5599	review-behavior-versus-lifecycle-test	owning-lane+orchestrator	G-TEST	lexical-or-native-seed
tests/unit/test_trusted_time_post_enrollment_graceful_stop_supervisor_bridge_receipt_reauthentication.py	f398d80b2c2c10deddf8da75cf374f01821d980c2ad0c671e56804e1d8bf4cb0	review-behavior-versus-lifecycle-test	owning-lane+orchestrator	G-TEST	lexical-or-native-seed
tests/unit/test_trusted_time_post_enrollment_host_orchestrator.py	a2d5f4856a63f5269bb91c965feecababe91ff46afff26a4e3b79ac3f0a642ad	review-behavior-versus-lifecycle-test	owning-lane+orchestrator	G-TEST	lexical-or-native-seed
tests/unit/test_trusted_time_post_enrollment_operator_attestation.py	97456bc611ba8af8058e6917efb34f94fa832293fd626c36b1cd5cc89b983f3f	review-behavior-versus-lifecycle-test	owning-lane+orchestrator	G-TEST	lexical-or-native-seed
tests/unit/test_trusted_time_post_enrollment_operator_attestation_artifacts.py	1d4a089bdad622af5cdefab6583880909feefb0c2c100cf2ab9833d2af82dddb	review-behavior-versus-lifecycle-test	owning-lane+orchestrator	G-TEST	lexical-or-native-seed
tests/unit/test_trusted_time_post_enrollment_operator_authority.py	4762d4bf0e9348e8eaf61a190a1ee0a7ec15710864de2b947e607ea3503928f7	review-behavior-versus-lifecycle-test	owning-lane+orchestrator	G-TEST	lexical-or-native-seed
tests/unit/test_trusted_time_post_enrollment_persistent_topology.py	16c035dc40e6aca9ed5adc5e75358138c1e75d1ce04a4ccfb85bbf046f3b14f2	review-behavior-versus-lifecycle-test	owning-lane+orchestrator	G-TEST	lexical-or-native-seed
tests/unit/test_trusted_time_post_enrollment_recovery_outcome.py	16e4b14972c306083923bfb01374bf6556121b461abb9bc71bd29943c0056804	review-behavior-versus-lifecycle-test	owning-lane+orchestrator	G-TEST	lexical-or-native-seed
tests/unit/test_trusted_time_post_enrollment_release.py	a5335c917d08c493a30470bb8bacb0152f492939566409fc68208c7bf234f535	review-behavior-versus-lifecycle-test	owning-lane+orchestrator	G-TEST	lexical-or-native-seed
tests/unit/test_trusted_time_post_enrollment_runtime_state.py	91fbf8fbd49d6821863d483a01b07ca751e7c1060d2874d0b3b10d06eed5d5b4	review-behavior-versus-lifecycle-test	owning-lane+orchestrator	G-TEST	lexical-or-native-seed
tests/unit/test_trusted_time_post_enrollment_sequence_one_reauthentication.py	445a143a5a956d136bfbe22fccb0322c5768c3d213c200b73879891a6f98fc35	review-behavior-versus-lifecycle-test	owning-lane+orchestrator	G-TEST	lexical-or-native-seed
tests/unit/test_trusted_time_post_enrollment_sequence_two_ready.py	4768dbe9b5ffb89bf2139c56f7207b3ba4de22d379bea9f0556cdd7ace37998b	review-behavior-versus-lifecycle-test	owning-lane+orchestrator	G-TEST	lexical-or-native-seed
tests/unit/test_trusted_time_post_enrollment_sequence_two_verifier.py	31a8974b7451f97f37d6f95bccebf3f534117b50c5b04876f575ab941bbb9c4e	review-behavior-versus-lifecycle-test	owning-lane+orchestrator	G-TEST	lexical-or-native-seed
tests/unit/test_trusted_time_post_enrollment_shutdown_locator.py	c98bdb69a8e9e98f4c31ca76005d45cf0b4f48f517831a659aa92ce9bc461237	review-behavior-versus-lifecycle-test	owning-lane+orchestrator	G-TEST	lexical-or-native-seed
tests/unit/test_trusted_time_post_enrollment_staged_topology.py	bf1defd6c7db838b426a1e94d4ca95c4e88164537d5c672b9a0fe0c762f3c9b9	review-behavior-versus-lifecycle-test	owning-lane+orchestrator	G-TEST	lexical-or-native-seed
tests/unit/test_trusted_time_post_enrollment_staging.py	2ff92c7f2a26355464c81894eaf26954adcde7124b52c74d9647e3d53c707c4b	review-behavior-versus-lifecycle-test	owning-lane+orchestrator	G-TEST	lexical-or-native-seed
tests/unit/test_trusted_time_post_enrollment_start.py	cd0aa58c6f7a556b36516deb665dc975b366c3414143e6766066fa5db120f7bb	review-behavior-versus-lifecycle-test	owning-lane+orchestrator	G-TEST	lexical-or-native-seed
tests/unit/test_trusted_time_post_enrollment_topology.py	6e4b8b3af47a493073924c978bab291dfd9527020bf9a6462389213e3af13394	review-behavior-versus-lifecycle-test	owning-lane+orchestrator	G-TEST	lexical-or-native-seed
tests/unit/test_trusted_time_post_enrollment_topology_choreography_lease.py	b819ffe10c050033e5d70f5f5f91afa5d3f02e9d7ea01b1603210b993f125322	review-behavior-versus-lifecycle-test	owning-lane+orchestrator	G-TEST	lexical-or-native-seed
tests/unit/test_trusted_time_post_enrollment_topology_cursor_security.py	9ec063ed77669b1a28ce6ccfb94f082091e60956293e66375fbb46ef1afc5eb5	review-behavior-versus-lifecycle-test	owning-lane+orchestrator	G-TEST	lexical-or-native-seed
tests/unit/test_trusted_time_post_enrollment_topology_fence.py	a2ac7ff1bed8de436df4664ac619c31f177ca29d0fb3bbdd39f7698c012209a4	review-behavior-versus-lifecycle-test	owning-lane+orchestrator	G-TEST	lexical-or-native-seed
tests/unit/test_trusted_time_post_enrollment_topology_reader.py	aca8b8cc0d12c236f8b1cb1d54f4f7a61a37779e098853312cf51626bc27826d	review-behavior-versus-lifecycle-test	owning-lane+orchestrator	G-TEST	lexical-or-native-seed
tests/unit/test_trusted_time_supervisor.py	d1a8bbaddaba899753b600b072a1c4ad8bad489eaddc00f8d1e18cc46a4445cb	review-behavior-versus-lifecycle-test	owning-lane+orchestrator	G-TEST	lexical-or-native-seed
tests/unit/test_trusted_time_supervisor_config.py	9c6f3f58ca415ae56fc57b6ca61661de9994e214100b99e54a0d75fa2e5a5eaa	review-behavior-versus-lifecycle-test	owning-lane+orchestrator	G-TEST	lexical-or-native-seed
tests/unit/test_trusted_time_supervisor_main.py	1af5558126c110abde14e74e6b7b32957a61504e6ead51f835ccde60450f2e0c	review-behavior-versus-lifecycle-test	owning-lane+orchestrator	G-TEST	lexical-or-native-seed
tests/unit/test_trusted_time_supervisor_read_probes.py	adacafff5b05abb5ea0aedd51f0b0c04c178f505b74c15e613c06dd81ef9a7ac	review-behavior-versus-lifecycle-test	owning-lane+orchestrator	G-TEST	lexical-or-native-seed
tests/unit/test_trusted_time_v2_candidate_packaging.py	1702b15808b01fc6a251552f18467a9f712183aef20d3ec26892e2246e004962	review-behavior-versus-lifecycle-test	owning-lane+orchestrator	G-TEST	lexical-or-native-seed
tests/unit/test_trusted_time_v2_candidate_topology.py	814592516bf2511e980d4b397f04c6656f452b32948273cbef29a92bb1d96a0c	review-behavior-versus-lifecycle-test	owning-lane+orchestrator	G-TEST	lexical-or-native-seed
tests/unit/test_trusted_time_v2_descriptor_baseline.py	5fec6f4533e48205fa7cf3cc597c838fe123d34d64f23956c6d0c2577de8e3b7	review-behavior-versus-lifecycle-test	owning-lane+orchestrator	G-TEST	lexical-or-native-seed
tests/unit/test_trusted_time_v2_native_authority.py	d441a16ca1cbb731ba66642440860ae21307bbd535ebe7fec32a0fad62203ac6	review-behavior-versus-lifecycle-test	owning-lane+orchestrator	G-TEST	lexical-or-native-seed
tests/unit/test_trusted_time_v2_native_endpoint_resources.py	b0c1bb394b8c6a9fe2df51c10c26fccb5fca81f368ff4fe3ff0579213672a0fa	review-behavior-versus-lifecycle-test	owning-lane+orchestrator	G-TEST	lexical-or-native-seed
tests/unit/test_trusted_time_v2_native_guard_signer.py	419b314761e3311628885e1bd9b21bfbd27d0a510769a3d37fee60a1aa1e6d77	review-behavior-versus-lifecycle-test	owning-lane+orchestrator	G-TEST	lexical-or-native-seed
tests/unit/test_trusted_time_v2_profiles_provisioning.py	61f880d5b67593cf6250cce4463bc3cb6244e90024126b6ab8cf7b7652972b28	review-behavior-versus-lifecycle-test	owning-lane+orchestrator	G-TEST	lexical-or-native-seed
tests/unit/test_trusted_time_v2_provisioner_linux.py	7859647b394b6169254d760a5fc98a9a8e62355a7044f53e1091ade331405452	review-behavior-versus-lifecycle-test	owning-lane+orchestrator	G-TEST	lexical-or-native-seed
tests/unit/test_trusted_time_v2_seccomp.py	c054b907a09fd6eeaadc7fbd2392ae926f3740ecf84ebfe850767eb55e0fabef	review-behavior-versus-lifecycle-test	owning-lane+orchestrator	G-TEST	lexical-or-native-seed
tests/unit/test_trusted_time_v2_seccomp_manifests.py	a93b6557b9834cbc2548865f0d4a3e9be87978100b0c485c13bae59153528d48	review-behavior-versus-lifecycle-test	owning-lane+orchestrator	G-TEST	lexical-or-native-seed
tests/unit/test_trusted_time_watchdog.py	3ccf91910b33aa59fa483d175b4487bba14397f86b9fd846fe5a96fbc1115a6e	review-behavior-versus-lifecycle-test	owning-lane+orchestrator	G-TEST	lexical-or-native-seed
tests/unit/test_unknown_submission_recovery.py	2e0ca93c5790d0481d07140e68350aa00be0dce458cd366e658e1f0e8b11c73c	review-behavior-versus-lifecycle-test	owning-lane+orchestrator	G-TEST	reverse-static-import-closure
tests/unit/test_verify_trusted_time_compose.py	d99f2ae4138df7a00927d7bff60f870bededbf027999376e3a0f86fc39a72b1a	review-behavior-versus-lifecycle-test	owning-lane+orchestrator	G-TEST	lexical-or-native-seed
tests/unit/test_verify_trusted_time_images.py	a657ddb35a74fa294b4101649664658f6b7da7b89faf4e8108f181d0b8a904d6	review-behavior-versus-lifecycle-test	owning-lane+orchestrator	G-TEST	lexical-or-native-seed
tests/unit/test_walking_thread.py	d40aadeb1d31482cb34829f1debb54688c148986ae8f47be2e3a71b16fad2d28	review-behavior-versus-lifecycle-test	owning-lane+orchestrator	G-TEST	reverse-static-import-closure
tests/unit/test_wave5_architecture_boundaries.py	27b261e7580c35ae9c961a1e06e2f31f36aff1e81569a522d5809d0fb9585980	review-behavior-versus-lifecycle-test	owning-lane+orchestrator	G-TEST	lexical-or-native-seed
tests/unit/trusted_time_graceful_stop_v2_docker_fakes.py	f76d9e8929ef9de75736049c9abcabf858c4c8b2f7af08a32ccb163ad0ec72b4	review-behavior-versus-lifecycle-test	owning-lane+orchestrator	G-TEST	lexical-or-native-seed
tests/unit/trusted_time_graceful_stop_v2_fakes.py	34e54021dab17f4cc16b3991f8569678b6b6692a6f92ac3a4dc4845cb5509bea	review-behavior-versus-lifecycle-test	owning-lane+orchestrator	G-TEST	lexical-or-native-seed
third_party/monocypher/4.0.3/LICENCE.md	5f8360e4c06ddcc584bdb4b210c6af824c4bb301e6a9a521869b6d90795ca4b3	retire-personal-v1-prerequisite-after-replacement	W1-runtime+W5-operations	G-TIME+G-PROCESS+G-BUILD	lexical-or-native-seed
third_party/monocypher/4.0.3/VENDORING.json	f96337ababe34fa79c8ecd86d0a5ec56db0a575af1a8af11d8378fcec3c0b983	retire-personal-v1-prerequisite-after-replacement	W1-runtime+W5-operations	G-TIME+G-PROCESS+G-BUILD	lexical-or-native-seed
third_party/monocypher/4.0.3/src/monocypher.c	57eb914fc88136119bd41655cccb8c250048bf54d470540625186f8ab16f64be	retire-personal-v1-prerequisite-after-replacement	W1-runtime+W5-operations	G-TIME+G-PROCESS+G-BUILD	lexical-or-native-seed
third_party/monocypher/4.0.3/src/monocypher.h	c494da712122da7ff679fdcf318a5317e84972b6c950fe9d896212947797facd	retire-personal-v1-prerequisite-after-replacement	W1-runtime+W5-operations	G-TIME+G-PROCESS+G-BUILD	lexical-or-native-seed
third_party/monocypher/4.0.3/src/optional/monocypher-ed25519.c	60fce3578fb00b00da96490653d993c4cb427b1e1be38183285c66e04d22cc18	retire-personal-v1-prerequisite-after-replacement	W1-runtime+W5-operations	G-TIME+G-PROCESS+G-BUILD	lexical-or-native-seed
third_party/monocypher/4.0.3/src/optional/monocypher-ed25519.h	abc4fad381879f5c29176ebe014b9189956b3dfe0a3e36459b6990bc57212380	retire-personal-v1-prerequisite-after-replacement	W1-runtime+W5-operations	G-TIME+G-PROCESS+G-BUILD	lexical-or-native-seed
